timestamp,gpu_index,gpu_utilization,memory_used,memory_total
1788636300.6332738,0,0,135865,143771
1788636300.6332884,1,0,135865,143771
1788636300.6332958,2,0,136903,143771
1788636300.6333013,3,0,136903,143771
1788636301.7634864,0,51,135865,143771
1788636301.7635117,1,68,135865,143771
1788636301.763525,2,100,136903,143771
1788636301.7635367,3,100,136903,143771
1788636302.8701038,0,79,135865,143771
1788636302.8701186,1,77,135865,143771
1788636302.870126,2,100,136903,143771
1788636302.8701315,3,100,136903,143771
1788636303.9843838,0,49,135865,143771
1788636303.9844089,1,56,135865,143771
1788636303.9844217,2,100,136903,143771
1788636303.9844325,3,100,136903,143771
1788636305.1121721,0,85,135865,143771
1788636305.1121967,1,59,135865,143771
1788636305.1122103,2,100,136903,143771
1788636305.1122205,3,100,136903,143771
1788636306.2422774,0,80,135865,143771
1788636306.2423015,1,90,135865,143771
1788636306.242315,2,100,136903,143771
1788636306.2423265,3,100,136903,143771
1788636307.3750553,0,76,135865,143771
1788636307.3750803,1,85,135865,143771
1788636307.3750942,2,100,136903,143771
1788636307.3751042,3,100,136903,143771
1788636308.466251,0,75,135865,143771
1788636308.4662845,1,70,135865,143771
1788636308.4663062,2,100,136903,143771
1788636308.4663246,3,100,136903,143771
1788636309.5763211,0,66,135865,143771
1788636309.5763457,1,50,135865,143771
1788636309.5763595,2,100,136903,143771
1788636309.5763698,3,100,136903,143771
1788636310.7044926,0,92,135865,143771
1788636310.7045174,1,77,135865,143771
1788636310.7045305,2,100,136903,143771
1788636310.704541,3,100,136903,143771
1788636311.8342075,0,68,135865,143771
1788636311.8342326,1,68,135865,143771
1788636311.8342464,2,100,136903,143771
1788636311.8342562,3,100,136903,143771
1788636312.9679027,0,92,135865,143771
1788636312.9679275,1,92,135865,143771
1788636312.9679403,2,100,136903,143771
1788636312.967951,3,100,136903,143771
1788636314.0965087,0,90,135865,143771
1788636314.0965328,1,87,135865,143771
1788636314.0965464,2,100,136903,143771
1788636314.096557,3,100,136903,143771
1788636315.225126,0,58,135865,143771
1788636315.2251582,1,37,135865,143771
1788636315.225176,2,100,136903,143771
1788636315.2251897,3,100,136903,143771
1788636316.36021,0,89,135865,143771
1788636316.3602345,1,56,135865,143771
1788636316.3602486,2,100,136903,143771
1788636316.36026,3,100,136903,143771
1788636317.456208,0,89,135865,143771
1788636317.4562323,1,75,135865,143771
1788636317.4562447,2,100,136903,143771
1788636317.4562552,3,100,136903,143771
1788636318.5645123,0,22,135865,143771
1788636318.5645378,1,53,135865,143771
1788636318.5645509,2,100,136903,143771
1788636318.564561,3,100,136903,143771
1788636319.6959262,0,72,135865,143771
1788636319.6959505,1,83,135865,143771
1788636319.6959639,2,100,136903,143771
1788636319.6959743,3,100,136903,143771
1788636320.8261833,0,86,135865,143771
1788636320.826209,1,96,135865,143771
1788636320.8262227,2,100,136903,143771
1788636320.8262336,3,100,136903,143771
1788636321.9562619,0,64,135865,143771
1788636321.9562888,1,31,135865,143771
1788636321.956302,2,100,136903,143771
1788636321.9563124,3,100,136903,143771
1788636323.084702,0,62,135865,143771
1788636323.0847259,1,61,135865,143771
1788636323.0847397,2,100,136903,143771
1788636323.08475,3,100,136903,143771
1788636324.2148209,0,76,135865,143771
1788636324.214846,1,57,135865,143771
1788636324.2148585,2,100,136903,143771
1788636324.2148697,3,100,136903,143771
1788636325.3468397,0,61,135865,143771
1788636325.3468642,1,12,135865,143771
1788636325.346877,2,100,136903,143771
1788636325.346887,3,100,136903,143771
1788636326.461924,0,81,135865,143771
1788636326.4619493,1,87,135865,143771
1788636326.4619632,2,100,136903,143771
1788636326.4619734,3,100,136903,143771
1788636327.5980155,0,69,135865,143771
1788636327.5980406,1,35,135865,143771
1788636327.5980544,2,100,136903,143771
1788636327.5980644,3,100,136903,143771
1788636328.7316167,0,69,135865,143771
1788636328.7316432,1,89,135865,143771
1788636328.731657,2,100,136903,143771
1788636328.7316675,3,100,136903,143771
1788636329.858579,0,71,135865,143771
1788636329.8586023,1,73,135865,143771
1788636329.8586159,2,100,136903,143771
1788636329.858627,3,100,136903,143771
1788636330.9870234,0,47,135865,143771
1788636330.9870508,1,80,135865,143771
1788636330.987064,2,100,136903,143771
1788636330.9870749,3,100,136903,143771
1788636332.1143441,0,69,135865,143771
1788636332.1143687,1,51,135865,143771
1788636332.1143818,2,100,136903,143771
1788636332.114392,3,100,136903,143771
1788636333.2423441,0,0,135865,143771
1788636333.242368,1,0,135865,143771
1788636333.2423804,2,100,136903,143771
1788636333.2423909,3,100,136903,143771
1788636334.3313916,0,0,135865,143771
1788636334.3314154,1,0,135865,143771
1788636334.3314278,2,100,136903,143771
1788636334.331438,3,100,136903,143771
1788636335.4584563,0,0,135865,143771
1788636335.4584808,1,0,135865,143771
1788636335.458494,2,100,136903,143771
1788636335.458505,3,100,136903,143771
1788636336.5812836,0,0,135865,143771
1788636336.581309,1,0,135865,143771
1788636336.5813222,2,100,136903,143771
1788636336.5813332,3,100,136903,143771
1788636337.705887,0,0,135865,143771
1788636337.7059107,1,0,135865,143771
1788636337.7059233,2,100,136903,143771
1788636337.7059345,3,100,136903,143771
1788636338.7960265,0,0,135865,143771
1788636338.7960508,1,0,135865,143771
1788636338.796063,2,100,136903,143771
1788636338.7960737,3,100,136903,143771
1788636339.921304,0,0,135865,143771
1788636339.9213283,1,0,135865,143771
1788636339.921341,2,100,136903,143771
1788636339.9213514,3,100,136903,143771
1788636341.0460327,0,0,135865,143771
1788636341.0460563,1,0,135865,143771
1788636341.046069,2,100,136903,143771
1788636341.04608,3,100,136903,143771
1788636342.1545162,0,0,135865,143771
1788636342.154543,1,0,135865,143771
1788636342.154555,2,100,136903,143771
1788636342.154566,3,100,136903,143771
1788636343.2825143,0,0,135865,143771
1788636343.2825396,1,0,135865,143771
1788636343.2825534,2,100,136903,143771
1788636343.282564,3,100,136903,143771
1788636344.4109166,0,0,135865,143771
1788636344.410941,1,0,135865,143771
1788636344.410953,2,100,136903,143771
1788636344.4109638,3,100,136903,143771
1788636345.5007007,0,0,135865,143771
1788636345.5007253,1,0,135865,143771
1788636345.5007384,2,100,136903,143771
1788636345.5007486,3,100,136903,143771
1788636346.6264813,0,0,135865,143771
1788636346.6265066,1,0,135865,143771
1788636346.6265194,2,100,136903,143771
1788636346.6265306,3,100,136903,143771
1788636347.7161424,0,0,135865,143771
1788636347.7161658,1,0,135865,143771
1788636347.7161782,2,100,136903,143771
1788636347.716188,3,100,136903,143771
1788636348.8426707,0,0,135865,143771
1788636348.842697,1,0,135865,143771
1788636348.8427095,2,100,136903,143771
1788636348.8427205,3,100,136903,143771
1788636349.9503384,0,0,135865,143771
1788636349.9503622,1,0,135865,143771
1788636349.9503753,2,100,136903,143771
1788636349.9503858,3,100,136903,143771
1788636351.077892,0,0,135865,143771
1788636351.0779152,1,0,135865,143771
1788636351.0779278,2,100,136903,143771
1788636351.0779388,3,100,136903,143771
1788636352.1640584,0,0,135865,143771
1788636352.1640823,1,0,135865,143771
1788636352.164095,2,100,136903,143771
1788636352.1641052,3,100,136903,143771
1788636353.2520804,0,0,135865,143771
1788636353.252105,1,0,135865,143771
1788636353.2521183,2,100,136903,143771
1788636353.2521286,3,100,136903,143771
1788636354.3391514,0,0,135865,143771
1788636354.3391747,1,0,135865,143771
1788636354.3391871,2,100,136903,143771
1788636354.3391976,3,100,136903,143771
1788636355.445832,0,0,135865,143771
1788636355.4458554,1,0,135865,143771
1788636355.4458687,2,100,136903,143771
1788636355.4458795,3,100,136903,143771
1788636356.5500848,0,0,135865,143771
1788636356.5501096,1,0,135865,143771
1788636356.5501225,2,100,136903,143771
1788636356.5501332,3,100,136903,143771
1788636357.66413,0,0,135865,143771
1788636357.6641536,1,0,135865,143771
1788636357.6641662,2,100,136903,143771
1788636357.6641772,3,100,136903,143771
1788636358.7907162,0,0,135865,143771
1788636358.7907398,1,0,135865,143771
1788636358.7907522,2,100,136903,143771
1788636358.7907617,3,100,136903,143771
1788636359.879537,0,0,135865,143771
1788636359.8795607,1,0,135865,143771
1788636359.8795736,2,100,136903,143771
1788636359.8795843,3,100,136903,143771
1788636360.985595,0,0,135865,143771
1788636360.985618,1,0,135865,143771
1788636360.985631,2,100,136903,143771
1788636360.985641,3,100,136903,143771
1788636362.0900948,0,0,135865,143771
1788636362.0901196,1,0,135865,143771
1788636362.0901325,2,100,136903,143771
1788636362.0901432,3,100,136903,143771
1788636363.1752129,0,0,135865,143771
1788636363.1752367,1,0,135865,143771
1788636363.175249,2,100,136903,143771
1788636363.1752598,3,100,136903,143771
1788636364.280666,0,0,135865,143771
1788636364.28069,1,0,135865,143771
1788636364.2807016,2,100,136903,143771
1788636364.2807133,3,100,136903,143771
1788636365.3678243,0,0,135865,143771
1788636365.3678498,1,0,135865,143771
1788636365.3678627,2,100,136903,143771
1788636365.3678734,3,100,136903,143771
1788636366.4556613,0,0,135865,143771
1788636366.4556856,1,0,135865,143771
1788636366.4556987,2,100,136903,143771
1788636366.4557092,3,100,136903,143771
1788636367.5437357,0,0,135865,143771
1788636367.54376,1,0,135865,143771
1788636367.5437725,2,100,136903,143771
1788636367.5437832,3,100,136903,143771
1788636368.6705546,0,0,135865,143771
1788636368.6705794,1,0,135865,143771
1788636368.6705925,2,100,136903,143771
1788636368.670603,3,100,136903,143771
1788636369.7600837,0,0,135865,143771
1788636369.7601075,1,0,135865,143771
1788636369.7601209,2,100,136903,143771
1788636369.7601318,3,100,136903,143771
1788636370.8859634,0,0,135865,143771
1788636370.885988,1,0,135865,143771
1788636370.8860009,2,100,136903,143771
1788636370.8860116,3,100,136903,143771
1788636371.9942844,0,0,135865,143771
1788636371.9943078,1,0,135865,143771
1788636371.9943206,2,100,136903,143771
1788636371.994331,3,100,136903,143771
1788636373.1223125,0,0,135865,143771
1788636373.1223383,1,0,135865,143771
1788636373.1223512,2,100,136903,143771
1788636373.1223617,3,100,136903,143771
1788636374.2083375,0,0,135865,143771
1788636374.2083616,1,0,135865,143771
1788636374.2083747,2,100,136903,143771
1788636374.2083857,3,78,136903,143771
1788636375.295852,0,0,135865,143771
1788636375.295878,1,0,135865,143771
1788636375.295891,2,100,136903,143771
1788636375.2959013,3,100,136903,143771
1788636376.383626,0,0,135865,143771
1788636376.3836489,1,0,135865,143771
1788636376.3836615,2,100,136903,143771
1788636376.3836722,3,100,136903,143771
1788636377.489348,0,0,135865,143771
1788636377.4893715,1,0,135865,143771
1788636377.4893844,2,100,136903,143771
1788636377.489395,3,100,136903,143771
1788636378.6144161,0,0,135865,143771
1788636378.61444,1,0,135865,143771
1788636378.6144528,2,100,136903,143771
1788636378.6144626,3,100,136903,143771
1788636379.703715,0,0,135865,143771
1788636379.7037392,1,0,135865,143771
1788636379.7037528,2,100,136903,143771
1788636379.703764,3,100,136903,143771
1788636380.792332,0,0,135865,143771
1788636380.792355,1,0,135865,143771
1788636380.7923687,2,100,136903,143771
1788636380.7923794,3,100,136903,143771
1788636381.880106,0,0,135865,143771
1788636381.8801303,1,0,135865,143771
1788636381.8801441,2,97,136903,143771
1788636381.8801548,3,84,136903,143771
1788636382.968104,0,0,135865,143771
1788636382.9681277,1,0,135865,143771
1788636382.968141,2,100,136903,143771
1788636382.968151,3,100,136903,143771
1788636384.0558927,0,0,135865,143771
1788636384.0559168,1,0,135865,143771
1788636384.0559294,2,100,136903,143771
1788636384.0559397,3,100,136903,143771
1788636385.1824481,0,0,135865,143771
1788636385.1824708,1,0,135865,143771
1788636385.182484,2,80,136903,143771
1788636385.1824937,3,48,136903,143771
1788636386.2714472,0,0,135865,143771
1788636386.271473,1,0,135865,143771
1788636386.271486,2,95,136903,143771
1788636386.2714963,3,100,136903,143771
1788636387.3778374,0,0,135865,143771
1788636387.3778603,1,0,135865,143771
1788636387.3778727,2,100,136903,143771
1788636387.377883,3,100,136903,143771
1788636388.4844663,0,0,135865,143771
1788636388.4844913,1,0,135865,143771
1788636388.4845037,2,37,136903,143771
1788636388.4845147,3,74,136903,143771
1788636389.5713732,0,0,135865,143771
1788636389.5713968,1,0,135865,143771
1788636389.571411,2,100,136903,143771
1788636389.5714226,3,100,136903,143771
1788636390.6592631,0,0,135865,143771
1788636390.6592872,1,0,135865,143771
1788636390.6592996,2,100,136903,143771
1788636390.6593099,3,100,136903,143771
1788636391.7472878,0,0,135865,143771
1788636391.747312,1,0,135865,143771
1788636391.7473247,2,100,136903,143771
1788636391.7473352,3,100,136903,143771
1788636392.854185,0,0,135865,143771
1788636392.8542085,1,0,135865,143771
1788636392.8542216,2,100,136903,143771
1788636392.8542318,3,100,136903,143771
1788636393.9434597,0,0,135865,143771
1788636393.9434829,1,0,135865,143771
1788636393.9434965,2,100,136903,143771
1788636393.943507,3,100,136903,143771
1788636395.0503857,0,0,135865,143771
1788636395.0504098,1,0,135865,143771
1788636395.0504231,2,100,136903,143771
1788636395.050434,3,100,136903,143771
1788636396.1394665,0,0,135865,143771
1788636396.1394901,1,0,135865,143771
1788636396.1395035,2,100,136903,143771
1788636396.1395144,3,100,136903,143771
1788636397.2443953,0,0,135865,143771
1788636397.2444193,1,0,135865,143771
1788636397.2444317,2,97,136903,143771
1788636397.2444425,3,100,136903,143771
1788636398.3314235,0,0,135865,143771
1788636398.331448,1,0,135865,143771
1788636398.3314612,2,100,136903,143771
1788636398.3314714,3,100,136903,143771
1788636399.4578972,0,0,135865,143771
1788636399.4579213,1,0,135865,143771
1788636399.4579337,2,100,136903,143771
1788636399.457944,3,76,136903,143771
1788636400.5659466,0,0,135865,143771
1788636400.5659707,1,0,135865,143771
1788636400.565984,2,100,136903,143771
1788636400.5659945,3,100,136903,143771
1788636401.6939883,0,0,135865,143771
1788636401.6940122,1,0,135865,143771
1788636401.6940255,2,100,136903,143771
1788636401.694036,3,100,136903,143771
1788636402.7844472,0,0,135865,143771
1788636402.7844708,1,0,135865,143771
1788636402.784484,2,100,136903,143771
1788636402.7844944,3,100,136903,143771
1788636403.8903897,0,0,135865,143771
1788636403.8904142,1,0,135865,143771
1788636403.890427,2,100,136903,143771
1788636403.8904374,3,100,136903,143771
1788636404.9807682,0,0,135865,143771
1788636404.9807923,1,0,135865,143771
1788636404.9808054,2,100,136903,143771
1788636404.9808154,3,100,136903,143771
1788636406.0860832,0,0,135865,143771
1788636406.0861073,1,0,135865,143771
1788636406.08612,2,100,136903,143771
1788636406.0861304,3,100,136903,143771
1788636407.1757197,0,0,135865,143771
1788636407.1757436,1,0,135865,143771
1788636407.1757562,2,100,136903,143771
1788636407.1757667,3,100,136903,143771
1788636408.2820928,0,0,135865,143771
1788636408.282117,1,0,135865,143771
1788636408.28213,2,64,136903,143771
1788636408.2821412,3,100,136903,143771
1788636409.3710442,0,0,135865,143771
1788636409.3710682,1,0,135865,143771
1788636409.3710816,2,100,136903,143771
1788636409.3710926,3,100,136903,143771
1788636410.460126,0,0,135865,143771
1788636410.4601502,1,0,135865,143771
1788636410.4601636,2,100,136903,143771
1788636410.4601748,3,100,136903,143771
1788636411.547391,0,0,135865,143771
1788636411.5474174,1,0,135865,143771
1788636411.5474315,2,100,136903,143771
1788636411.5474424,3,100,136903,143771
1788636412.6356788,0,0,135865,143771
1788636412.6357024,1,0,135865,143771
1788636412.6357152,2,100,136903,143771
1788636412.635726,3,100,136903,143771
1788636413.7405734,0,0,135865,143771
1788636413.7405977,1,0,135865,143771
1788636413.7406116,2,100,136903,143771
1788636413.7406228,3,100,136903,143771
1788636414.8275797,0,0,135865,143771
1788636414.8276038,1,0,135865,143771
1788636414.8276172,2,82,136903,143771
1788636414.8276284,3,100,136903,143771
1788636415.954629,0,0,135865,143771
1788636415.954652,1,0,135865,143771
1788636415.9546647,2,100,136903,143771
1788636415.9546764,3,100,136903,143771
1788636417.062215,0,0,135865,143771
1788636417.0622387,1,0,135865,143771
1788636417.0622518,2,100,136903,143771
1788636417.0622625,3,100,136903,143771
1788636418.1693366,0,0,135865,143771
1788636418.1693604,1,0,135865,143771
1788636418.169373,2,100,136903,143771
1788636418.1693828,3,100,136903,143771
1788636419.274041,0,0,135865,143771
1788636419.274071,1,0,135865,143771
1788636419.2740903,2,100,136903,143771
1788636419.2741044,3,100,136903,143771
1788636420.4023154,0,0,135865,143771
1788636420.40234,1,0,135865,143771
1788636420.4023528,2,100,136903,143771
1788636420.402364,3,100,136903,143771
1788636421.5266368,0,0,135865,143771
1788636421.5266616,1,0,135865,143771
1788636421.5266747,2,100,136903,143771
1788636421.5266855,3,100,136903,143771
1788636422.6499982,0,0,135865,143771
1788636422.6500218,1,0,135865,143771
1788636422.6500351,2,100,136903,143771
1788636422.6500456,3,100,136903,143771
1788636423.755566,0,0,135865,143771
1788636423.7555916,1,0,135865,143771
1788636423.7556047,2,100,136903,143771
1788636423.7556157,3,100,136903,143771
1788636424.8637307,0,0,135865,143771
1788636424.863756,1,0,135865,143771
1788636424.8637683,2,99,136903,143771
1788636424.8637786,3,73,136903,143771
1788636425.952578,0,0,135865,143771
1788636425.9526024,1,0,135865,143771
1788636425.952616,2,100,136903,143771
1788636425.9526262,3,100,136903,143771
1788636427.0597532,0,0,135865,143771
1788636427.0597775,1,0,135865,143771
1788636427.0597906,2,100,136903,143771
1788636427.0598016,3,100,136903,143771
1788636428.1475823,0,0,135865,143771
1788636428.1476066,1,0,135865,143771
1788636428.1476202,2,100,136903,143771
1788636428.1476314,3,87,136903,143771
1788636429.236306,0,0,135865,143771
1788636429.2363296,1,0,135865,143771
1788636429.2363431,2,100,136903,143771
1788636429.2363544,3,100,136903,143771
1788636430.32284,0,0,135865,143771
1788636430.3228638,1,0,135865,143771
1788636430.3228767,2,100,136903,143771
1788636430.3228874,3,100,136903,143771
1788636431.4116516,0,0,135865,143771
1788636431.4116757,1,0,135865,143771
1788636431.4116888,2,100,136903,143771
1788636431.4116993,3,88,136903,143771
1788636432.4992187,0,0,135865,143771
1788636432.4992433,1,0,135865,143771
1788636432.499256,2,100,136903,143771
1788636432.4992661,3,100,136903,143771
1788636433.6052902,0,0,135865,143771
1788636433.6053143,1,0,135865,143771
1788636433.6053278,2,96,136903,143771
1788636433.6053383,3,69,136903,143771
1788636434.7556722,0,0,135865,143771
1788636434.7556963,1,0,135865,143771
1788636434.755709,2,100,136903,143771
1788636434.75572,3,100,136903,143771
1788636435.8822713,0,0,135865,143771
1788636435.8822954,1,0,135865,143771
1788636435.882308,2,100,136903,143771
1788636435.8823195,3,100,136903,143771
1788636436.9900868,0,0,135865,143771
1788636436.9901109,1,0,135865,143771
1788636436.9901237,2,100,136903,143771
1788636436.9901347,3,100,136903,143771
1788636438.097416,0,0,135865,143771
1788636438.0974386,1,0,135865,143771
1788636438.0974514,2,100,136903,143771
1788636438.0974615,3,100,136903,143771
1788636439.2204087,0,0,135865,143771
1788636439.2204323,1,0,135865,143771
1788636439.2204456,2,100,136903,143771
1788636439.2204564,3,100,136903,143771
1788636440.3070285,0,0,135865,143771
1788636440.307053,1,0,135865,143771
1788636440.307066,2,100,136903,143771
1788636440.3070767,3,100,136903,143771
1788636441.399001,0,0,135865,143771
1788636441.3990266,1,0,135865,143771
1788636441.39904,2,100,136903,143771
1788636441.39905,3,100,136903,143771
1788636442.5262928,0,0,135865,143771
1788636442.526317,1,0,135865,143771
1788636442.5263295,2,100,136903,143771
1788636442.5263407,3,100,136903,143771
1788636443.6153662,0,0,135865,143771
1788636443.61539,1,0,135865,143771
1788636443.615402,2,100,136903,143771
1788636443.6154127,3,100,136903,143771
1788636444.7433403,0,0,135865,143771
1788636444.7433646,1,0,135865,143771
1788636444.743377,2,100,136903,143771
1788636444.743387,3,100,136903,143771
1788636445.850749,0,0,135865,143771
1788636445.8507738,1,0,135865,143771
1788636445.8507872,2,100,136903,143771
1788636445.8507981,3,91,136903,143771
1788636446.9587324,0,0,135865,143771
1788636446.9587557,1,0,135865,143771
1788636446.9587684,2,100,136903,143771
1788636446.9587789,3,100,136903,143771
1788636448.0855753,0,0,135865,143771
1788636448.0856001,1,0,135865,143771
1788636448.0856123,2,100,136903,143771
1788636448.085624,3,100,136903,143771
1788636449.1904726,0,0,135865,143771
1788636449.190497,1,0,135865,143771
1788636449.1905098,2,100,136903,143771
1788636449.19052,3,100,136903,143771
1788636450.2792163,0,0,135865,143771
1788636450.2792404,1,0,135865,143771
1788636450.279253,2,100,136903,143771
1788636450.2792642,3,100,136903,143771
1788636451.4054077,0,0,135865,143771
1788636451.4054322,1,0,135865,143771
1788636451.4054453,2,100,136903,143771
1788636451.4054568,3,74,136903,143771
1788636452.4924889,0,0,135865,143771
1788636452.4925153,1,0,135865,143771
1788636452.4925282,2,100,136903,143771
1788636452.4925387,3,100,136903,143771
1788636453.5802662,0,0,135865,143771
1788636453.5802896,1,0,135865,143771
1788636453.5803022,2,87,136903,143771
1788636453.5803132,3,100,136903,143771
1788636454.667574,0,0,135865,143771
1788636454.6675975,1,0,135865,143771
1788636454.6676106,2,100,136903,143771
1788636454.6676211,3,100,136903,143771
1788636455.7559392,0,0,135865,143771
1788636455.7559628,1,0,135865,143771
1788636455.7559772,2,100,136903,143771
1788636455.7559867,3,100,136903,143771
1788636456.8812923,0,0,135865,143771
1788636456.8813167,1,0,135865,143771
1788636456.8813298,2,100,136903,143771
1788636456.8813405,3,100,136903,143771
1788636458.005476,0,0,135865,143771
1788636458.0054998,1,0,135865,143771
1788636458.0055134,2,100,136903,143771
1788636458.0055237,3,100,136903,143771
1788636459.1305158,0,0,135865,143771
1788636459.1305401,1,0,135865,143771
1788636459.1305525,2,100,136903,143771
1788636459.1305635,3,100,136903,143771
1788636460.2200446,0,0,135865,143771
1788636460.2200687,1,0,135865,143771
1788636460.2200823,2,70,136903,143771
1788636460.2200925,3,100,136903,143771
1788636461.326438,0,0,135865,143771
1788636461.3264623,1,0,135865,143771
1788636461.3264759,2,100,136903,143771
1788636461.3264868,3,69,136903,143771
1788636462.4345145,0,0,135865,143771
1788636462.434538,1,0,135865,143771
1788636462.4345508,2,100,136903,143771
1788636462.4345617,3,100,136903,143771
1788636463.523484,0,0,135865,143771
1788636463.5235074,1,0,135865,143771
1788636463.5235202,2,100,136903,143771
1788636463.5235312,3,100,136903,143771
1788636464.6501727,0,0,135865,143771
1788636464.650197,1,0,135865,143771
1788636464.6502104,2,100,136903,143771
1788636464.6502209,3,100,136903,143771
1788636465.7393103,0,0,135865,143771
1788636465.7393348,1,0,135865,143771
1788636465.7393484,2,100,136903,143771
1788636465.7393599,3,100,136903,143771
1788636466.827797,0,0,135865,143771
1788636466.82782,1,0,135865,143771
1788636466.827833,2,100,136903,143771
1788636466.8278434,3,100,136903,143771
1788636467.9156625,0,0,135865,143771
1788636467.9156866,1,0,135865,143771
1788636467.9156992,2,100,136903,143771
1788636467.9157102,3,100,136903,143771
1788636469.0234013,0,0,135865,143771
1788636469.0234249,1,0,135865,143771
1788636469.0234375,2,100,136903,143771
1788636469.0234482,3,100,136903,143771
1788636470.148176,0,0,135865,143771
1788636470.148199,1,0,135865,143771
1788636470.1482115,2,100,136903,143771
1788636470.148223,3,100,136903,143771
1788636471.2360792,0,0,135865,143771
1788636471.2361028,1,0,135865,143771
1788636471.236116,2,100,136903,143771
1788636471.2361271,3,100,136903,143771
1788636472.3427744,0,0,135865,143771
1788636472.3427987,1,0,135865,143771
1788636472.342811,2,100,136903,143771
1788636472.342822,3,100,136903,143771
1788636473.4507005,0,0,135865,143771
1788636473.4507236,1,0,135865,143771
1788636473.4507372,2,100,136903,143771
1788636473.4507496,3,100,136903,143771
1788636474.5352006,0,0,135865,143771
1788636474.5352244,1,0,135865,143771
1788636474.5352373,2,100,136903,143771
1788636474.535249,3,99,136903,143771
1788636475.6374195,0,0,135865,143771
1788636475.6374428,1,0,135865,143771
1788636475.637455,2,86,136903,143771
1788636475.637465,3,61,136903,143771
1788636476.741049,0,0,135865,143771
1788636476.7410727,1,0,135865,143771
1788636476.7410855,2,72,136903,143771
1788636476.7410965,3,58,136903,143771
1788636477.8452964,0,0,135865,143771
1788636477.8453202,1,0,135865,143771
1788636477.8453338,2,100,136903,143771
1788636477.8453445,3,100,136903,143771
1788636478.9680994,0,0,135865,143771
1788636478.9681234,1,0,135865,143771
1788636478.9681363,2,100,136903,143771
1788636478.9681475,3,100,136903,143771
1788636480.0734813,0,0,135865,143771
1788636480.0735047,1,0,135865,143771
1788636480.073518,2,100,136903,143771
1788636480.073529,3,80,136903,143771
1788636481.1778102,0,0,135865,143771
1788636481.177825,1,0,135865,143771
1788636481.1778321,2,62,136903,143771
1788636481.1778388,3,100,136903,143771
1788636482.26403,0,0,135865,143771
1788636482.264053,1,0,135865,143771
1788636482.2640655,2,100,136903,143771
1788636482.264077,3,100,136903,143771
1788636483.3908553,0,0,135865,143771
1788636483.39088,1,0,135865,143771
1788636483.3908923,2,100,136903,143771
1788636483.390904,3,100,136903,143771
1788636484.4794612,0,0,135865,143771
1788636484.4794846,1,0,135865,143771
1788636484.4794974,2,100,136903,143771
1788636484.4795084,3,100,136903,143771
1788636485.5844514,0,0,135865,143771
1788636485.5844758,1,0,135865,143771
1788636485.584489,2,100,136903,143771
1788636485.5845006,3,59,136903,143771
1788636486.6712847,0,0,135865,143771
1788636486.6713095,1,0,135865,143771
1788636486.6713228,2,100,136903,143771
1788636486.671334,3,100,136903,143771
1788636487.7962973,0,0,135865,143771
1788636487.796321,1,0,135865,143771
1788636487.7963343,2,100,136903,143771
1788636487.796346,3,100,136903,143771
1788636488.921998,0,0,135865,143771
1788636488.9220219,1,0,135865,143771
1788636488.922035,2,100,136903,143771
1788636488.9220457,3,100,136903,143771
1788636490.0268888,0,0,135865,143771
1788636490.026914,1,0,135865,143771
1788636490.0269265,2,58,136903,143771
1788636490.026938,3,77,136903,143771
1788636491.1340501,0,0,135865,143771
1788636491.1340744,1,0,135865,143771
1788636491.1340873,2,100,136903,143771
1788636491.1340983,3,100,136903,143771
1788636492.2582436,0,0,135865,143771
1788636492.2582684,1,0,135865,143771
1788636492.258281,2,100,136903,143771
1788636492.2582922,3,100,136903,143771
1788636493.3666253,0,0,135865,143771
1788636493.3666494,1,0,135865,143771
1788636493.3666625,2,100,136903,143771
1788636493.3666728,3,100,136903,143771
1788636494.4560401,0,0,135865,143771
1788636494.4560645,1,0,135865,143771
1788636494.4560766,2,100,136903,143771
1788636494.4560883,3,100,136903,143771
1788636495.581116,0,0,135865,143771
1788636495.581139,1,0,135865,143771
1788636495.5811524,2,100,136903,143771
1788636495.5811641,3,100,136903,143771
1788636496.7049882,0,0,135865,143771
1788636496.7050128,1,0,135865,143771
1788636496.7050254,2,100,136903,143771
1788636496.7050369,3,100,136903,143771
1788636497.7917302,0,0,135865,143771
1788636497.7917542,1,0,135865,143771
1788636497.7917671,2,100,136903,143771
1788636497.7917776,3,100,136903,143771
1788636498.8972635,0,0,135865,143771
1788636498.897288,1,0,135865,143771
1788636498.897301,2,100,136903,143771
1788636498.8973117,3,100,136903,143771
1788636499.9835372,0,0,135865,143771
1788636499.98356,1,0,135865,143771
1788636499.983573,2,100,136903,143771
1788636499.983584,3,100,136903,143771
1788636501.072142,0,0,135865,143771
1788636501.0721662,1,0,135865,143771
1788636501.0721798,2,100,136903,143771
1788636501.072191,3,100,136903,143771
1788636502.1604433,0,0,135865,143771
1788636502.160467,1,0,135865,143771
1788636502.16048,2,100,136903,143771
1788636502.1604908,3,100,136903,143771
1788636503.2660012,0,0,135865,143771
1788636503.2660255,1,0,135865,143771
1788636503.2660382,2,100,136903,143771
1788636503.266049,3,100,136903,143771
1788636504.3941236,0,0,135865,143771
1788636504.394147,1,0,135865,143771
1788636504.394159,2,81,136903,143771
1788636504.3941698,3,100,136903,143771
1788636505.5164232,0,0,135865,143771
1788636505.5164475,1,0,135865,143771
1788636505.5164602,2,100,136903,143771
1788636505.5164716,3,89,136903,143771
1788636506.6419468,0,0,135865,143771
1788636506.6419706,1,0,135865,143771
1788636506.641984,2,100,136903,143771
1788636506.6419945,3,100,136903,143771
1788636507.7320874,0,0,135865,143771
1788636507.7321112,1,0,135865,143771
1788636507.7321243,2,100,136903,143771
1788636507.7321367,3,62,136903,143771
1788636508.8199816,0,0,135865,143771
1788636508.8200057,1,0,135865,143771
1788636508.820019,2,100,136903,143771
1788636508.8200302,3,100,136903,143771
1788636509.9262636,0,0,135865,143771
1788636509.9262874,1,0,135865,143771
1788636509.9262998,2,100,136903,143771
1788636509.9263105,3,100,136903,143771
1788636511.0543602,0,0,135865,143771
1788636511.0543857,1,0,135865,143771
1788636511.0543993,2,100,136903,143771
1788636511.0544102,3,100,136903,143771
1788636512.1731129,0,0,135865,143771
1788636512.1731372,1,0,135865,143771
1788636512.1731503,2,100,136903,143771
1788636512.1731615,3,100,136903,143771
1788636513.2981045,0,0,135865,143771
1788636513.2981284,1,0,135865,143771
1788636513.298141,2,100,136903,143771
1788636513.298152,3,100,136903,143771
1788636514.3875587,0,0,135865,143771
1788636514.3875825,1,0,135865,143771
1788636514.387595,2,100,136903,143771
1788636514.3876057,3,100,136903,143771
1788636515.4929733,0,0,135865,143771
1788636515.4929967,1,0,135865,143771
1788636515.4930096,2,100,136903,143771
1788636515.4930208,3,100,136903,143771
1788636516.6162848,0,0,135865,143771
1788636516.6163087,1,0,135865,143771
1788636516.61632,2,100,136903,143771
1788636516.6163294,3,100,136903,143771
1788636517.7032087,0,0,135865,143771
1788636517.7032378,1,0,135865,143771
1788636517.703254,2,100,136903,143771
1788636517.7032676,3,100,136903,143771
1788636518.7916358,0,0,135865,143771
1788636518.791659,1,0,135865,143771
1788636518.79167,2,100,136903,143771
1788636518.7916791,3,100,136903,143771
1788636519.9174802,0,0,135865,143771
1788636519.9175036,1,0,135865,143771
1788636519.917515,2,100,136903,143771
1788636519.9175243,3,100,136903,143771
1788636521.0038264,0,0,135865,143771
1788636521.003851,1,0,135865,143771
1788636521.003863,2,100,136903,143771
1788636521.0038722,3,100,136903,143771
1788636522.091835,0,0,135865,143771
1788636522.0918581,1,0,135865,143771
1788636522.0918696,2,70,136903,143771
1788636522.09188,3,100,136903,143771
1788636523.217234,0,0,135865,143771
1788636523.2172573,1,0,135865,143771
1788636523.2172692,2,100,136903,143771
1788636523.217279,3,100,136903,143771
1788636524.3036282,0,0,135865,143771
1788636524.303652,1,0,135865,143771
1788636524.303663,2,100,136903,143771
1788636524.3036728,3,100,136903,143771
1788636525.392422,0,0,135865,143771
1788636525.3924448,1,0,135865,143771
1788636525.392457,2,100,136903,143771
1788636525.392467,3,100,136903,143771
1788636526.518131,0,0,135865,143771
1788636526.518154,1,0,135865,143771
1788636526.5181646,2,100,136903,143771
1788636526.5181751,3,80,136903,143771
1788636527.6220374,0,0,135865,143771
1788636527.622061,1,0,135865,143771
1788636527.6220725,2,100,136903,143771
1788636527.6220827,3,72,136903,143771
1788636528.7071102,0,0,135865,143771
1788636528.7071335,1,0,135865,143771
1788636528.7071457,2,100,136903,143771
1788636528.7071564,3,69,136903,143771
1788636529.7955353,0,0,135865,143771
1788636529.7955587,1,0,135865,143771
1788636529.7955701,2,67,136903,143771
1788636529.7955804,3,100,136903,143771
1788636530.8844776,0,0,135865,143771
1788636530.8845017,1,0,135865,143771
1788636530.8845131,2,100,136903,143771
1788636530.8845227,3,100,136903,143771
1788636531.971356,0,0,135865,143771
1788636531.9713788,1,0,135865,143771
1788636531.9713905,2,100,136903,143771
1788636531.9714003,3,100,136903,143771
1788636533.0982406,0,0,135865,143771
1788636533.0982637,1,0,135865,143771
1788636533.098276,2,100,136903,143771
1788636533.098286,3,100,136903,143771
1788636534.2031045,0,0,135865,143771
1788636534.2031286,1,0,135865,143771
1788636534.2031415,2,100,136903,143771
1788636534.2031524,3,100,136903,143771
1788636535.3099864,0,0,135865,143771
1788636535.3100104,1,0,135865,143771
1788636535.3100226,2,100,136903,143771
1788636535.3100324,3,100,136903,143771
1788636536.4364488,0,0,135865,143771
1788636536.4364727,1,0,135865,143771
1788636536.436485,2,100,136903,143771
1788636536.4364955,3,100,136903,143771
1788636537.560337,0,0,135865,143771
1788636537.5603611,1,0,135865,143771
1788636537.560375,2,100,136903,143771
1788636537.560386,3,100,136903,143771
1788636538.684572,0,0,135865,143771
1788636538.6845965,1,0,135865,143771
1788636538.6846097,2,100,136903,143771
1788636538.6846206,3,100,136903,143771
1788636539.7902856,0,0,135865,143771
1788636539.79031,1,0,135865,143771
1788636539.7903233,2,100,136903,143771
1788636539.7903345,3,100,136903,143771
1788636540.9183803,0,0,135865,143771
1788636540.9184048,1,0,135865,143771
1788636540.9184182,2,100,136903,143771
1788636540.91843,3,100,136903,143771
1788636542.0272388,0,0,135865,143771
1788636542.027264,1,0,135865,143771
1788636542.027277,2,100,136903,143771
1788636542.0272872,3,100,136903,143771
1788636543.1162727,0,0,135865,143771
1788636543.116297,1,0,135865,143771
1788636543.116309,2,100,136903,143771
1788636543.11632,3,100,136903,143771
1788636544.2419553,0,0,135865,143771
1788636544.2419798,1,0,135865,143771
1788636544.241993,2,100,136903,143771
1788636544.242004,3,100,136903,143771
1788636545.369971,0,0,135865,143771
1788636545.3699946,1,0,135865,143771
1788636545.3700078,2,100,136903,143771
1788636545.3700187,3,100,136903,143771
1788636546.4973106,0,0,135865,143771
1788636546.4973354,1,0,135865,143771
1788636546.497349,2,82,136903,143771
1788636546.4973602,3,100,136903,143771
1788636547.601303,0,0,135865,143771
1788636547.6013272,1,0,135865,143771
1788636547.6013405,2,100,136903,143771
1788636547.6013517,3,84,136903,143771
1788636548.6881146,0,0,135865,143771
1788636548.688139,1,0,135865,143771
1788636548.6881518,2,100,136903,143771
1788636548.6881626,3,100,136903,143771
1788636549.813344,0,0,135865,143771
1788636549.8133676,1,0,135865,143771
1788636549.8133807,2,100,136903,143771
1788636549.8133922,3,100,136903,143771
1788636550.8997972,0,0,135865,143771
1788636550.8998222,1,0,135865,143771
1788636550.8998356,2,100,136903,143771
1788636550.8998475,3,100,136903,143771
1788636552.004594,0,0,135865,143771
1788636552.0046182,1,0,135865,143771
1788636552.004632,2,100,136903,143771
1788636552.0046425,3,100,136903,143771
1788636553.1104424,0,0,135865,143771
1788636553.1104667,1,0,135865,143771
1788636553.1104798,2,100,136903,143771
1788636553.1104906,3,100,136903,143771
1788636554.2156239,0,0,135865,143771
1788636554.2156498,1,0,135865,143771
1788636554.2156634,2,100,136903,143771
1788636554.2156746,3,100,136903,143771
1788636555.3037758,0,0,135865,143771
1788636555.3038006,1,0,135865,143771
1788636555.3038142,2,100,136903,143771
1788636555.3038247,3,100,136903,143771
1788636556.3916593,0,0,135865,143771
1788636556.3916833,1,0,135865,143771
1788636556.3916967,2,100,136903,143771
1788636556.391707,3,100,136903,143771
1788636557.518469,0,0,135865,143771
1788636557.5184937,1,0,135865,143771
1788636557.5185072,2,100,136903,143771
1788636557.5185184,3,100,136903,143771
1788636558.6476073,0,0,135865,143771
1788636558.6476316,1,0,135865,143771
1788636558.6476438,2,100,136903,143771
1788636558.6476555,3,100,136903,143771
1788636559.7354448,0,0,135865,143771
1788636559.7354686,1,0,135865,143771
1788636559.7354822,2,100,136903,143771
1788636559.7354932,3,100,136903,143771
1788636560.824313,0,0,135865,143771
1788636560.824337,1,0,135865,143771
1788636560.8243496,2,100,136903,143771
1788636560.8243613,3,100,136903,143771
1788636561.9306347,0,0,135865,143771
1788636561.9306595,1,0,135865,143771
1788636561.9306734,2,100,136903,143771
1788636561.9306836,3,100,136903,143771
1788636563.0379546,0,0,135865,143771
1788636563.0379786,1,0,135865,143771
1788636563.0379915,2,80,136903,143771
1788636563.0380027,3,95,136903,143771
1788636564.145355,0,0,135865,143771
1788636564.1453784,1,0,135865,143771
1788636564.1453917,2,77,136903,143771
1788636564.1454027,3,100,136903,143771
1788636565.2708511,0,0,135865,143771
1788636565.2708755,1,0,135865,143771
1788636565.270889,2,100,136903,143771
1788636565.2708998,3,100,136903,143771
1788636566.3941026,0,0,135865,143771
1788636566.394127,1,0,135865,143771
1788636566.394139,2,100,136903,143771
1788636566.3941493,3,100,136903,143771
1788636567.4993396,0,0,135865,143771
1788636567.4993637,1,0,135865,143771
1788636567.499376,2,100,136903,143771
1788636567.499388,3,100,136903,143771
1788636568.626681,0,0,135865,143771
1788636568.6267047,1,0,135865,143771
1788636568.6267185,2,100,136903,143771
1788636568.6267297,3,100,136903,143771
1788636569.716863,0,0,135865,143771
1788636569.7168872,1,0,135865,143771
1788636569.7169003,2,100,136903,143771
1788636569.7169108,3,100,136903,143771
1788636570.823451,0,0,135865,143771
1788636570.8234756,1,0,135865,143771
1788636570.823489,2,100,136903,143771
1788636570.823499,3,100,136903,143771
1788636571.9126241,0,0,135865,143771
1788636571.9126482,1,0,135865,143771
1788636571.912661,2,100,136903,143771
1788636571.9126723,3,100,136903,143771
1788636572.9997704,0,0,135865,143771
1788636572.9997947,1,0,135865,143771
1788636572.9998071,2,100,136903,143771
1788636572.999818,3,100,136903,143771
1788636574.12416,0,0,135865,143771
1788636574.1241832,1,0,135865,143771
1788636574.1241968,2,100,136903,143771
1788636574.1242073,3,100,136903,143771
1788636575.2510035,0,0,135865,143771
1788636575.2510278,1,0,135865,143771
1788636575.2510412,2,100,136903,143771
1788636575.2510517,3,100,136903,143771
1788636576.3781831,0,0,135865,143771
1788636576.3782067,1,0,135865,143771
1788636576.3782196,2,100,136903,143771
1788636576.3782308,3,100,136903,143771
1788636577.4869592,0,0,135865,143771
1788636577.4869828,1,0,135865,143771
1788636577.4869955,2,100,136903,143771
1788636577.4870064,3,100,136903,143771
1788636578.5941734,0,0,135865,143771
1788636578.5941975,1,0,135865,143771
1788636578.5942104,2,100,136903,143771
1788636578.594221,3,100,136903,143771
1788636579.6843228,0,0,135865,143771
1788636579.6843474,1,0,135865,143771
1788636579.684361,2,100,136903,143771
1788636579.6843715,3,100,136903,143771
1788636580.7916653,0,0,135865,143771
1788636580.7916903,1,0,135865,143771
1788636580.7917035,2,100,136903,143771
1788636580.7917154,3,100,136903,143771
1788636581.8991709,0,0,135865,143771
1788636581.8991952,1,0,135865,143771
1788636581.8992078,2,100,136903,143771
1788636581.8992193,3,100,136903,143771
1788636583.0252578,0,0,135865,143771
1788636583.0252821,1,0,135865,143771
1788636583.0252943,2,100,136903,143771
1788636583.025305,3,89,136903,143771
1788636584.1502764,0,0,135865,143771
1788636584.1503007,1,0,135865,143771
1788636584.150313,2,100,136903,143771
1788636584.1503234,3,100,136903,143771
1788636585.272682,0,0,135865,143771
1788636585.2727058,1,0,135865,143771
1788636585.2727187,2,100,136903,143771
1788636585.2727294,3,100,136903,143771
1788636586.3602602,0,0,135865,143771
1788636586.3602843,1,0,135865,143771
1788636586.3602972,2,100,136903,143771
1788636586.360308,3,100,136903,143771
1788636587.4874723,0,0,135865,143771
1788636587.487496,1,0,135865,143771
1788636587.487509,2,100,136903,143771
1788636587.4875193,3,100,136903,143771
1788636588.6148374,0,0,135865,143771
1788636588.614862,1,0,135865,143771
1788636588.6148746,2,100,136903,143771
1788636588.614885,3,100,136903,143771
1788636589.7629824,0,0,135865,143771
1788636589.7630067,1,0,135865,143771
1788636589.7630205,2,100,136903,143771
1788636589.7630324,3,100,136903,143771
1788636590.8884032,0,0,135865,143771
1788636590.8884275,1,0,135865,143771
1788636590.8884406,2,100,136903,143771
1788636590.888452,3,100,136903,143771
1788636591.9939673,0,0,135865,143771
1788636591.9939914,1,0,135865,143771
1788636591.994005,2,100,136903,143771
1788636591.9940155,3,100,136903,143771
1788636593.0798326,0,0,135865,143771
1788636593.079857,1,0,135865,143771
1788636593.07987,2,100,136903,143771
1788636593.0798802,3,100,136903,143771
1788636594.1675282,0,0,135865,143771
1788636594.167552,1,0,135865,143771
1788636594.1675649,2,100,136903,143771
1788636594.167576,3,100,136903,143771
1788636595.2752774,0,0,135865,143771
1788636595.2753015,1,0,135865,143771
1788636595.2753146,2,100,136903,143771
1788636595.275326,3,100,136903,143771
1788636596.4018826,0,0,135865,143771
1788636596.4019072,1,0,135865,143771
1788636596.40192,2,100,136903,143771
1788636596.4019303,3,100,136903,143771
1788636597.527354,0,0,135865,143771
1788636597.527378,1,0,135865,143771
1788636597.5273907,2,100,136903,143771
1788636597.5274014,3,100,136903,143771
1788636598.634356,0,0,135865,143771
1788636598.634379,1,0,135865,143771
1788636598.6343918,2,100,136903,143771
1788636598.6344032,3,100,136903,143771
1788636599.7622538,0,0,135865,143771
1788636599.7622783,1,0,135865,143771
1788636599.7622912,2,100,136903,143771
1788636599.762302,3,100,136903,143771
1788636600.8477008,0,0,135865,143771
1788636600.8477252,1,0,135865,143771
1788636600.847738,2,100,136903,143771
1788636600.8477485,3,100,136903,143771
1788636601.938467,0,0,135865,143771
1788636601.9384944,1,0,135865,143771
1788636601.9385078,2,100,136903,143771
1788636601.9385185,3,100,136903,143771
1788636603.0630496,0,0,135865,143771
1788636603.0630755,1,0,135865,143771
1788636603.0630887,2,100,136903,143771
1788636603.0630999,3,100,136903,143771
1788636604.191338,0,0,135865,143771
1788636604.191362,1,0,135865,143771
1788636604.1913748,2,100,136903,143771
1788636604.1913865,3,100,136903,143771
1788636605.3184328,0,0,135865,143771
1788636605.3184576,1,0,135865,143771
1788636605.3184702,2,100,136903,143771
1788636605.318481,3,100,136903,143771
1788636606.4080892,0,0,135865,143771
1788636606.4081135,1,0,135865,143771
1788636606.408127,2,100,136903,143771
1788636606.4081373,3,100,136903,143771
1788636607.496145,0,0,135865,143771
1788636607.4961684,1,0,135865,143771
1788636607.4961812,2,100,136903,143771
1788636607.4961922,3,100,136903,143771
1788636608.58362,0,0,135865,143771
1788636608.5836442,1,0,135865,143771
1788636608.5836585,2,100,136903,143771
1788636608.5836692,3,100,136903,143771
1788636609.6717794,0,0,135865,143771
1788636609.6718042,1,0,135865,143771
1788636609.6718163,2,100,136903,143771
1788636609.6718268,3,100,136903,143771
1788636610.778337,0,0,135865,143771
1788636610.778361,1,0,135865,143771
1788636610.778373,2,100,136903,143771
1788636610.7783833,3,100,136903,143771
1788636611.8669686,0,0,135865,143771
1788636611.8669927,1,0,135865,143771
1788636611.8670056,2,100,136903,143771
1788636611.8670173,3,100,136903,143771
1788636612.9552276,0,0,135865,143771
1788636612.955251,1,0,135865,143771
1788636612.9552639,2,100,136903,143771
1788636612.9552743,3,100,136903,143771
1788636614.0435073,0,0,135865,143771
1788636614.043531,1,0,135865,143771
1788636614.0435436,2,100,136903,143771
1788636614.0435543,3,100,136903,143771
1788636615.1320229,0,0,135865,143771
1788636615.1320472,1,0,135865,143771
1788636615.1320605,2,100,136903,143771
1788636615.132071,3,100,136903,143771
1788636616.2196314,0,0,135865,143771
1788636616.2196555,1,0,135865,143771
1788636616.2196681,2,100,136903,143771
1788636616.2196796,3,100,136903,143771
1788636617.3079624,0,0,135865,143771
1788636617.307987,1,0,135865,143771
1788636617.308,2,100,136903,143771
1788636617.308011,3,100,136903,143771
1788636618.4140878,0,0,135865,143771
1788636618.4141119,1,0,135865,143771
1788636618.4141247,2,100,136903,143771
1788636618.4141355,3,100,136903,143771
1788636619.499636,0,0,135865,143771
1788636619.4996595,1,0,135865,143771
1788636619.4996731,2,100,136903,143771
1788636619.4996839,3,100,136903,143771
1788636620.6249547,0,0,135865,143771
1788636620.6249793,1,0,135865,143771
1788636620.624992,2,100,136903,143771
1788636620.625003,3,100,136903,143771
1788636621.7119246,0,0,135865,143771
1788636621.7119486,1,0,135865,143771
1788636621.7119615,2,100,136903,143771
1788636621.7119722,3,100,136903,143771
1788636622.837959,0,0,135865,143771
1788636622.8379827,1,0,135865,143771
1788636622.8379955,2,100,136903,143771
1788636622.8380065,3,100,136903,143771
1788636623.9413533,0,0,135865,143771
1788636623.9413776,1,0,135865,143771
1788636623.9413908,2,100,136903,143771
1788636623.9414015,3,100,136903,143771
1788636625.0287266,0,0,135865,143771
1788636625.0287504,1,0,135865,143771
1788636625.028764,2,100,136903,143771
1788636625.0287752,3,100,136903,143771
1788636626.155672,0,0,135865,143771
1788636626.1556954,1,0,135865,143771
1788636626.1557088,2,100,136903,143771
1788636626.1557202,3,100,136903,143771
1788636627.2443612,0,0,135865,143771
1788636627.244385,1,0,135865,143771
1788636627.2443974,2,100,136903,143771
1788636627.2444081,3,100,136903,143771
1788636628.3501184,0,0,135865,143771
1788636628.3501427,1,0,135865,143771
1788636628.3501554,2,100,136903,143771
1788636628.3501658,3,100,136903,143771
1788636629.435615,0,0,135865,143771
1788636629.4356382,1,0,135865,143771
1788636629.4356515,2,100,136903,143771
1788636629.4356627,3,100,136903,143771
1788636630.562324,0,0,135865,143771
1788636630.562348,1,0,135865,143771
1788636630.5623605,2,100,136903,143771
1788636630.5623727,3,82,136903,143771
1788636631.6955266,0,0,135865,143771
1788636631.695543,1,0,135865,143771
1788636631.6955507,2,100,136903,143771
1788636631.6955574,3,100,136903,143771
1788636632.7866733,0,0,135865,143771
1788636632.786699,1,0,135865,143771
1788636632.7867115,2,100,136903,143771
1788636632.786723,3,100,136903,143771
1788636633.914975,0,0,135865,143771
1788636633.914999,1,0,135865,143771
1788636633.9150126,2,100,136903,143771
1788636633.9150243,3,100,136903,143771
1788636635.003878,0,0,135865,143771
1788636635.003902,1,0,135865,143771
1788636635.003915,2,100,136903,143771
1788636635.0039263,3,100,136903,143771
1788636636.1104436,0,0,135865,143771
1788636636.1104677,1,0,135865,143771
1788636636.11048,2,100,136903,143771
1788636636.1104903,3,100,136903,143771
1788636637.238118,0,0,135865,143771
1788636637.2381408,1,0,135865,143771
1788636637.238154,2,100,136903,143771
1788636637.2381644,3,100,136903,143771
1788636638.3273628,0,0,135865,143771
1788636638.3273866,1,0,135865,143771
1788636638.3274,2,100,136903,143771
1788636638.3274114,3,100,136903,143771
1788636639.4358764,0,0,135865,143771
1788636639.4359007,1,0,135865,143771
1788636639.4359143,2,100,136903,143771
1788636639.4359255,3,100,136903,143771
1788636640.5424912,0,0,135865,143771
1788636640.5425153,1,0,135865,143771
1788636640.5425282,2,100,136903,143771
1788636640.5425394,3,100,136903,143771
1788636641.6705456,0,0,135865,143771
1788636641.6705713,1,0,135865,143771
1788636641.6705842,2,100,136903,143771
1788636641.6705952,3,100,136903,143771
1788636642.7790346,0,0,135865,143771
1788636642.7790592,1,0,135865,143771
1788636642.779072,2,100,136903,143771
1788636642.779083,3,100,136903,143771
1788636643.8669934,0,0,135865,143771
1788636643.867018,1,0,135865,143771
1788636643.867031,2,100,136903,143771
1788636643.867042,3,100,136903,143771
1788636644.9743445,0,0,135865,143771
1788636644.9743698,1,0,135865,143771
1788636644.974383,2,100,136903,143771
1788636644.9743936,3,100,136903,143771
1788636646.0634525,0,0,135865,143771
1788636646.0634763,1,0,135865,143771
1788636646.0634887,2,100,136903,143771
1788636646.0634992,3,100,136903,143771
1788636647.1523075,0,0,135865,143771
1788636647.152332,1,0,135865,143771
1788636647.1523445,2,100,136903,143771
1788636647.152356,3,100,136903,143771
1788636648.2790875,0,0,135865,143771
1788636648.2791123,1,0,135865,143771
1788636648.2791247,2,100,136903,143771
1788636648.2791357,3,100,136903,143771
1788636649.4062676,0,0,135865,143771
1788636649.406291,1,0,135865,143771
1788636649.4063032,2,100,136903,143771
1788636649.4063134,3,100,136903,143771
1788636650.495906,0,0,135865,143771
1788636650.4959302,1,0,135865,143771
1788636650.4959433,2,75,136903,143771
1788636650.4959545,3,100,136903,143771
1788636651.6227815,0,0,135865,143771
1788636651.6228065,1,0,135865,143771
1788636651.62282,2,100,136903,143771
1788636651.622831,3,100,136903,143771
1788636652.7303534,0,0,135865,143771
1788636652.7303777,1,0,135865,143771
1788636652.7303905,2,100,136903,143771
1788636652.7304015,3,100,136903,143771
1788636653.8397915,0,0,135865,143771
1788636653.839816,1,0,135865,143771
1788636653.8398292,2,100,136903,143771
1788636653.8398397,3,100,136903,143771
1788636654.9282298,0,0,135865,143771
1788636654.9282541,1,0,135865,143771
1788636654.9282675,2,100,136903,143771
1788636654.9282782,3,100,136903,143771
1788636656.0545943,0,0,135865,143771
1788636656.0546188,1,0,135865,143771
1788636656.054632,2,100,136903,143771
1788636656.054643,3,100,136903,143771
1788636657.1820908,0,0,135865,143771
1788636657.182115,1,0,135865,143771
1788636657.182129,2,100,136903,143771
1788636657.1821396,3,100,136903,143771
1788636658.2910335,0,0,135865,143771
1788636658.2910578,1,0,135865,143771
1788636658.291071,2,100,136903,143771
1788636658.291082,3,100,136903,143771
1788636659.3805397,0,0,135865,143771
1788636659.380564,1,0,135865,143771
1788636659.3805764,2,100,136903,143771
1788636659.3805869,3,100,136903,143771
1788636660.5072374,0,0,135865,143771
1788636660.5072622,1,0,135865,143771
1788636660.5072749,2,100,136903,143771
1788636660.5072865,3,100,136903,143771
1788636661.5959046,0,0,135865,143771
1788636661.5959296,1,0,135865,143771
1788636661.5959427,2,100,136903,143771
1788636661.595955,3,100,136903,143771
1788636662.6849856,0,0,135865,143771
1788636662.68501,1,0,135865,143771
1788636662.6850224,2,100,136903,143771
1788636662.6850336,3,100,136903,143771
1788636663.7722173,0,0,135865,143771
1788636663.7722416,1,0,135865,143771
1788636663.7722545,2,100,136903,143771
1788636663.772265,3,100,136903,143771
1788636664.899058,0,0,135865,143771
1788636664.899082,1,0,135865,143771
1788636664.8990946,2,100,136903,143771
1788636664.8991067,3,100,136903,143771
1788636666.0065198,0,0,135865,143771
1788636666.0065439,1,0,135865,143771
1788636666.0065572,2,100,136903,143771
1788636666.0065684,3,100,136903,143771
1788636667.1586113,0,0,135865,143771
1788636667.158636,1,0,135865,143771
1788636667.1586492,2,100,136903,143771
1788636667.15866,3,100,136903,143771
1788636668.2878797,0,0,135865,143771
1788636668.2879038,1,0,135865,143771
1788636668.2879162,2,100,136903,143771
1788636668.2879267,3,100,136903,143771
1788636669.4146268,0,0,135865,143771
1788636669.4146514,1,0,135865,143771
1788636669.414664,2,100,136903,143771
1788636669.4146748,3,100,136903,143771
1788636670.522325,0,0,135865,143771
1788636670.5223489,1,0,135865,143771
1788636670.5223618,2,100,136903,143771
1788636670.5223732,3,100,136903,143771
1788636671.6118486,0,0,135865,143771
1788636671.611873,1,0,135865,143771
1788636671.611886,2,100,136903,143771
1788636671.6118968,3,81,136903,143771
1788636672.7181976,0,0,135865,143771
1788636672.7182217,1,0,135865,143771
1788636672.7182343,2,100,136903,143771
1788636672.718245,3,100,136903,143771
1788636673.803456,0,0,135865,143771
1788636673.8034792,1,0,135865,143771
1788636673.8034928,2,100,136903,143771
1788636673.8035042,3,100,136903,143771
1788636674.9099135,0,0,135865,143771
1788636674.9099383,1,0,135865,143771
1788636674.909951,2,100,136903,143771
1788636674.9099622,3,100,136903,143771
1788636676.0380645,0,0,135865,143771
1788636676.038088,1,0,135865,143771
1788636676.0381005,2,100,136903,143771
1788636676.0381112,3,100,136903,143771
1788636677.1280544,0,0,135865,143771
1788636677.1280777,1,0,135865,143771
1788636677.1280901,2,100,136903,143771
1788636677.1281009,3,100,136903,143771
1788636678.2544045,0,0,135865,143771
1788636678.2544293,1,0,135865,143771
1788636678.2544417,2,100,136903,143771
1788636678.2544527,3,100,136903,143771
1788636679.3588004,0,0,135865,143771
1788636679.3588252,1,0,135865,143771
1788636679.3588386,2,100,136903,143771
1788636679.3588498,3,90,136903,143771
1788636680.486718,0,0,135865,143771
1788636680.486742,1,0,135865,143771
1788636680.4867547,2,100,136903,143771
1788636680.4867659,3,100,136903,143771
1788636681.5717916,0,0,135865,143771
1788636681.571816,1,0,135865,143771
1788636681.5718284,2,100,136903,143771
1788636681.5718398,3,100,136903,143771
1788636682.6963491,0,0,135865,143771
1788636682.6963725,1,0,135865,143771
1788636682.696385,2,90,136903,143771
1788636682.6963956,3,91,136903,143771
1788636683.823375,0,0,135865,143771
1788636683.8233986,1,0,135865,143771
1788636683.8234117,2,100,136903,143771
1788636683.8234227,3,100,136903,143771
1788636684.9502869,0,0,135865,143771
1788636684.950311,1,0,135865,143771
1788636684.9503238,2,81,136903,143771
1788636684.9503345,3,81,136903,143771
1788636686.0394013,0,0,135865,143771
1788636686.0394254,1,0,135865,143771
1788636686.039439,2,66,136903,143771
1788636686.0394502,3,100,136903,143771
1788636687.1273057,0,0,135865,143771
1788636687.1273303,1,0,135865,143771
1788636687.1273434,2,100,136903,143771
1788636687.1273546,3,100,136903,143771
1788636688.2165022,0,0,135865,143771
1788636688.2165265,1,0,135865,143771
1788636688.2165394,2,100,136903,143771
1788636688.216551,3,100,136903,143771
1788636689.303414,0,0,135865,143771
1788636689.3034384,1,0,135865,143771
1788636689.303451,2,100,136903,143771
1788636689.303462,3,100,136903,143771
1788636690.410931,0,0,135865,143771
1788636690.4109554,1,0,135865,143771
1788636690.410969,2,100,136903,143771
1788636690.4109797,3,100,136903,143771
1788636691.5179722,0,0,135865,143771
1788636691.5179963,1,0,135865,143771
1788636691.5180092,2,91,136903,143771
1788636691.5180206,3,68,136903,143771
1788636692.621782,0,0,135865,143771
1788636692.6218057,1,0,135865,143771
1788636692.6218188,2,96,136903,143771
1788636692.6218307,3,100,136903,143771
1788636693.7071395,0,0,135865,143771
1788636693.7071633,1,0,135865,143771
1788636693.7071764,2,100,136903,143771
1788636693.7071874,3,100,136903,143771
1788636694.7965307,0,0,135865,143771
1788636694.7965548,1,0,135865,143771
1788636694.796568,2,100,136903,143771
1788636694.7965786,3,100,136903,143771
1788636695.902495,0,0,135865,143771
1788636695.9025187,1,0,135865,143771
1788636695.902532,2,100,136903,143771
1788636695.9025433,3,100,136903,143771
1788636697.0305188,0,0,135865,143771
1788636697.0305433,1,0,135865,143771
1788636697.0305564,2,100,136903,143771
1788636697.0305674,3,100,136903,143771
1788636698.134336,0,0,135865,143771
1788636698.1343596,1,0,135865,143771
1788636698.134373,2,100,136903,143771
1788636698.1343837,3,100,136903,143771
1788636699.2192137,0,0,135865,143771
1788636699.2192378,1,0,135865,143771
1788636699.2192512,2,94,136903,143771
1788636699.219262,3,86,136903,143771
1788636700.3456664,0,0,135865,143771
1788636700.345691,1,0,135865,143771
1788636700.3457038,2,100,136903,143771
1788636700.3457158,3,100,136903,143771
1788636701.470968,0,0,135865,143771
1788636701.4709926,1,0,135865,143771
1788636701.4710062,2,100,136903,143771
1788636701.4710178,3,100,136903,143771
1788636702.5984101,0,0,135865,143771
1788636702.5984337,1,0,135865,143771
1788636702.5984468,2,100,136903,143771
1788636702.5984576,3,100,136903,143771
1788636703.7259452,0,0,135865,143771
1788636703.7259688,1,0,135865,143771
1788636703.7259822,2,97,136903,143771
1788636703.7259939,3,100,136903,143771
1788636704.8153338,0,0,135865,143771
1788636704.8153577,1,0,135865,143771
1788636704.8153713,2,100,136903,143771
1788636704.8153825,3,100,136903,143771
1788636705.941864,0,0,135865,143771
1788636705.941888,1,0,135865,143771
1788636705.9419005,2,100,136903,143771
1788636705.9419127,3,89,136903,143771
1788636707.0274577,0,0,135865,143771
1788636707.0274818,1,0,135865,143771
1788636707.0274951,2,100,136903,143771
1788636707.0275056,3,100,136903,143771
1788636708.1321118,0,0,135865,143771
1788636708.1321354,1,0,135865,143771
1788636708.1321485,2,100,136903,143771
1788636708.132159,3,100,136903,143771
1788636709.256202,0,0,135865,143771
1788636709.256226,1,0,135865,143771
1788636709.256239,2,100,136903,143771
1788636709.2562501,3,100,136903,143771
1788636710.3784347,0,0,135865,143771
1788636710.3784597,1,0,135865,143771
1788636710.3784726,2,100,136903,143771
1788636710.3784826,3,100,136903,143771
1788636711.48702,0,0,135865,143771
1788636711.4870448,1,0,135865,143771
1788636711.4870584,2,100,136903,143771
1788636711.4870691,3,100,136903,143771
1788636712.6139348,0,0,135865,143771
1788636712.613959,1,0,135865,143771
1788636712.6139715,2,100,136903,143771
1788636712.6139822,3,100,136903,143771
1788636713.6996524,0,0,135865,143771
1788636713.6996768,1,0,135865,143771
1788636713.6996896,2,100,136903,143771
1788636713.6997015,3,100,136903,143771
1788636714.7878795,0,0,135865,143771
1788636714.7879035,1,0,135865,143771
1788636714.787916,2,98,136903,143771
1788636714.7879267,3,93,136903,143771
1788636715.9141383,0,0,135865,143771
1788636715.9141624,1,0,135865,143771
1788636715.9141748,2,100,136903,143771
1788636715.9141853,3,100,136903,143771
1788636717.0031888,0,0,135865,143771
1788636717.0032127,1,0,135865,143771
1788636717.0032256,2,86,136903,143771
1788636717.003236,3,86,136903,143771
1788636718.091337,0,0,135865,143771
1788636718.0913603,1,0,135865,143771
1788636718.0913737,2,100,136903,143771
1788636718.0913851,3,100,136903,143771
1788636719.198173,0,0,135865,143771
1788636719.1981964,1,0,135865,143771
1788636719.1982093,2,100,136903,143771
1788636719.1982198,3,100,136903,143771
1788636720.287044,0,0,135865,143771
1788636720.2870677,1,0,135865,143771
1788636720.287081,2,100,136903,143771
1788636720.2870913,3,100,136903,143771
1788636721.41574,0,0,135865,143771
1788636721.4157643,1,0,135865,143771
1788636721.4157777,2,100,136903,143771
1788636721.415788,3,100,136903,143771
1788636722.5217993,0,0,135865,143771
1788636722.5218232,1,0,135865,143771
1788636722.521836,2,100,136903,143771
1788636722.5218472,3,100,136903,143771
1788636723.62599,0,0,135865,143771
1788636723.6260138,1,0,135865,143771
1788636723.6260278,2,100,136903,143771
1788636723.626039,3,100,136903,143771
1788636724.7154384,0,0,135865,143771
1788636724.715462,1,0,135865,143771
1788636724.7154746,2,100,136903,143771
1788636724.7154849,3,100,136903,143771
1788636725.8218236,0,0,135865,143771
1788636725.8218484,1,0,135865,143771
1788636725.8218603,2,100,136903,143771
1788636725.821871,3,100,136903,143771
1788636726.9120274,0,0,135865,143771
1788636726.9120524,1,0,135865,143771
1788636726.9120657,2,100,136903,143771
1788636726.912077,3,100,136903,143771
1788636728.0384562,0,0,135865,143771
1788636728.0384817,1,0,135865,143771
1788636728.0384943,2,100,136903,143771
1788636728.0385044,3,100,136903,143771
1788636729.1235037,0,0,135865,143771
1788636729.123528,1,0,135865,143771
1788636729.1235402,2,100,136903,143771
1788636729.1235502,3,100,136903,143771
1788636730.21168,0,0,135865,143771
1788636730.2117033,1,0,135865,143771
1788636730.2117174,2,100,136903,143771
1788636730.2117279,3,100,136903,143771
1788636731.336177,0,0,135865,143771
1788636731.3362012,1,0,135865,143771
1788636731.3362148,2,100,136903,143771
1788636731.3362255,3,100,136903,143771
1788636732.4621005,0,0,135865,143771
1788636732.4621258,1,0,135865,143771
1788636732.4621394,2,100,136903,143771
1788636732.4621503,3,100,136903,143771
1788636733.551593,0,0,135865,143771
1788636733.5516162,1,0,135865,143771
1788636733.5516293,2,99,136903,143771
1788636733.5516405,3,100,136903,143771
1788636734.6582036,0,0,135865,143771
1788636734.658228,1,0,135865,143771
1788636734.6582408,2,100,136903,143771
1788636734.658251,3,100,136903,143771
1788636735.7662582,0,0,135865,143771
1788636735.7662826,1,0,135865,143771
1788636735.7662961,2,100,136903,143771
1788636735.766307,3,100,136903,143771
1788636736.8555508,0,0,135865,143771
1788636736.855576,1,0,135865,143771
1788636736.855589,2,100,136903,143771
1788636736.8555987,3,100,136903,143771
1788636737.9619446,0,0,135865,143771
1788636737.9619684,1,0,135865,143771
1788636737.9619815,2,100,136903,143771
1788636737.9619918,3,100,136903,143771
1788636739.0517008,0,0,135865,143771
1788636739.0517256,1,0,135865,143771
1788636739.0517411,2,100,136903,143771
1788636739.0517569,3,100,136903,143771
1788636740.157403,0,0,135865,143771
1788636740.1574266,1,0,135865,143771
1788636740.1574395,2,100,136903,143771
1788636740.1574504,3,100,136903,143771
1788636741.2811484,0,0,135865,143771
1788636741.281173,1,0,135865,143771
1788636741.2811859,2,90,136903,143771
1788636741.2811973,3,100,136903,143771
1788636742.4057884,0,0,135865,143771
1788636742.4058135,1,0,135865,143771
1788636742.4058266,2,100,136903,143771
1788636742.405837,3,100,136903,143771
1788636743.4926853,0,0,135865,143771
1788636743.4927096,1,0,135865,143771
1788636743.4927225,2,100,136903,143771
1788636743.492733,3,100,136903,143771
1788636744.6508663,0,0,135865,143771
1788636744.6508899,1,0,135865,143771
1788636744.6509032,2,100,136903,143771
1788636744.6509147,3,100,136903,143771
1788636745.7582147,0,0,135865,143771
1788636745.7582393,1,0,135865,143771
1788636745.7582521,2,100,136903,143771
1788636745.7582617,3,100,136903,143771
1788636746.8860872,0,0,135865,143771
1788636746.8861125,1,0,135865,143771
1788636746.8861253,2,100,136903,143771
1788636746.8861356,3,100,136903,143771
1788636747.9939153,0,0,135865,143771
1788636747.9939396,1,0,135865,143771
1788636747.9939523,2,100,136903,143771
1788636747.9939632,3,100,136903,143771
1788636749.1022909,0,0,135865,143771
1788636749.1023147,1,0,135865,143771
1788636749.1023276,2,100,136903,143771
1788636749.102339,3,100,136903,143771
1788636750.2041261,0,0,135865,143771
1788636750.2041512,1,0,135865,143771
1788636750.2041638,2,100,136903,143771
1788636750.2041748,3,95,136903,143771
1788636751.2916384,0,0,135865,143771
1788636751.2916625,1,0,135865,143771
1788636751.2916758,2,100,136903,143771
1788636751.291686,3,100,136903,143771
1788636752.3983035,0,0,135865,143771
1788636752.398328,1,0,135865,143771
1788636752.3983412,2,100,136903,143771
1788636752.3983517,3,100,136903,143771
1788636753.5060225,0,0,135865,143771
1788636753.506047,1,0,135865,143771
1788636753.5060601,2,100,136903,143771
1788636753.5060716,3,100,136903,143771
1788636754.6339405,0,0,135865,143771
1788636754.633965,1,0,135865,143771
1788636754.633978,2,100,136903,143771
1788636754.6339884,3,100,136903,143771
1788636755.7620945,0,0,135865,143771
1788636755.7621183,1,0,135865,143771
1788636755.7621317,2,100,136903,143771
1788636755.7621431,3,100,136903,143771
1788636756.8478491,0,0,135865,143771
1788636756.8478737,1,0,135865,143771
1788636756.8478868,2,100,136903,143771
1788636756.847897,3,100,136903,143771
1788636757.9356384,0,0,135865,143771
1788636757.9356627,1,0,135865,143771
1788636757.935676,2,87,136903,143771
1788636757.9356868,3,64,136903,143771
1788636759.0611012,0,0,135865,143771
1788636759.0611262,1,0,135865,143771
1788636759.0611398,2,100,136903,143771
1788636759.0611508,3,100,136903,143771
1788636760.1843865,0,0,135865,143771
1788636760.1844103,1,0,135865,143771
1788636760.184423,2,100,136903,143771
1788636760.1844342,3,100,136903,143771
1788636761.271344,0,0,135865,143771
1788636761.2713668,1,0,135865,143771
1788636761.2713807,2,84,136903,143771
1788636761.2713923,3,100,136903,143771
1788636762.3989468,0,0,135865,143771
1788636762.3989716,1,0,135865,143771
1788636762.3989856,2,100,136903,143771
1788636762.398997,3,100,136903,143771
1788636763.487739,0,0,135865,143771
1788636763.487763,1,0,135865,143771
1788636763.4877753,2,100,136903,143771
1788636763.4877872,3,100,136903,143771
1788636764.6137042,0,0,135865,143771
1788636764.6137285,1,0,135865,143771
1788636764.6137416,2,100,136903,143771
1788636764.6137521,3,100,136903,143771
1788636765.6992497,0,0,135865,143771
1788636765.6992736,1,0,135865,143771
1788636765.699286,2,100,136903,143771
1788636765.6992965,3,100,136903,143771
1788636766.824279,0,0,135865,143771
1788636766.8243032,1,0,135865,143771
1788636766.8243165,2,100,136903,143771
1788636766.8243277,3,100,136903,143771
1788636767.9300625,0,0,135865,143771
1788636767.930087,1,0,135865,143771
1788636767.9300997,2,67,136903,143771
1788636767.930111,3,100,136903,143771
1788636769.0542102,0,0,135865,143771
1788636769.0542343,1,0,135865,143771
1788636769.054247,2,100,136903,143771
1788636769.0542576,3,100,136903,143771
1788636770.212484,0,0,135865,143771
1788636770.2125082,1,0,135865,143771
1788636770.2125213,2,100,136903,143771
1788636770.2125323,3,100,136903,143771
1788636771.3396618,0,0,135865,143771
1788636771.3396869,1,0,135865,143771
1788636771.3397,2,100,136903,143771
1788636771.339711,3,100,136903,143771
1788636772.4663024,0,0,135865,143771
1788636772.4663277,1,0,135865,143771
1788636772.4663405,2,89,136903,143771
1788636772.4663522,3,100,136903,143771
1788636773.5939457,0,0,135865,143771
1788636773.5939696,1,0,135865,143771
1788636773.593982,2,100,136903,143771
1788636773.5939925,3,100,136903,143771
1788636774.7200594,0,0,135865,143771
1788636774.7200835,1,0,135865,143771
1788636774.7200966,2,100,136903,143771
1788636774.7201073,3,100,136903,143771
1788636775.8252268,0,0,135865,143771
1788636775.8252518,1,0,135865,143771
1788636775.8252654,2,61,136903,143771
1788636775.8252769,3,99,136903,143771
1788636776.928208,0,0,135865,143771
1788636776.928232,1,0,135865,143771
1788636776.9282448,2,100,136903,143771
1788636776.9282563,3,100,136903,143771
1788636778.054011,0,0,135865,143771
1788636778.0540352,1,0,135865,143771
1788636778.0540485,2,100,136903,143771
1788636778.0540593,3,100,136903,143771
1788636779.1432133,0,0,135865,143771
1788636779.1432369,1,0,135865,143771
1788636779.1432498,2,100,136903,143771
1788636779.1432607,3,100,136903,143771
1788636780.2324119,0,0,135865,143771
1788636780.2324362,1,0,135865,143771
1788636780.2324493,2,100,136903,143771
1788636780.2324607,3,100,136903,143771
1788636781.3578665,0,0,135865,143771
1788636781.3578906,1,0,135865,143771
1788636781.3579032,2,100,136903,143771
1788636781.3579147,3,100,136903,143771
1788636782.4475915,0,0,135865,143771
1788636782.4476159,1,0,135865,143771
1788636782.447628,2,99,136903,143771
1788636782.4476388,3,100,136903,143771
1788636783.5747807,0,0,135865,143771
1788636783.574805,1,0,135865,143771
1788636783.5748174,2,100,136903,143771
1788636783.5748289,3,100,136903,143771
1788636784.701247,0,0,135865,143771
1788636784.701271,1,0,135865,143771
1788636784.7012832,2,68,136903,143771
1788636784.7012951,3,100,136903,143771
1788636785.8240013,0,0,135865,143771
1788636785.8240252,1,0,135865,143771
1788636785.824039,2,100,136903,143771
1788636785.82405,3,100,136903,143771
1788636786.9294026,0,0,135865,143771
1788636786.9294267,1,0,135865,143771
1788636786.92944,2,100,136903,143771
1788636786.929451,3,89,136903,143771
1788636788.015746,0,0,135865,143771
1788636788.0157702,1,0,135865,143771
1788636788.015783,2,100,136903,143771
1788636788.015793,3,100,136903,143771
1788636789.1219144,0,0,135865,143771
1788636789.121939,1,0,135865,143771
1788636789.121952,2,100,136903,143771
1788636789.1219635,3,71,136903,143771
1788636790.2290947,0,0,135865,143771
1788636790.229119,1,0,135865,143771
1788636790.2291315,2,100,136903,143771
1788636790.2291427,3,100,136903,143771
1788636791.354711,0,0,135865,143771
1788636791.3547347,1,0,135865,143771
1788636791.3547475,2,100,136903,143771
1788636791.3547583,3,100,136903,143771
1788636792.463338,0,0,135865,143771
1788636792.4633622,1,0,135865,143771
1788636792.4633758,2,67,136903,143771
1788636792.4633868,3,87,136903,143771
1788636793.5704136,0,0,135865,143771
1788636793.5704386,1,0,135865,143771
1788636793.5704517,2,100,136903,143771
1788636793.570463,3,96,136903,143771
1788636794.6593838,0,0,135865,143771
1788636794.6594083,1,0,135865,143771
1788636794.6594212,2,100,136903,143771
1788636794.6594326,3,100,136903,143771
1788636795.7853281,0,0,135865,143771
1788636795.7853532,1,0,135865,143771
1788636795.785366,2,100,136903,143771
1788636795.785376,3,100,136903,143771
1788636796.8715901,0,0,135865,143771
1788636796.8716147,1,0,135865,143771
1788636796.8716273,2,100,136903,143771
1788636796.8716378,3,100,136903,143771
1788636797.9593048,0,0,135865,143771
1788636797.9593291,1,0,135865,143771
1788636797.9593415,2,88,136903,143771
1788636797.9593537,3,100,136903,143771
1788636799.0863297,0,0,135865,143771
1788636799.086354,1,0,135865,143771
1788636799.0863664,2,100,136903,143771
1788636799.086377,3,100,136903,143771
1788636800.213298,0,0,135865,143771
1788636800.2133214,1,0,135865,143771
1788636800.2133346,2,100,136903,143771
1788636800.2133455,3,100,136903,143771
1788636801.2994463,0,0,135865,143771
1788636801.2994697,1,0,135865,143771
1788636801.299482,2,100,136903,143771
1788636801.2994928,3,100,136903,143771
1788636802.424269,0,0,135865,143771
1788636802.4242923,1,0,135865,143771
1788636802.4243052,2,100,136903,143771
1788636802.4243164,3,100,136903,143771
1788636803.530838,0,0,135865,143771
1788636803.5308628,1,0,135865,143771
1788636803.5308766,2,100,136903,143771
1788636803.5308871,3,100,136903,143771
1788636804.6577146,0,0,135865,143771
1788636804.6577387,1,0,135865,143771
1788636804.6577518,2,100,136903,143771
1788636804.6577623,3,100,136903,143771
1788636805.7823787,0,0,135865,143771
1788636805.782404,1,0,135865,143771
1788636805.7824163,2,100,136903,143771
1788636805.7824268,3,100,136903,143771
1788636806.911831,0,0,135865,143771
1788636806.9118547,1,0,135865,143771
1788636806.911868,2,100,136903,143771
1788636806.911879,3,98,136903,143771
1788636808.0000863,0,0,135865,143771
1788636808.0001104,1,0,135865,143771
1788636808.0001235,2,100,136903,143771
1788636808.0001335,3,100,136903,143771
1788636809.1062407,0,0,135865,143771
1788636809.1062655,1,0,135865,143771
1788636809.1062777,2,100,136903,143771
1788636809.1062884,3,100,136903,143771
1788636810.1952686,0,0,135865,143771
1788636810.195293,1,0,135865,143771
1788636810.1953058,2,76,136903,143771
1788636810.1953166,3,70,136903,143771
1788636811.3020356,0,0,135865,143771
1788636811.3020601,1,0,135865,143771
1788636811.302073,2,100,136903,143771
1788636811.3020847,3,100,136903,143771
1788636812.4099503,0,0,135865,143771
1788636812.4099743,1,0,135865,143771
1788636812.4099872,2,100,136903,143771
1788636812.4099975,3,100,136903,143771
1788636813.5000734,0,0,135865,143771
1788636813.5000978,1,0,135865,143771
1788636813.500111,2,100,136903,143771
1788636813.5001214,3,100,136903,143771
1788636814.626377,0,0,135865,143771
1788636814.6264012,1,0,135865,143771
1788636814.6264148,2,100,136903,143771
1788636814.6264253,3,100,136903,143771
1788636815.7541592,0,0,135865,143771
1788636815.7541828,1,0,135865,143771
1788636815.754197,2,100,136903,143771
1788636815.7542083,3,92,136903,143771
1788636816.843301,0,0,135865,143771
1788636816.8433247,1,0,135865,143771
1788636816.843338,2,100,136903,143771
1788636816.8433483,3,100,136903,143771
1788636817.9692438,0,0,135865,143771
1788636817.9692676,1,0,135865,143771
1788636817.96928,2,100,136903,143771
1788636817.96929,3,100,136903,143771
1788636819.094773,0,0,135865,143771
1788636819.0947962,1,0,135865,143771
1788636819.0948093,2,100,136903,143771
1788636819.0948198,3,100,136903,143771
1788636820.179544,0,0,135865,143771
1788636820.1795678,1,0,135865,143771
1788636820.179581,2,100,136903,143771
1788636820.1795921,3,100,136903,143771
1788636821.2901952,0,0,135865,143771
1788636821.2902093,1,0,135865,143771
1788636821.2902172,2,100,136903,143771
1788636821.2902234,3,100,136903,143771
1788636822.405661,0,0,135865,143771
1788636822.4056854,1,0,135865,143771
1788636822.4056985,2,100,136903,143771
1788636822.4057088,3,100,136903,143771
1788636823.5299318,0,0,135865,143771
1788636823.529956,1,0,135865,143771
1788636823.529968,2,100,136903,143771
1788636823.5299778,3,100,136903,143771
1788636824.616565,0,0,135865,143771
1788636824.6165895,1,0,135865,143771
1788636824.616603,2,100,136903,143771
1788636824.6166134,3,100,136903,143771
1788636825.7036185,0,0,135865,143771
1788636825.7036426,1,0,135865,143771
1788636825.7036557,2,100,136903,143771
1788636825.7036664,3,100,136903,143771
1788636826.8106909,0,0,135865,143771
1788636826.8107152,1,0,135865,143771
1788636826.8107288,2,100,136903,143771
1788636826.8107388,3,100,136903,143771
1788636827.9182801,0,0,135865,143771
1788636827.9183042,1,0,135865,143771
1788636827.9183176,2,100,136903,143771
1788636827.918328,3,100,136903,143771
1788636829.0446043,0,0,135865,143771
1788636829.0446286,1,0,135865,143771
1788636829.044642,2,100,136903,143771
1788636829.0446525,3,100,136903,143771
1788636830.131161,0,0,135865,143771
1788636830.1311843,1,0,135865,143771
1788636830.1311975,2,100,136903,143771
1788636830.131208,3,100,136903,143771
1788636831.2377634,0,0,135865,143771
1788636831.2377868,1,0,135865,143771
1788636831.2378004,2,66,136903,143771
1788636831.2378109,3,67,136903,143771
1788636832.3467128,0,0,135865,143771
1788636832.3467386,1,0,135865,143771
1788636832.3467515,2,83,136903,143771
1788636832.3467622,3,100,136903,143771
1788636833.473012,0,0,135865,143771
1788636833.473036,1,0,135865,143771
1788636833.473049,2,100,136903,143771
1788636833.4730594,3,100,136903,143771
1788636834.5993915,0,0,135865,143771
1788636834.5994158,1,0,135865,143771
1788636834.5994291,2,100,136903,143771
1788636834.5994399,3,100,136903,143771
1788636835.6872199,0,0,135865,143771
1788636835.6872437,1,0,135865,143771
1788636835.6872568,2,100,136903,143771
1788636835.6872668,3,100,136903,143771
1788636836.7756019,0,0,135865,143771
1788636836.7756264,1,0,135865,143771
1788636836.7756395,2,94,136903,143771
1788636836.77565,3,100,136903,143771
1788636837.8810222,0,0,135865,143771
1788636837.8810463,1,0,135865,143771
1788636837.8810594,2,100,136903,143771
1788636837.8810701,3,100,136903,143771
1788636838.985254,0,0,135865,143771
1788636838.9852777,1,0,135865,143771
1788636838.9852912,2,100,136903,143771
1788636838.985302,3,100,136903,143771
1788636840.1090567,0,0,135865,143771
1788636840.109081,1,0,135865,143771
1788636840.1090937,2,100,136903,143771
1788636840.1091044,3,100,136903,143771
1788636841.2345026,0,0,135865,143771
1788636841.2345266,1,0,135865,143771
1788636841.23454,2,100,136903,143771
1788636841.2345502,3,100,136903,143771
1788636842.3195555,0,0,135865,143771
1788636842.31958,1,0,135865,143771
1788636842.3195925,2,100,136903,143771
1788636842.3196037,3,92,136903,143771
1788636843.4261465,0,0,135865,143771
1788636843.4261703,1,0,135865,143771
1788636843.426184,2,100,136903,143771
1788636843.4261954,3,100,136903,143771
1788636844.5151315,0,0,135865,143771
1788636844.5151548,1,0,135865,143771
1788636844.5151677,2,100,136903,143771
1788636844.5151784,3,100,136903,143771
1788636845.6034937,0,0,135865,143771
1788636845.6035187,1,0,135865,143771
1788636845.6035314,2,100,136903,143771
1788636845.603542,3,100,136903,143771
1788636846.6912022,0,0,135865,143771
1788636846.691226,1,0,135865,143771
1788636846.6912389,2,100,136903,143771
1788636846.69125,3,100,136903,143771
1788636847.7983925,0,0,135865,143771
1788636847.7984166,1,0,135865,143771
1788636847.798429,2,100,136903,143771
1788636847.7984395,3,100,136903,143771
1788636848.925057,0,0,135865,143771
1788636848.9250805,1,0,135865,143771
1788636848.9250941,2,100,136903,143771
1788636848.9251044,3,100,136903,143771
1788636850.0301409,0,0,135865,143771
1788636850.0301664,1,0,135865,143771
1788636850.0301797,2,96,136903,143771
1788636850.0301912,3,100,136903,143771
1788636851.1388462,0,0,135865,143771
1788636851.13887,1,0,135865,143771
1788636851.1388824,2,100,136903,143771
1788636851.1388934,3,100,136903,143771
1788636852.2400026,0,0,135865,143771
1788636852.2400267,1,0,135865,143771
1788636852.2400393,2,85,136903,143771
1788636852.2400496,3,100,136903,143771
1788636853.3441522,0,0,135865,143771
1788636853.3441756,1,0,135865,143771
1788636853.3441885,2,72,136903,143771
1788636853.344199,3,100,136903,143771
1788636854.4680538,0,0,135865,143771
1788636854.4680781,1,0,135865,143771
1788636854.4680917,2,100,136903,143771
1788636854.4681025,3,95,136903,143771
1788636855.555771,0,0,135865,143771
1788636855.555795,1,0,135865,143771
1788636855.5558076,2,58,136903,143771
1788636855.5558193,3,100,136903,143771
1788636856.6429255,0,0,135865,143771
1788636856.6429489,1,0,135865,143771
1788636856.6429617,2,100,136903,143771
1788636856.6429725,3,100,136903,143771
1788636857.7499413,0,0,135865,143771
1788636857.749965,1,0,135865,143771
1788636857.7499785,2,100,136903,143771
1788636857.7499888,3,100,136903,143771
1788636858.875983,0,0,135865,143771
1788636858.8760173,1,0,135865,143771
1788636858.8760316,2,83,136903,143771
1788636858.8760421,3,60,136903,143771
1788636859.9819186,0,0,135865,143771
1788636859.981943,1,0,135865,143771
1788636859.9819553,2,100,136903,143771
1788636859.981966,3,100,136903,143771
1788636861.0718565,0,0,135865,143771
1788636861.0718813,1,0,135865,143771
1788636861.0718946,2,100,136903,143771
1788636861.071906,3,100,136903,143771
1788636862.1775255,0,0,135865,143771
1788636862.1775494,1,0,135865,143771
1788636862.1775625,2,100,136903,143771
1788636862.1775727,3,100,136903,143771
1788636863.2811403,0,0,135865,143771
1788636863.2811654,1,0,135865,143771
1788636863.2811787,2,100,136903,143771
1788636863.2811892,3,100,136903,143771
1788636864.4041264,0,0,135865,143771
1788636864.4041502,1,0,135865,143771
1788636864.4041631,2,100,136903,143771
1788636864.404174,3,100,136903,143771
1788636865.5283601,0,0,135865,143771
1788636865.528384,1,0,135865,143771
1788636865.5283964,2,100,136903,143771
1788636865.5284066,3,100,136903,143771
1788636866.633911,0,0,135865,143771
1788636866.633934,1,0,135865,143771
1788636866.6339471,2,100,136903,143771
1788636866.6339574,3,100,136903,143771
1788636867.7427344,0,0,135865,143771
1788636867.7427588,1,0,135865,143771
1788636867.7427716,2,96,136903,143771
1788636867.742782,3,100,136903,143771
1788636868.8698545,0,0,135865,143771
1788636868.8698785,1,0,135865,143771
1788636868.8698914,2,100,136903,143771
1788636868.8699024,3,100,136903,143771
1788636869.979385,0,0,135865,143771
1788636869.979408,1,0,135865,143771
1788636869.979421,2,100,136903,143771
1788636869.9794319,3,100,136903,143771
1788636871.0703766,0,0,135865,143771
1788636871.070401,1,0,135865,143771
1788636871.0704143,2,100,136903,143771
1788636871.0704248,3,100,136903,143771
1788636872.160203,0,0,135865,143771
1788636872.1602275,1,0,135865,143771
1788636872.160241,2,100,136903,143771
1788636872.1602511,3,100,136903,143771
1788636873.2664993,0,0,135865,143771
1788636873.2665234,1,0,135865,143771
1788636873.2665365,2,100,136903,143771
1788636873.2665474,3,100,136903,143771
1788636874.3939128,0,0,135865,143771
1788636874.3939369,1,0,135865,143771
1788636874.3939502,2,100,136903,143771
1788636874.3939612,3,100,136903,143771
1788636875.4989166,0,0,135865,143771
1788636875.498941,1,0,135865,143771
1788636875.4989529,2,100,136903,143771
1788636875.4989634,3,100,136903,143771
1788636876.5881321,0,0,135865,143771
1788636876.5881574,1,0,135865,143771
1788636876.5881703,2,100,136903,143771
1788636876.5881817,3,100,136903,143771
1788636877.6756094,0,0,135865,143771
1788636877.6756337,1,0,135865,143771
1788636877.675646,2,100,136903,143771
1788636877.6756568,3,100,136903,143771
1788636878.782195,0,0,135865,143771
1788636878.7822182,1,0,135865,143771
1788636878.7822313,2,100,136903,143771
1788636878.7822413,3,100,136903,143771
1788636879.909923,0,0,135865,143771
1788636879.9099467,1,0,135865,143771
1788636879.9099603,2,100,136903,143771
1788636879.9099708,3,100,136903,143771
1788636881.0000932,0,0,135865,143771
1788636881.000118,1,0,135865,143771
1788636881.000131,2,92,136903,143771
1788636881.0001423,3,100,136903,143771
1788636882.106335,0,0,135865,143771
1788636882.1063595,1,0,135865,143771
1788636882.1063728,2,86,136903,143771
1788636882.106384,3,87,136903,143771
1788636883.191648,0,0,135865,143771
1788636883.1916714,1,0,135865,143771
1788636883.1916847,2,100,136903,143771
1788636883.1916957,3,100,136903,143771
1788636884.3184164,0,0,135865,143771
1788636884.3184397,1,0,135865,143771
1788636884.3184521,2,100,136903,143771
1788636884.3184626,3,75,136903,143771
1788636885.4422526,0,0,135865,143771
1788636885.4422772,1,0,135865,143771
1788636885.4422898,2,100,136903,143771
1788636885.4423003,3,100,136903,143771
1788636886.527747,0,0,135865,143771
1788636886.5277703,1,0,135865,143771
1788636886.5277832,2,100,136903,143771
1788636886.5277941,3,100,136903,143771
1788636887.6542847,0,0,135865,143771
1788636887.6543097,1,0,135865,143771
1788636887.6543229,2,100,136903,143771
1788636887.654334,3,100,136903,143771
1788636888.7805595,0,0,135865,143771
1788636888.7805836,1,0,135865,143771
1788636888.7805963,2,77,136903,143771
1788636888.7806067,3,100,136903,143771
1788636889.905357,0,0,135865,143771
1788636889.9053812,1,0,135865,143771
1788636889.9053943,2,100,136903,143771
1788636889.9054053,3,100,136903,143771
1788636891.0113568,0,0,135865,143771
1788636891.011381,1,0,135865,143771
1788636891.0113938,2,100,136903,143771
1788636891.0114048,3,100,136903,143771
1788636892.1013234,0,0,135865,143771
1788636892.1013482,1,0,135865,143771
1788636892.101361,2,100,136903,143771
1788636892.101372,3,100,136903,143771
1788636893.1883528,0,0,135865,143771
1788636893.1883764,1,0,135865,143771
1788636893.188389,2,100,136903,143771
1788636893.1883996,3,100,136903,143771
1788636894.314128,0,0,135865,143771
1788636894.3141518,1,0,135865,143771
1788636894.3141649,2,100,136903,143771
1788636894.3141756,3,100,136903,143771
1788636895.399749,0,0,135865,143771
1788636895.3997731,1,0,135865,143771
1788636895.399786,2,100,136903,143771
1788636895.399797,3,100,136903,143771
1788636896.5276916,0,0,135865,143771
1788636896.5277157,1,0,135865,143771
1788636896.5277286,2,100,136903,143771
1788636896.5277398,3,100,136903,143771
1788636897.6157594,0,0,135865,143771
1788636897.6157837,1,0,135865,143771
1788636897.615797,2,100,136903,143771
1788636897.6158075,3,100,136903,143771
1788636898.7773385,0,0,135865,143771
1788636898.777363,1,0,135865,143771
1788636898.7773755,2,100,136903,143771
1788636898.7773867,3,100,136903,143771
1788636899.863744,0,0,135865,143771
1788636899.8637676,1,0,135865,143771
1788636899.863781,2,100,136903,143771
1788636899.863792,3,100,136903,143771
1788636900.9686859,0,0,135865,143771
1788636900.9687102,1,0,135865,143771
1788636900.968723,2,100,136903,143771
1788636900.9687338,3,100,136903,143771
1788636902.0955508,0,0,135865,143771
1788636902.0955758,1,0,135865,143771
1788636902.0955884,2,100,136903,143771
1788636902.095599,3,100,136903,143771
1788636903.2239988,0,0,135865,143771
1788636903.2240243,1,0,135865,143771
1788636903.2240376,2,100,136903,143771
1788636903.224049,3,78,136903,143771
1788636904.3502018,0,0,135865,143771
1788636904.350226,1,0,135865,143771
1788636904.3502386,2,100,136903,143771
1788636904.3502495,3,100,136903,143771
1788636905.471689,0,0,135865,143771
1788636905.4717028,1,0,135865,143771
1788636905.4717102,2,66,136903,143771
1788636905.4717166,3,64,136903,143771
1788636906.5997937,0,0,135865,143771
1788636906.599819,1,0,135865,143771
1788636906.5998318,2,100,136903,143771
1788636906.5998425,3,100,136903,143771
1788636908.150228,0,0,135865,143771
1788636908.150244,1,0,135865,143771
1788636908.1502519,2,100,136903,143771
1788636908.1502585,3,100,136903,143771
1788636909.2581918,0,0,135865,143771
1788636909.2582183,1,0,135865,143771
1788636909.2582319,2,100,136903,143771
1788636909.2582426,3,50,136903,143771
1788636910.3870502,0,0,135865,143771
1788636910.3870752,1,0,135865,143771
1788636910.3870883,2,100,136903,143771
1788636910.3870995,3,100,136903,143771
1788636911.4949477,0,0,135865,143771
1788636911.494972,1,0,135865,143771
1788636911.4949844,2,0,136903,143771
1788636911.4949949,3,20,136903,143771
1788636912.6204665,0,0,135865,143771
1788636912.6204913,1,0,135865,143771
1788636912.6205041,2,100,136903,143771
1788636912.620515,3,92,136903,143771
1788636913.7077038,0,0,135865,143771
1788636913.707728,1,0,135865,143771
1788636913.7077413,2,100,136903,143771
1788636913.707753,3,100,136903,143771
1788636914.7959347,0,0,135865,143771
1788636914.795959,1,0,135865,143771
1788636914.7959726,2,100,136903,143771
1788636914.795983,3,100,136903,143771
1788636915.901867,0,0,135865,143771
1788636915.9018908,1,0,135865,143771
1788636915.9019039,2,100,136903,143771
1788636915.9019153,3,100,136903,143771
1788636916.9925854,0,0,135865,143771
1788636916.9926097,1,0,135865,143771
1788636916.9926233,2,100,136903,143771
1788636916.992634,3,100,136903,143771
1788636918.1162114,0,0,135865,143771
1788636918.1162353,1,0,135865,143771
1788636918.1162486,2,100,136903,143771
1788636918.116259,3,100,136903,143771
1788636919.2035446,0,0,135865,143771
1788636919.2035687,1,0,135865,143771
1788636919.2035823,2,100,136903,143771
1788636919.2035928,3,100,136903,143771
1788636920.3103302,0,0,135865,143771
1788636920.3103538,1,0,135865,143771
1788636920.3103669,2,100,136903,143771
1788636920.3103771,3,100,136903,143771
1788636921.4380317,0,0,135865,143771
1788636921.438056,1,0,135865,143771
1788636921.4380686,2,100,136903,143771
1788636921.43808,3,100,136903,143771
1788636922.5462165,0,0,135865,143771
1788636922.5462427,1,0,135865,143771
1788636922.5462554,2,100,136903,143771
1788636922.5462666,3,100,136903,143771
1788636923.635933,0,0,135865,143771
1788636923.6359568,1,0,135865,143771
1788636923.6359699,2,73,136903,143771
1788636923.6359806,3,78,136903,143771
1788636924.7625606,0,0,135865,143771
1788636924.7625842,1,0,135865,143771
1788636924.7625978,2,100,136903,143771
1788636924.7626085,3,100,136903,143771
1788636925.8697963,0,0,135865,143771
1788636925.8698208,1,0,135865,143771
1788636925.8698335,2,100,136903,143771
1788636925.8698442,3,100,136903,143771
1788636926.9924278,0,0,135865,143771
1788636926.9924521,1,0,135865,143771
1788636926.9924653,2,100,136903,143771
1788636926.9924765,3,100,136903,143771
1788636928.0793092,0,0,135865,143771
1788636928.0793335,1,0,135865,143771
1788636928.0793464,2,100,136903,143771
1788636928.079357,3,100,136903,143771
1788636929.2120411,0,0,135865,143771
1788636929.2120674,1,0,135865,143771
1788636929.2120805,2,100,136903,143771
1788636929.2120914,3,100,136903,143771
1788636930.3393002,0,0,135865,143771
1788636930.3393254,1,0,135865,143771
1788636930.339339,2,100,136903,143771
1788636930.3393497,3,100,136903,143771
1788636931.4458578,0,0,135865,143771
1788636931.445882,1,0,135865,143771
1788636931.4458947,2,100,136903,143771
1788636931.445906,3,100,136903,143771
1788636932.5732822,0,0,135865,143771
1788636932.5733078,1,0,135865,143771
1788636932.5733206,2,100,136903,143771
1788636932.573332,3,100,136903,143771
1788636933.6764526,0,0,135865,143771
1788636933.676477,1,0,135865,143771
1788636933.6764903,2,94,136903,143771
1788636933.6765013,3,100,136903,143771
1788636934.7633188,0,0,135865,143771
1788636934.7633424,1,0,135865,143771
1788636934.7633553,2,100,136903,143771
1788636934.7633665,3,99,136903,143771
1788636935.8521469,0,0,135865,143771
1788636935.8521714,1,0,135865,143771
1788636935.852184,2,100,136903,143771
1788636935.852195,3,100,136903,143771
1788636936.9579778,0,0,135865,143771
1788636936.9580019,1,0,135865,143771
1788636936.958015,2,100,136903,143771
1788636936.958026,3,100,136903,143771
1788636938.0477765,0,0,135865,143771
1788636938.0478008,1,0,135865,143771
1788636938.0478137,2,100,136903,143771
1788636938.0478244,3,100,136903,143771
1788636939.1732304,0,0,135865,143771
1788636939.1732543,1,0,135865,143771
1788636939.1732671,2,100,136903,143771
1788636939.1732774,3,100,136903,143771
1788636940.2782953,0,0,135865,143771
1788636940.2783191,1,0,135865,143771
1788636940.2783313,2,100,136903,143771
1788636940.2783427,3,100,136903,143771
1788636941.386562,0,0,135865,143771
1788636941.3865857,1,0,135865,143771
1788636941.3865988,2,100,136903,143771
1788636941.3866093,3,100,136903,143771
1788636942.4752986,0,0,135865,143771
1788636942.4753225,1,0,135865,143771
1788636942.4753356,2,100,136903,143771
1788636942.4753468,3,100,136903,143771
1788636943.563229,0,0,135865,143771
1788636943.563253,1,0,135865,143771
1788636943.5632653,2,100,136903,143771
1788636943.5632765,3,100,136903,143771
1788636944.6510644,0,0,135865,143771
1788636944.6510887,1,0,135865,143771
1788636944.651102,2,100,136903,143771
1788636944.6511147,3,68,136903,143771
1788636945.757721,0,0,135865,143771
1788636945.7577446,1,0,135865,143771
1788636945.757758,2,100,136903,143771
1788636945.7577696,3,84,136903,143771
1788636946.8431454,0,0,135865,143771
1788636946.8431692,1,0,135865,143771
1788636946.8431826,2,91,136903,143771
1788636946.843193,3,94,136903,143771
1788636947.9494925,0,0,135865,143771
1788636947.9495165,1,0,135865,143771
1788636947.9495292,2,69,136903,143771
1788636947.9495404,3,100,136903,143771
1788636949.0352597,0,0,135865,143771
1788636949.0352848,1,0,135865,143771
1788636949.0352979,2,92,136903,143771
1788636949.0353088,3,100,136903,143771
1788636950.123161,0,0,135865,143771
1788636950.123185,1,0,135865,143771
1788636950.123197,2,94,136903,143771
1788636950.1232085,3,69,136903,143771
1788636951.2114563,0,0,135865,143771
1788636951.2114801,1,0,135865,143771
1788636951.211493,2,100,136903,143771
1788636951.211504,3,100,136903,143771
1788636952.300041,0,0,135865,143771
1788636952.3000665,1,0,135865,143771
1788636952.300081,2,100,136903,143771
1788636952.3000922,3,100,136903,143771
1788636953.4268677,0,0,135865,143771
1788636953.4268923,1,0,135865,143771
1788636953.4269052,2,100,136903,143771
1788636953.4269166,3,100,136903,143771
1788636954.5334995,0,0,135865,143771
1788636954.5335238,1,0,135865,143771
1788636954.5335367,2,100,136903,143771
1788636954.5335479,3,100,136903,143771
1788636955.656138,0,0,135865,143771
1788636955.6561615,1,0,135865,143771
1788636955.6561747,2,100,136903,143771
1788636955.6561856,3,100,136903,143771
1788636956.7431638,0,0,135865,143771
1788636956.743188,1,0,135865,143771
1788636956.7432005,2,100,136903,143771
1788636956.7432115,3,100,136903,143771
1788636957.8691838,0,0,135865,143771
1788636957.8692076,1,0,135865,143771
1788636957.8692408,2,100,136903,143771
1788636957.8692524,3,100,136903,143771
1788636958.955233,0,0,135865,143771
1788636958.9552577,1,0,135865,143771
1788636958.9552717,2,100,136903,143771
1788636958.9552832,3,100,136903,143771
1788636960.0437248,0,0,135865,143771
1788636960.0437481,1,0,135865,143771
1788636960.0437605,2,100,136903,143771
1788636960.0437715,3,100,136903,143771
1788636961.1489275,0,0,135865,143771
1788636961.1489515,1,0,135865,143771
1788636961.1489644,2,100,136903,143771
1788636961.1489751,3,100,136903,143771
1788636962.2732425,0,0,135865,143771
1788636962.2732663,1,0,135865,143771
1788636962.273279,2,94,136903,143771
1788636962.2732902,3,100,136903,143771
1788636963.3593285,0,0,135865,143771
1788636963.3593526,1,0,135865,143771
1788636963.3593657,2,100,136903,143771
1788636963.3593767,3,100,136903,143771
1788636964.4474216,0,0,135865,143771
1788636964.4474452,1,0,135865,143771
1788636964.4474585,2,100,136903,143771
1788636964.4474695,3,100,136903,143771
1788636965.5533602,0,0,135865,143771
1788636965.5533838,1,0,135865,143771
1788636965.553397,2,100,136903,143771
1788636965.553407,3,100,136903,143771
1788636966.6388729,0,0,135865,143771
1788636966.6388962,1,0,135865,143771
1788636966.6389074,2,100,136903,143771
1788636966.6389172,3,100,136903,143771
1788636967.7459989,0,0,135865,143771
1788636967.7460225,1,0,135865,143771
1788636967.7460349,2,100,136903,143771
1788636967.7460454,3,88,136903,143771
1788636968.836205,0,0,135865,143771
1788636968.836229,1,0,135865,143771
1788636968.8362403,2,100,136903,143771
1788636968.8362505,3,100,136903,143771
1788636969.9611845,0,0,135865,143771
1788636969.9612257,1,0,135865,143771
1788636969.9612384,2,100,136903,143771
1788636969.9612482,3,100,136903,143771
1788636971.0865936,0,0,135865,143771
1788636971.0866172,1,0,135865,143771
1788636971.086629,2,100,136903,143771
1788636971.0866385,3,100,136903,143771
1788636972.19426,0,0,135865,143771
1788636972.1942835,1,0,135865,143771
1788636972.1942961,2,100,136903,143771
1788636972.1943064,3,100,136903,143771
1788636973.2838287,0,0,135865,143771
1788636973.2838519,1,0,135865,143771
1788636973.2838633,2,100,136903,143771
1788636973.2838728,3,100,136903,143771
1788636974.4104536,0,0,135865,143771
1788636974.4104786,1,0,135865,143771
1788636974.4104903,2,100,136903,143771
1788636974.4105,3,100,136903,143771
1788636975.541189,0,0,135865,143771
1788636975.5412326,1,0,135865,143771
1788636975.541245,2,100,136903,143771
1788636975.5412548,3,100,136903,143771
1788636976.6955178,0,0,135865,143771
1788636976.6955416,1,0,135865,143771
1788636976.695553,2,100,136903,143771
1788636976.6955621,3,100,136903,143771
1788636977.8224068,0,0,135865,143771
1788636977.82243,1,0,135865,143771
1788636977.8224416,2,100,136903,143771
1788636977.8224514,3,100,136903,143771
1788636978.9512827,0,0,135865,143771
1788636978.951307,1,0,135865,143771
1788636978.9513185,2,100,136903,143771
1788636978.9513278,3,100,136903,143771
1788636980.0605142,0,0,135865,143771
1788636980.0605383,1,0,135865,143771
1788636980.0605502,2,100,136903,143771
1788636980.0605595,3,100,136903,143771
1788636981.1674385,0,0,135865,143771
1788636981.1674623,1,0,135865,143771
1788636981.167474,2,100,136903,143771
1788636981.1674838,3,100,136903,143771
1788636982.295517,0,0,135865,143771
1788636982.2955399,1,0,135865,143771
1788636982.2955513,2,100,136903,143771
1788636982.2955606,3,100,136903,143771
1788636983.4025948,0,0,135865,143771
1788636983.4026184,1,0,135865,143771
1788636983.4026303,2,100,136903,143771
1788636983.4026399,3,100,136903,143771
1788636984.5306387,0,0,135865,143771
1788636984.530662,1,0,135865,143771
1788636984.5306742,2,100,136903,143771
1788636984.5306838,3,100,136903,143771
1788636985.620154,0,0,135865,143771
1788636985.6201775,1,0,135865,143771
1788636985.6201897,2,100,136903,143771
1788636985.6201992,3,100,136903,143771
1788636986.7461486,0,0,135865,143771
1788636986.746172,1,0,135865,143771
1788636986.7461834,2,100,136903,143771
1788636986.7461936,3,100,136903,143771
1788636987.8746517,0,0,135865,143771
1788636987.874675,1,0,135865,143771
1788636987.8746865,2,100,136903,143771
1788636987.8746958,3,100,136903,143771
1788636988.9843354,0,0,135865,143771
1788636988.9843585,1,0,135865,143771
1788636988.98437,2,100,136903,143771
1788636988.9843788,3,100,136903,143771
1788636990.0907404,0,0,135865,143771
1788636990.0907645,1,0,135865,143771
1788636990.090777,2,100,136903,143771
1788636990.0907865,3,100,136903,143771
1788636991.2180836,0,0,135865,143771
1788636991.2181075,1,0,135865,143771
1788636991.2181194,2,100,136903,143771
1788636991.2181296,3,100,136903,143771
1788636992.34597,0,0,135865,143771
1788636992.3459933,1,0,135865,143771
1788636992.3460054,2,100,136903,143771
1788636992.3460152,3,100,136903,143771
1788636993.4737077,0,0,135865,143771
1788636993.4737313,1,0,135865,143771
1788636993.473743,2,100,136903,143771
1788636993.4737523,3,100,136903,143771
1788636994.55997,0,0,135865,143771
1788636994.5599928,1,0,135865,143771
1788636994.560004,2,100,136903,143771
1788636994.560014,3,100,136903,143771
1788636995.6866271,0,0,135865,143771
1788636995.6866503,1,0,135865,143771
1788636995.6866627,2,100,136903,143771
1788636995.686673,3,100,136903,143771
1788636996.8143222,0,0,135865,143771
1788636996.8143454,1,0,135865,143771
1788636996.8143573,2,100,136903,143771
1788636996.8143666,3,100,136903,143771
1788636997.9422963,0,0,135865,143771
1788636997.9423206,1,0,135865,143771
1788636997.9423323,2,100,136903,143771
1788636997.942342,3,79,136903,143771
1788636999.0320208,0,0,135865,143771
1788636999.032045,1,0,135865,143771
1788636999.0320568,2,100,136903,143771
1788636999.032067,3,100,136903,143771
1788637000.1588027,0,0,135865,143771
1788637000.1588268,1,0,135865,143771
1788637000.1588387,2,100,136903,143771
1788637000.1588488,3,100,136903,143771
1788637001.2496467,0,0,135865,143771
1788637001.2496705,1,0,135865,143771
1788637001.2496815,2,100,136903,143771
1788637001.2496915,3,100,136903,143771
1788637002.3774502,0,0,135865,143771
1788637002.3774748,1,0,135865,143771
1788637002.377487,2,100,136903,143771
1788637002.3774962,3,100,136903,143771
1788637003.4826806,0,0,135865,143771
1788637003.4827042,1,0,135865,143771
1788637003.482716,2,100,136903,143771
1788637003.4827259,3,100,136903,143771
1788637004.5715375,0,0,135865,143771
1788637004.5715606,1,0,135865,143771
1788637004.5715725,2,100,136903,143771
1788637004.5715816,3,100,136903,143771
1788637005.659733,0,0,135865,143771
1788637005.6597562,1,0,135865,143771
1788637005.6597688,2,100,136903,143771
1788637005.6597788,3,100,136903,143771
1788637006.7651577,0,0,135865,143771
1788637006.7651813,1,0,135865,143771
1788637006.7651935,2,100,136903,143771
1788637006.7652035,3,100,136903,143771
1788637007.8698487,0,0,135865,143771
1788637007.8698723,1,0,135865,143771
1788637007.869884,2,100,136903,143771
1788637007.8698933,3,100,136903,143771
1788637008.994839,0,0,135865,143771
1788637008.9948628,1,0,135865,143771
1788637008.9948745,2,100,136903,143771
1788637008.9948843,3,100,136903,143771
1788637010.1010742,0,0,135865,143771
1788637010.101099,1,0,135865,143771
1788637010.1011102,2,100,136903,143771
1788637010.1011202,3,100,136903,143771
1788637011.1876593,0,0,135865,143771
1788637011.1876738,1,0,135865,143771
1788637011.1876807,2,100,136903,143771
1788637011.1876864,3,100,136903,143771
1788637012.315202,0,0,135865,143771
1788637012.3152268,1,0,135865,143771
1788637012.3152387,2,87,136903,143771
1788637012.3152485,3,96,136903,143771
1788637013.4224257,0,0,135865,143771
1788637013.4224494,1,0,135865,143771
1788637013.422461,2,83,136903,143771
1788637013.4224703,3,71,136903,143771
1788637014.511907,0,0,135865,143771
1788637014.5119302,1,0,135865,143771
1788637014.511942,2,100,136903,143771
1788637014.5119514,3,100,136903,143771
1788637015.638464,0,0,135865,143771
1788637015.6384878,1,0,135865,143771
1788637015.6385007,2,100,136903,143771
1788637015.6385107,3,100,136903,143771
1788637016.7281792,0,0,135865,143771
1788637016.728203,1,0,135865,143771
1788637016.7282145,2,100,136903,143771
1788637016.7282245,3,100,136903,143771
1788637017.8340685,0,0,135865,143771
1788637017.8340914,1,0,135865,143771
1788637017.8341036,2,61,136903,143771
1788637017.834114,3,100,136903,143771
1788637018.9619362,0,0,135865,143771
1788637018.9619594,1,0,135865,143771
1788637018.9619715,2,100,136903,143771
1788637018.9619806,3,100,136903,143771
1788637020.089201,0,0,135865,143771
1788637020.0892417,1,0,135865,143771
1788637020.0892541,2,100,136903,143771
1788637020.0892644,3,92,136903,143771
1788637021.175633,0,0,135865,143771
1788637021.175656,1,0,135865,143771
1788637021.1756675,2,77,136903,143771
1788637021.175678,3,100,136903,143771
1788637022.282896,0,0,135865,143771
1788637022.2829201,1,0,135865,143771
1788637022.2829328,2,100,136903,143771
1788637022.2829425,3,100,136903,143771
1788637023.3906424,0,0,135865,143771
1788637023.3906662,1,0,135865,143771
1788637023.3906782,2,100,136903,143771
1788637023.390688,3,100,136903,143771
1788637024.5198762,0,0,135865,143771
1788637024.5199003,1,0,135865,143771
1788637024.5199122,2,100,136903,143771
1788637024.5199223,3,100,136903,143771
1788637025.6264198,0,0,135865,143771
1788637025.626444,1,0,135865,143771
1788637025.626456,2,100,136903,143771
1788637025.6264658,3,100,136903,143771
1788637026.716039,0,0,135865,143771
1788637026.7160625,1,0,135865,143771
1788637026.7160745,2,100,136903,143771
1788637026.7160842,3,100,136903,143771
1788637027.8440294,0,0,135865,143771
1788637027.8440528,1,0,135865,143771
1788637027.8440652,2,100,136903,143771
1788637027.8440752,3,100,136903,143771
1788637028.950307,0,0,135865,143771
1788637028.9503303,1,0,135865,143771
1788637028.9503424,2,100,136903,143771
1788637028.9503522,3,100,136903,143771
1788637030.078482,0,0,135865,143771
1788637030.0785055,1,0,135865,143771
1788637030.078518,2,100,136903,143771
1788637030.0785275,3,100,136903,143771
1788637031.1683977,0,0,135865,143771
1788637031.1684213,1,0,135865,143771
1788637031.168433,2,86,136903,143771
1788637031.1684427,3,100,136903,143771
1788637032.255975,0,0,135865,143771
1788637032.2559981,1,0,135865,143771
1788637032.2560098,2,79,136903,143771
1788637032.2560203,3,100,136903,143771
1788637033.3437085,0,0,135865,143771
1788637033.3437316,1,0,135865,143771
1788637033.3437436,2,100,136903,143771
1788637033.3437529,3,100,136903,143771
1788637034.4502778,0,0,135865,143771
1788637034.4503016,1,0,135865,143771
1788637034.4503129,2,100,136903,143771
1788637034.4503229,3,100,136903,143771
1788637035.5753286,0,0,135865,143771
1788637035.5753517,1,0,135865,143771
1788637035.5753639,2,100,136903,143771
1788637035.575374,3,100,136903,143771
1788637036.6642346,0,0,135865,143771
1788637036.6642587,1,0,135865,143771
1788637036.6642704,2,100,136903,143771
1788637036.6642802,3,100,136903,143771
1788637037.7704225,0,0,135865,143771
1788637037.770446,1,0,135865,143771
1788637037.770457,2,100,136903,143771
1788637037.770466,3,100,136903,143771
1788637038.8786397,0,0,135865,143771
1788637038.8786628,1,0,135865,143771
1788637038.878675,2,100,136903,143771
1788637038.8786855,3,100,136903,143771
1788637039.9677792,0,0,135865,143771
1788637039.9678025,1,0,135865,143771
1788637039.9678147,2,71,136903,143771
1788637039.9678245,3,77,136903,143771
1788637041.095412,0,0,135865,143771
1788637041.0954356,1,0,135865,143771
1788637041.0954478,2,100,136903,143771
1788637041.0954573,3,100,136903,143771
1788637042.2220972,0,0,135865,143771
1788637042.2221208,1,0,135865,143771
1788637042.222133,2,100,136903,143771
1788637042.2221427,3,100,136903,143771
1788637043.3320532,0,0,135865,143771
1788637043.3320773,1,0,135865,143771
1788637043.332089,2,100,136903,143771
1788637043.3320985,3,100,136903,143771
1788637044.4393663,0,0,135865,143771
1788637044.4393902,1,0,135865,143771
1788637044.4394023,2,100,136903,143771
1788637044.4394119,3,100,136903,143771
1788637045.5284543,0,0,135865,143771
1788637045.528478,1,0,135865,143771
1788637045.5284896,2,100,136903,143771
1788637045.528499,3,100,136903,143771
1788637046.6158834,0,0,135865,143771
1788637046.6159081,1,0,135865,143771
1788637046.61592,2,81,136903,143771
1788637046.61593,3,100,136903,143771
1788637047.7433767,0,0,135865,143771
1788637047.7434008,1,0,135865,143771
1788637047.7434125,2,100,136903,143771
1788637047.7434235,3,100,136903,143771
1788637048.8506246,0,0,135865,143771
1788637048.850648,1,0,135865,143771
1788637048.8506594,2,100,136903,143771
1788637048.8506691,3,100,136903,143771
1788637049.957671,0,0,135865,143771
1788637049.9576943,1,0,135865,143771
1788637049.9577065,2,100,136903,143771
1788637049.9577165,3,100,136903,143771
1788637051.0624888,0,0,135865,143771
1788637051.0625126,1,0,135865,143771
1788637051.062524,2,100,136903,143771
1788637051.0625339,3,100,136903,143771
1788637052.1900742,0,0,135865,143771
1788637052.1900978,1,0,135865,143771
1788637052.1901104,2,100,136903,143771
1788637052.1901202,3,100,136903,143771
1788637053.318555,0,0,135865,143771
1788637053.318579,1,0,135865,143771
1788637053.3185904,2,100,136903,143771
1788637053.3186007,3,100,136903,143771
1788637054.4909701,0,0,135865,143771
1788637054.490994,1,0,135865,143771
1788637054.491006,2,100,136903,143771
1788637054.491016,3,100,136903,143771
1788637055.6189678,0,0,135865,143771
1788637055.6189914,1,0,135865,143771
1788637055.6190026,2,100,136903,143771
1788637055.6190126,3,76,136903,143771
1788637056.7475688,0,0,135865,143771
1788637056.7475934,1,0,135865,143771
1788637056.7476058,2,100,136903,143771
1788637056.7476158,3,100,136903,143771
1788637057.836035,0,0,135865,143771
1788637057.8360584,1,0,135865,143771
1788637057.83607,2,98,136903,143771
1788637057.83608,3,74,136903,143771
1788637058.9619207,0,0,135865,143771
1788637058.961944,1,0,135865,143771
1788637058.9619558,2,100,136903,143771
1788637058.9619656,3,100,136903,143771
1788637060.0726469,0,0,135865,143771
1788637060.0726712,1,0,135865,143771
1788637060.072683,2,100,136903,143771
1788637060.0726922,3,100,136903,143771
1788637061.163792,0,0,135865,143771
1788637061.1638153,1,0,135865,143771
1788637061.1638272,2,100,136903,143771
1788637061.1638367,3,100,136903,143771
1788637062.27049,0,0,135865,143771
1788637062.2705133,1,0,135865,143771
1788637062.2705255,2,100,136903,143771
1788637062.2705486,3,100,136903,143771
1788637063.3981545,0,0,135865,143771
1788637063.3981788,1,0,135865,143771
1788637063.3981905,2,100,136903,143771
1788637063.398201,3,100,136903,143771
1788637064.5017917,0,0,135865,143771
1788637064.5018148,1,0,135865,143771
1788637064.5018265,2,100,136903,143771
1788637064.5018365,3,100,136903,143771
1788637065.6077101,0,0,135865,143771
1788637065.607734,1,0,135865,143771
1788637065.6077452,2,100,136903,143771
1788637065.6077557,3,100,136903,143771
1788637066.7141418,0,0,135865,143771
1788637066.7141652,1,0,135865,143771
1788637066.7141767,2,100,136903,143771
1788637066.7141871,3,100,136903,143771
1788637067.822977,0,0,135865,143771
1788637067.8230014,1,0,135865,143771
1788637067.8230143,2,78,136903,143771
1788637067.823024,3,100,136903,143771
1788637068.9291196,0,0,135865,143771
1788637068.9291427,1,0,135865,143771
1788637068.9291549,2,100,136903,143771
1788637068.9291642,3,100,136903,143771
1788637070.0540454,0,0,135865,143771
1788637070.0540693,1,0,135865,143771
1788637070.0540802,2,100,136903,143771
1788637070.0540895,3,100,136903,143771
1788637071.182642,0,0,135865,143771
1788637071.1826649,1,0,135865,143771
1788637071.1826763,2,100,136903,143771
1788637071.1826859,3,100,136903,143771
1788637072.3113382,0,0,135865,143771
1788637072.3113637,1,0,135865,143771
1788637072.3113754,2,100,136903,143771
1788637072.3113852,3,100,136903,143771
1788637073.4000254,0,0,135865,143771
1788637073.400049,1,0,135865,143771
1788637073.4000607,2,100,136903,143771
1788637073.4000702,3,100,136903,143771
1788637074.4875398,0,0,135865,143771
1788637074.4875627,1,0,135865,143771
1788637074.4875746,2,87,136903,143771
1788637074.4875848,3,100,136903,143771
1788637075.6126375,0,0,135865,143771
1788637075.6126604,1,0,135865,143771
1788637075.6126726,2,100,136903,143771
1788637075.6126828,3,100,136903,143771
1788637076.7394843,0,0,135865,143771
1788637076.7395077,1,0,135865,143771
1788637076.7395191,2,100,136903,143771
1788637076.739529,3,100,136903,143771
1788637077.8481677,0,0,135865,143771
1788637077.8481915,1,0,135865,143771
1788637077.8482025,2,75,136903,143771
1788637077.848213,3,100,136903,143771
1788637078.9747083,0,0,135865,143771
1788637078.974732,1,0,135865,143771
1788637078.9747436,2,100,136903,143771
1788637078.9747534,3,100,136903,143771
1788637080.0631826,0,0,135865,143771
1788637080.0632064,1,0,135865,143771
1788637080.063218,2,100,136903,143771
1788637080.063228,3,100,136903,143771
1788637081.151789,0,0,135865,143771
1788637081.151812,1,0,135865,143771
1788637081.1518235,2,99,136903,143771
1788637081.151834,3,100,136903,143771
1788637082.2776492,0,0,135865,143771
1788637082.2776723,1,0,135865,143771
1788637082.2776842,2,100,136903,143771
1788637082.2776937,3,100,136903,143771
1788637083.3638177,0,0,135865,143771
1788637083.3638418,1,0,135865,143771
1788637083.3638535,2,88,136903,143771
1788637083.3638635,3,63,136903,143771
1788637084.4707003,0,0,135865,143771
1788637084.4707239,1,0,135865,143771
1788637084.470736,2,100,136903,143771
1788637084.4707456,3,80,136903,143771
1788637085.577951,0,0,135865,143771
1788637085.577974,1,0,135865,143771
1788637085.5779858,2,100,136903,143771
1788637085.5779963,3,100,136903,143771
1788637086.7041667,0,0,135865,143771
1788637086.704191,1,0,135865,143771
1788637086.7042027,2,100,136903,143771
1788637086.7042122,3,100,136903,143771
1788637087.7913969,0,0,135865,143771
1788637087.7914212,1,0,135865,143771
1788637087.7914329,2,100,136903,143771
1788637087.7914426,3,100,136903,143771
1788637088.8801892,0,0,135865,143771
1788637088.880213,1,0,135865,143771
1788637088.8802242,2,100,136903,143771
1788637088.8802342,3,100,136903,143771
1788637089.9882483,0,0,135865,143771
1788637089.9882722,1,0,135865,143771
1788637089.9882836,2,100,136903,143771
1788637089.9882932,3,100,136903,143771
1788637091.075767,0,0,135865,143771
1788637091.0757904,1,0,135865,143771
1788637091.0758026,2,100,136903,143771
1788637091.0758128,3,100,136903,143771
1788637092.2032282,0,0,135865,143771
1788637092.203252,1,0,135865,143771
1788637092.2032635,2,100,136903,143771
1788637092.2032733,3,100,136903,143771
1788637093.3308263,0,0,135865,143771
1788637093.3308508,1,0,135865,143771
1788637093.3308625,2,80,136903,143771
1788637093.3308725,3,100,136903,143771
1788637094.4399426,0,0,135865,143771
1788637094.4399662,1,0,135865,143771
1788637094.439978,2,100,136903,143771
1788637094.4399872,3,100,136903,143771
1788637095.565658,0,0,135865,143771
1788637095.5656817,1,0,135865,143771
1788637095.5656934,2,100,136903,143771
1788637095.5657032,3,100,136903,143771
1788637096.6921806,0,0,135865,143771
1788637096.692205,1,0,135865,143771
1788637096.6922169,2,100,136903,143771
1788637096.6922271,3,100,136903,143771
1788637097.7985148,0,0,135865,143771
1788637097.7985396,1,0,135865,143771
1788637097.7985508,2,100,136903,143771
1788637097.7985609,3,100,136903,143771
1788637098.9259164,0,0,135865,143771
1788637098.9259408,1,0,135865,143771
1788637098.9259522,2,100,136903,143771
1788637098.925962,3,100,136903,143771
1788637100.0549943,0,0,135865,143771
1788637100.0550194,1,0,135865,143771
1788637100.0550318,2,100,136903,143771
1788637100.0550416,3,100,136903,143771
1788637101.1826572,0,0,135865,143771
1788637101.1826818,1,0,135865,143771
1788637101.182694,2,100,136903,143771
1788637101.1827037,3,100,136903,143771
1788637102.2721221,0,0,135865,143771
1788637102.2721462,1,0,135865,143771
1788637102.2721577,2,100,136903,143771
1788637102.272168,3,100,136903,143771
1788637103.360428,0,0,135865,143771
1788637103.3604527,1,0,135865,143771
1788637103.3604646,2,100,136903,143771
1788637103.3604746,3,100,136903,143771
1788637104.4656599,0,0,135865,143771
1788637104.4656832,1,0,135865,143771
1788637104.4656944,2,100,136903,143771
1788637104.4657044,3,100,136903,143771
1788637105.591552,0,0,135865,143771
1788637105.5915751,1,0,135865,143771
1788637105.591587,2,100,136903,143771
1788637105.5915966,3,100,136903,143771
1788637106.7207475,0,0,135865,143771
1788637106.7207713,1,0,135865,143771
1788637106.7207825,2,100,136903,143771
1788637106.7207923,3,100,136903,143771
1788637107.8082414,0,0,135865,143771
1788637107.8082652,1,0,135865,143771
1788637107.8082764,2,100,136903,143771
1788637107.8082867,3,100,136903,143771
1788637108.8961048,0,0,135865,143771
1788637108.8961284,1,0,135865,143771
1788637108.8961403,2,100,136903,143771
1788637108.8961504,3,100,136903,143771
1788637110.0222285,0,0,135865,143771
1788637110.0222523,1,0,135865,143771
1788637110.0222638,2,100,136903,143771
1788637110.0222733,3,100,136903,143771
1788637111.1514652,0,0,135865,143771
1788637111.151489,1,0,135865,143771
1788637111.1515002,2,100,136903,143771
1788637111.15151,3,100,136903,143771
1788637112.27936,0,0,135865,143771
1788637112.2793832,1,0,135865,143771
1788637112.2793953,2,100,136903,143771
1788637112.2794056,3,100,136903,143771
1788637113.4072595,0,0,135865,143771
1788637113.407284,1,0,135865,143771
1788637113.4072955,2,100,136903,143771
1788637113.4073055,3,100,136903,143771
1788637114.5346816,0,0,135865,143771
1788637114.5347052,1,0,135865,143771
1788637114.5347168,2,100,136903,143771
1788637114.534727,3,100,136903,143771
1788637115.6641495,0,0,135865,143771
1788637115.6641734,1,0,135865,143771
1788637115.6641848,2,100,136903,143771
1788637115.6641943,3,100,136903,143771
1788637116.7917192,0,0,135865,143771
1788637116.7917426,1,0,135865,143771
1788637116.791754,2,100,136903,143771
1788637116.7917635,3,100,136903,143771
1788637117.919065,0,0,135865,143771
1788637117.9190881,1,0,135865,143771
1788637117.9190998,2,100,136903,143771
1788637117.9191093,3,100,136903,143771
1788637119.0467894,0,0,135865,143771
1788637119.0468132,1,0,135865,143771
1788637119.0468245,2,100,136903,143771
1788637119.0468342,3,100,136903,143771
1788637120.1702585,0,0,135865,143771
1788637120.1702728,1,0,135865,143771
1788637120.1702797,2,100,136903,143771
1788637120.1702855,3,100,136903,143771
1788637121.2991495,0,0,135865,143771
1788637121.2991734,1,0,135865,143771
1788637121.2991855,2,100,136903,143771
1788637121.2991948,3,100,136903,143771
1788637122.4278514,0,0,135865,143771
1788637122.4278755,1,0,135865,143771
1788637122.4278877,2,100,136903,143771
1788637122.427897,3,100,136903,143771
1788637123.5559528,0,0,135865,143771
1788637123.555977,1,0,135865,143771
1788637123.5559883,2,100,136903,143771
1788637123.5559978,3,100,136903,143771
1788637124.683167,0,0,135865,143771
1788637124.6831903,1,0,135865,143771
1788637124.6832025,2,100,136903,143771
1788637124.683212,3,100,136903,143771
1788637125.8108077,0,0,135865,143771
1788637125.8108313,1,0,135865,143771
1788637125.8108432,2,100,136903,143771
1788637125.8108528,3,100,136903,143771
1788637126.9195693,0,0,135865,143771
1788637126.9195926,1,0,135865,143771
1788637126.9196045,2,100,136903,143771
1788637126.9196143,3,100,136903,143771
1788637128.0280192,0,0,135865,143771
1788637128.0280426,1,0,135865,143771
1788637128.0280547,2,100,136903,143771
1788637128.0280647,3,100,136903,143771
1788637129.135788,0,0,135865,143771
1788637129.1358113,1,0,135865,143771
1788637129.1358232,2,100,136903,143771
1788637129.135833,3,100,136903,143771
1788637130.2446623,0,0,135865,143771
1788637130.2446864,1,0,135865,143771
1788637130.244698,2,100,136903,143771
1788637130.2447076,3,100,136903,143771
1788637131.3548675,0,0,135865,143771
1788637131.3548913,1,0,135865,143771
1788637131.354903,2,100,136903,143771
1788637131.3549125,3,100,136903,143771
1788637132.4646592,0,0,135865,143771
1788637132.464684,1,0,135865,143771
1788637132.4646952,2,100,136903,143771
1788637132.464705,3,100,136903,143771
1788637133.5721254,0,0,135865,143771
1788637133.572149,1,0,135865,143771
1788637133.5721607,2,100,136903,143771
1788637133.5721717,3,100,136903,143771
1788637134.681237,0,0,135865,143771
1788637134.681261,1,0,135865,143771
1788637134.6812727,2,100,136903,143771
1788637134.681283,3,100,136903,143771
1788637135.8085232,0,0,135865,143771
1788637135.808547,1,0,135865,143771
1788637135.808559,2,100,136903,143771
1788637135.808568,3,100,136903,143771
1788637136.9368207,0,0,135865,143771
1788637136.9368443,1,0,135865,143771
1788637136.9368563,2,100,136903,143771
1788637136.9368656,3,100,136903,143771
1788637138.0647926,0,0,135865,143771
1788637138.0648167,1,0,135865,143771
1788637138.0648289,2,100,136903,143771
1788637138.064839,3,100,136903,143771
1788637139.1926594,0,0,135865,143771
1788637139.192683,1,0,135865,143771
1788637139.192695,2,100,136903,143771
1788637139.1927042,3,100,136903,143771
1788637140.3204315,0,0,135865,143771
1788637140.3204548,1,0,135865,143771
1788637140.3204665,2,100,136903,143771
1788637140.3204765,3,100,136903,143771
1788637141.4481769,0,0,135865,143771
1788637141.4482005,1,0,135865,143771
1788637141.448212,2,100,136903,143771
1788637141.4482214,3,100,136903,143771
1788637142.5396485,0,0,135865,143771
1788637142.5396729,1,0,135865,143771
1788637142.5396845,2,100,136903,143771
1788637142.5396938,3,100,136903,143771
1788637143.649237,0,0,135865,143771
1788637143.6492617,1,0,135865,143771
1788637143.649274,2,100,136903,143771
1788637143.6492832,3,100,136903,143771
1788637144.7573197,0,0,135865,143771
1788637144.7573433,1,0,135865,143771
1788637144.7573545,2,100,136903,143771
1788637144.7573643,3,100,136903,143771
1788637145.8646188,0,0,135865,143771
1788637145.8646326,1,0,135865,143771
1788637145.8646395,2,100,136903,143771
1788637145.8646448,3,100,136903,143771
1788637146.9727006,0,0,135865,143771
1788637146.9727242,1,0,135865,143771
1788637146.972736,2,100,136903,143771
1788637146.9727461,3,100,136903,143771
1788637148.1027892,0,0,135865,143771
1788637148.1028132,1,0,135865,143771
1788637148.1028254,2,100,136903,143771
1788637148.1028352,3,100,136903,143771
1788637149.2346764,0,0,135865,143771
1788637149.2347,1,0,135865,143771
1788637149.2347114,2,100,136903,143771
1788637149.234721,3,100,136903,143771
1788637150.3453171,0,0,135865,143771
1788637150.3453405,1,0,135865,143771
1788637150.3453524,2,100,136903,143771
1788637150.345362,3,100,136903,143771
1788637151.472176,0,0,135865,143771
1788637151.4721992,1,0,135865,143771
1788637151.472211,2,100,136903,143771
1788637151.47222,3,100,136903,143771
1788637152.600876,0,0,135865,143771
1788637152.6008992,1,0,135865,143771
1788637152.6009114,2,100,136903,143771
1788637152.6009216,3,100,136903,143771
1788637153.7086349,0,0,135865,143771
1788637153.708659,1,0,135865,143771
1788637153.70867,2,100,136903,143771
1788637153.7086792,3,100,136903,143771
1788637154.8174303,0,0,135865,143771
1788637154.8174539,1,0,135865,143771
1788637154.817466,2,100,136903,143771
1788637154.8174756,3,100,136903,143771
1788637155.9473662,0,0,135865,143771
1788637155.9473894,1,0,135865,143771
1788637155.9474008,2,100,136903,143771
1788637155.9474103,3,100,136903,143771
1788637157.0570693,0,0,135865,143771
1788637157.0570939,1,0,135865,143771
1788637157.0571053,2,100,136903,143771
1788637157.0571294,3,100,136903,143771
1788637158.1874259,0,0,135865,143771
1788637158.1874487,1,0,135865,143771
1788637158.18746,2,100,136903,143771
1788637158.1874688,3,100,136903,143771
1788637159.27371,0,0,135865,143771
1788637159.2737331,1,0,135865,143771
1788637159.2737448,2,0,136903,143771
1788637159.2737541,3,0,136903,143771
1788637160.3586261,0,0,135865,143771
1788637160.3586495,1,0,135865,143771
1788637160.358661,2,0,136903,143771
1788637160.3586698,3,0,136903,143771
1788637161.4792094,0,0,135865,143771
1788637161.4792328,1,0,135865,143771
1788637161.479244,2,0,136903,143771
1788637161.4792528,3,0,136903,143771
1788637162.5666547,0,0,135865,143771
1788637162.5666783,1,0,135865,143771
1788637162.56669,2,0,136903,143771
1788637162.5666988,3,0,136903,143771
