timestamp,gpu_index,gpu_utilization,memory_used,memory_total
1788634508.6539316,0,0,135859,143771
1788634508.6539612,1,0,135859,143771
1788634508.6539698,2,0,135861,143771
1788634508.653975,3,0,135861,143771
1788634509.788588,0,30,135859,143771
1788634509.7886279,1,36,135859,143771
1788634509.7886398,2,100,135861,143771
1788634509.7886488,3,99,135861,143771
1788634510.9207356,0,38,135859,143771
1788634510.9207594,1,0,135859,143771
1788634510.9207711,2,100,135861,143771
1788634510.9207811,3,98,135861,143771
1788634512.0535293,0,0,135859,143771
1788634512.0535524,1,0,135859,143771
1788634512.0535636,2,100,135861,143771
1788634512.0535727,3,100,135861,143771
1788634513.1643057,0,33,135859,143771
1788634513.164331,1,0,135859,143771
1788634513.1643426,2,100,135861,143771
1788634513.1643517,3,100,135861,143771
1788634514.2573476,0,0,135859,143771
1788634514.257371,1,0,135859,143771
1788634514.2573824,2,100,135861,143771
1788634514.2573922,3,99,135861,143771
1788634515.384765,0,29,135859,143771
1788634515.384788,1,64,135859,143771
1788634515.3847988,2,98,135861,143771
1788634515.3848078,3,92,135861,143771
1788634516.4771035,0,57,135859,143771
1788634516.4771166,1,64,135859,143771
1788634516.4771237,2,96,135863,143771
1788634516.47713,3,93,135863,143771
1788634517.6043212,0,53,135859,143771
1788634517.6043448,1,45,135859,143771
1788634517.6043565,2,100,135865,143771
1788634517.6043653,3,100,135865,143771
1788634518.7332478,0,26,135859,143771
1788634518.733269,1,66,135859,143771
1788634518.73328,2,87,135865,143771
1788634518.733289,3,99,135865,143771
1788634519.861946,0,26,135859,143771
1788634519.8619812,1,29,135859,143771
1788634519.8620014,2,100,135865,143771
1788634519.8620193,3,99,135865,143771
1788634520.9955368,0,52,135859,143771
1788634520.995561,1,53,135859,143771
1788634520.9955714,2,100,135865,143771
1788634520.995581,3,100,135865,143771
1788634522.1262684,0,26,135859,143771
1788634522.126293,1,16,135859,143771
1788634522.1263049,2,100,135865,143771
1788634522.1263142,3,100,135865,143771
1788634523.2553105,0,26,135859,143771
1788634523.255335,1,18,135859,143771
1788634523.2553458,2,100,135865,143771
1788634523.2553551,3,100,135865,143771
1788634524.3843212,0,18,135859,143771
1788634524.3843458,1,26,135859,143771
1788634524.384358,2,100,135865,143771
1788634524.384367,3,100,135865,143771
1788634525.5134265,0,26,135859,143771
1788634525.5134602,1,26,135859,143771
1788634525.51348,2,100,135865,143771
1788634525.5134962,3,100,135865,143771
1788634526.6440291,0,0,135859,143771
1788634526.6440554,1,0,135859,143771
1788634526.644067,2,78,135865,143771
1788634526.6440766,3,100,135865,143771
1788634527.7503269,0,53,135859,143771
1788634527.7503512,1,0,135859,143771
1788634527.7503624,2,75,135865,143771
1788634527.7503722,3,100,135865,143771
1788634528.881488,0,64,135859,143771
1788634528.881523,1,53,135859,143771
1788634528.881542,2,91,135865,143771
1788634528.8815591,3,100,135865,143771
1788634530.0096123,0,0,135859,143771
1788634530.0096498,1,0,135859,143771
1788634530.009669,2,86,135865,143771
1788634530.0096867,3,100,135865,143771
1788634531.1360648,0,8,135859,143771
1788634531.136099,1,0,135859,143771
1788634531.1361177,2,100,135865,143771
1788634531.1361349,3,100,135865,143771
1788634532.2645626,0,16,135859,143771
1788634532.2645864,1,29,135859,143771
1788634532.2645986,2,100,135865,143771
1788634532.264608,3,100,135865,143771
1788634533.3968134,0,26,135859,143771
1788634533.3968415,1,10,135859,143771
1788634533.396857,2,100,135865,143771
1788634533.3968704,3,100,135865,143771
1788634534.5046582,0,0,135859,143771
1788634534.5046837,1,0,135859,143771
1788634534.504696,2,100,135865,143771
1788634534.5047054,3,100,135865,143771
1788634535.6319714,0,26,135859,143771
1788634535.631995,1,26,135859,143771
1788634535.6320062,2,100,135865,143771
1788634535.6320155,3,100,135865,143771
1788634536.75931,0,53,135859,143771
1788634536.7593334,1,27,135859,143771
1788634536.7593448,2,100,135865,143771
1788634536.759354,3,100,135865,143771
1788634537.8860202,0,32,135859,143771
1788634537.8860445,1,21,135859,143771
1788634537.8860562,2,100,135865,143771
1788634537.8860662,3,99,135865,143771
1788634539.0150535,0,0,135859,143771
1788634539.0150793,1,0,135859,143771
1788634539.0150905,2,100,135865,143771
1788634539.0151,3,100,135865,143771
1788634540.1428003,0,0,135859,143771
1788634540.1428251,1,27,135859,143771
1788634540.1428382,2,97,135865,143771
1788634540.1428502,3,100,135865,143771
1788634541.2718325,0,30,135859,143771
1788634541.2718575,1,27,135859,143771
1788634541.2718697,2,100,135865,143771
1788634541.27188,3,100,135865,143771
1788634542.4006116,0,0,135859,143771
1788634542.4006479,1,0,135859,143771
1788634542.400669,2,100,135865,143771
1788634542.4006872,3,100,135865,143771
1788634543.4884763,0,0,135859,143771
1788634543.4885116,1,0,135859,143771
1788634543.4885309,2,100,135865,143771
1788634543.4885507,3,100,135865,143771
1788634544.6163824,0,0,135859,143771
1788634544.6164086,1,0,135859,143771
1788634544.6164207,2,100,135865,143771
1788634544.616432,3,100,135865,143771
1788634545.747741,0,0,135859,143771
1788634545.7477655,1,65,135859,143771
1788634545.7477784,2,100,135865,143771
1788634545.7477884,3,100,135865,143771
1788634546.877816,0,13,135859,143771
1788634546.877841,1,0,135859,143771
1788634546.8778532,2,100,135865,143771
1788634546.877864,3,100,135865,143771
1788634548.0045989,0,53,135859,143771
1788634548.0046237,1,34,135859,143771
1788634548.0046358,2,100,135865,143771
1788634548.0046465,3,99,135865,143771
1788634549.132207,0,53,135859,143771
1788634549.1322312,1,27,135859,143771
1788634549.132244,2,100,135865,143771
1788634549.132255,3,100,135865,143771
1788634550.258659,0,63,135859,143771
1788634550.2586844,1,54,135859,143771
1788634550.258698,2,100,135867,143771
1788634550.2587087,3,100,135867,143771
1788634551.3924305,0,32,135859,143771
1788634551.3924522,1,49,135859,143771
1788634551.3924634,2,100,135867,143771
1788634551.3924718,3,100,135867,143771
1788634552.523137,0,0,135859,143771
1788634552.5231707,1,0,135859,143771
1788634552.5231922,2,100,135867,143771
1788634552.5232098,3,100,135867,143771
1788634553.6525893,0,27,135859,143771
1788634553.6526146,1,23,135859,143771
1788634553.6526277,2,100,135867,143771
1788634553.6526384,3,100,135867,143771
1788634554.7832303,0,0,135859,143771
1788634554.7832556,1,0,135859,143771
1788634554.7832682,2,100,135867,143771
1788634554.7832787,3,100,135867,143771
1788634555.8724668,0,4,135859,143771
1788634555.8725023,1,21,135859,143771
1788634555.8725243,2,100,135867,143771
1788634555.8725424,3,100,135867,143771
1788634557.006758,0,0,135859,143771
1788634557.0067835,1,0,135859,143771
1788634557.0067976,2,99,135867,143771
1788634557.0068085,3,100,135867,143771
1788634558.1161575,0,4,135859,143771
1788634558.1161823,1,24,135859,143771
1788634558.116195,2,100,135867,143771
1788634558.116207,3,100,135867,143771
1788634559.2439759,0,67,135859,143771
1788634559.2440007,1,45,135859,143771
1788634559.244014,2,100,135867,143771
1788634559.2440245,3,100,135867,143771
1788634560.3511977,0,52,135859,143771
1788634560.3512232,1,0,135859,143771
1788634560.3512356,2,100,135867,143771
1788634560.3512464,3,100,135867,143771
1788634561.4827576,0,30,135859,143771
1788634561.482794,1,51,135859,143771
1788634561.4828153,2,100,135867,143771
1788634561.4828331,3,100,135867,143771
1788634562.5917811,0,27,135859,143771
1788634562.591806,1,27,135859,143771
1788634562.5918186,2,100,135867,143771
1788634562.5918298,3,100,135867,143771
1788634563.6801925,0,0,135859,143771
1788634563.6802168,1,0,135859,143771
1788634563.6802292,2,100,135867,143771
1788634563.6802397,3,100,135867,143771
1788634564.7707984,0,0,135859,143771
1788634564.7708247,1,0,135859,143771
1788634564.770837,2,100,135867,143771
1788634564.7708473,3,100,135867,143771
1788634565.8612614,0,21,135859,143771
1788634565.8612864,1,0,135859,143771
1788634565.8612993,2,100,135867,143771
1788634565.8613098,3,100,135867,143771
1788634566.9680035,0,35,135859,143771
1788634566.9680293,1,0,135859,143771
1788634566.9680417,2,100,135867,143771
1788634566.9680521,3,100,135867,143771
1788634568.097867,0,0,135859,143771
1788634568.0978918,1,0,135859,143771
1788634568.0979044,2,100,135867,143771
1788634568.0979156,3,100,135867,143771
1788634569.2077293,0,0,135859,143771
1788634569.2077549,1,0,135859,143771
1788634569.207767,2,100,135867,143771
1788634569.207778,3,100,135867,143771
1788634570.336248,0,0,135859,143771
1788634570.3362722,1,27,135859,143771
1788634570.3362863,2,100,135867,143771
1788634570.3362968,3,100,135867,143771
1788634571.4645815,0,45,135859,143771
1788634571.4646068,1,33,135859,143771
1788634571.4646196,2,100,135867,143771
1788634571.4646297,3,100,135867,143771
1788634572.593465,0,53,135859,143771
1788634572.593489,1,9,135859,143771
1788634572.5935028,2,100,135867,143771
1788634572.5935147,3,100,135867,143771
1788634573.6836572,0,27,135859,143771
1788634573.6836834,1,27,135859,143771
1788634573.683696,2,100,135867,143771
1788634573.6837063,3,100,135867,143771
1788634574.812652,0,40,135859,143771
1788634574.8126767,1,26,135859,143771
1788634574.8126898,2,100,135867,143771
1788634574.8127005,3,100,135867,143771
1788634575.921835,0,42,135859,143771
1788634575.9218712,1,38,135859,143771
1788634575.9218931,2,100,135867,143771
1788634575.921912,3,100,135867,143771
1788634577.0337238,0,31,135859,143771
1788634577.0337493,1,26,135859,143771
1788634577.0337625,2,100,135867,143771
1788634577.0337865,3,100,135867,143771
1788634578.180183,0,26,135859,143771
1788634578.180208,1,26,135859,143771
1788634578.1802206,2,100,135867,143771
1788634578.1802325,3,100,135867,143771
1788634579.2708237,0,0,135859,143771
1788634579.2708485,1,0,135859,143771
1788634579.270861,2,100,135867,143771
1788634579.2708716,3,100,135867,143771
1788634580.4000578,0,26,135859,143771
1788634580.4000833,1,11,135859,143771
1788634580.400096,2,100,135867,143771
1788634580.4001076,3,100,135867,143771
1788634581.5277405,0,0,135859,143771
1788634581.527765,1,1,135859,143771
1788634581.527777,2,100,135867,143771
1788634581.5277872,3,100,135867,143771
1788634582.6566901,0,26,135859,143771
1788634582.6567156,1,27,135859,143771
1788634582.6567287,2,100,135867,143771
1788634582.6567402,3,97,135867,143771
1788634583.7444746,0,0,135859,143771
1788634583.7445009,1,0,135859,143771
1788634583.7445138,2,100,136731,143771
1788634583.744525,3,100,136731,143771
1788634584.858348,0,53,135859,143771
1788634584.858373,1,44,135859,143771
1788634584.8583853,2,100,136731,143771
1788634584.8583965,3,76,136731,143771
1788634585.992185,0,52,135859,143771
1788634585.99221,1,0,135859,143771
1788634585.992222,2,100,136731,143771
1788634585.992232,3,93,136731,143771
1788634587.1205862,0,0,135859,143771
1788634587.120601,1,0,135859,143771
1788634587.1206079,2,100,136731,143771
1788634587.120614,3,87,136731,143771
1788634588.2275057,0,0,135859,143771
1788634588.2275305,1,0,135859,143771
1788634588.227543,2,100,136731,143771
1788634588.2275536,3,100,136731,143771
1788634589.3358347,0,26,135859,143771
1788634589.33586,1,9,135859,143771
1788634589.3358734,2,72,137599,143771
1788634589.3358843,3,52,137599,143771
1788634590.4658856,0,0,135859,143771
1788634590.4659102,1,0,135859,143771
1788634590.4659233,2,78,137599,143771
1788634590.4659348,3,100,137599,143771
1788634591.5764112,0,26,135859,143771
1788634591.5764358,1,27,135859,143771
1788634591.5764494,2,100,137599,143771
1788634591.5764606,3,100,137599,143771
1788634592.7038076,0,0,135859,143771
1788634592.703832,1,0,135859,143771
1788634592.7038448,2,100,137599,143771
1788634592.7038565,3,100,137599,143771
1788634593.8127217,0,26,135859,143771
1788634593.8127472,1,27,135859,143771
1788634593.81276,2,100,137599,143771
1788634593.8127704,3,100,137599,143771
1788634594.9404237,0,63,135859,143771
1788634594.94045,1,44,135859,143771
1788634594.9404628,2,100,137599,143771
1788634594.9404738,3,100,137599,143771
1788634596.0304527,0,53,135859,143771
1788634596.0304775,1,53,135859,143771
1788634596.030491,2,100,137599,143771
1788634596.0305016,3,100,137599,143771
1788634597.1600726,0,11,135859,143771
1788634597.1600978,1,87,135859,143771
1788634597.1601102,2,100,137599,143771
1788634597.1601205,3,100,137599,143771
1788634598.2869015,0,26,135859,143771
1788634598.2869272,1,28,135859,143771
1788634598.2869399,2,100,137599,143771
1788634598.2869508,3,100,137599,143771
1788634599.4154038,0,0,135859,143771
1788634599.4154289,1,12,135859,143771
1788634599.415442,2,100,137599,143771
1788634599.4154518,3,100,137599,143771
1788634600.5238369,0,33,135859,143771
1788634600.5238621,1,52,135859,143771
1788634600.523874,2,100,137599,143771
1788634600.5238843,3,100,137599,143771
1788634601.6521554,0,0,135859,143771
1788634601.6521797,1,0,135859,143771
1788634601.652193,2,100,137599,143771
1788634601.652204,3,100,137599,143771
1788634602.7804172,0,0,135859,143771
1788634602.7804413,1,6,135859,143771
1788634602.7804537,2,100,137599,143771
1788634602.7804635,3,100,137599,143771
1788634603.9076455,0,41,135859,143771
1788634603.90767,1,32,135859,143771
1788634603.9076834,2,100,137599,143771
1788634603.907694,3,100,137599,143771
1788634605.0006292,0,0,135859,143771
1788634605.000654,1,0,135859,143771
1788634605.0006664,2,75,137599,143771
1788634605.0006778,3,100,137599,143771
1788634606.1277325,0,66,135859,143771
1788634606.1277573,1,60,135859,143771
1788634606.1277707,2,100,137599,143771
1788634606.1277819,3,100,137599,143771
1788634607.235533,0,0,135859,143771
1788634607.235558,1,18,135859,143771
1788634607.2355711,2,100,137599,143771
1788634607.2355824,3,100,137599,143771
1788634608.3629708,0,22,135859,143771
1788634608.3629954,1,0,135859,143771
1788634608.3630073,2,100,137599,143771
1788634608.3630168,3,99,137599,143771
1788634609.492243,0,26,135859,143771
1788634609.4922662,1,27,135859,143771
1788634609.4922779,2,100,137599,143771
1788634609.4922876,3,100,137599,143771
1788634610.6198323,0,26,135859,143771
1788634610.6198564,1,35,135859,143771
1788634610.6198688,2,92,137599,143771
1788634610.619879,3,64,137599,143771
1788634611.7517557,0,8,135859,143771
1788634611.7517812,1,0,135859,143771
1788634611.7517934,2,100,137599,143771
1788634611.7518039,3,100,137599,143771
1788634612.8796906,0,27,135859,143771
1788634612.8797157,1,27,135859,143771
1788634612.8797286,2,100,137599,143771
1788634612.8797379,3,100,137599,143771
1788634613.9881382,0,26,135859,143771
1788634613.988163,1,0,135859,143771
1788634613.9881752,2,100,137599,143771
1788634613.9881854,3,99,137599,143771
1788634615.1154172,0,0,135859,143771
1788634615.115442,1,0,135859,143771
1788634615.1154542,2,100,137599,143771
1788634615.1154647,3,100,137599,143771
1788634616.2463534,0,26,135859,143771
1788634616.2463787,1,27,135859,143771
1788634616.2463913,2,100,137599,143771
1788634616.2464023,3,100,137599,143771
1788634617.3407805,0,54,135859,143771
1788634617.3408053,1,36,135859,143771
1788634617.3408184,2,100,137599,143771
1788634617.3408282,3,100,137599,143771
1788634618.4677193,0,0,135859,143771
1788634618.467744,1,27,135859,143771
1788634618.4677556,2,100,137599,143771
1788634618.4677656,3,87,137599,143771
1788634619.5963092,0,20,135859,143771
1788634619.596334,1,2,135859,143771
1788634619.5963469,2,100,137599,143771
1788634619.5963583,3,100,137599,143771
1788634620.7246895,0,26,135859,143771
1788634620.7247164,1,27,135859,143771
1788634620.724729,2,80,137599,143771
1788634620.724739,3,100,137599,143771
1788634621.8576164,0,0,135859,143771
1788634621.8576412,1,0,135859,143771
1788634621.8576536,2,57,137599,143771
1788634621.8576646,3,100,137599,143771
1788634622.9441738,0,0,135859,143771
1788634622.9441988,1,53,135859,143771
1788634622.9442117,2,64,137599,143771
1788634622.944222,3,61,137599,143771
1788634624.0340095,0,0,135859,143771
1788634624.0340343,1,1,135859,143771
1788634624.034047,2,100,137599,143771
1788634624.0340576,3,100,137599,143771
1788634625.1303294,0,0,135859,143771
1788634625.130354,1,16,135859,143771
1788634625.130367,2,100,137599,143771
1788634625.1303778,3,100,137599,143771
1788634626.2608132,0,26,135859,143771
1788634626.2608373,1,27,135859,143771
1788634626.2608502,2,100,137599,143771
1788634626.260861,3,100,137599,143771
1788634627.3868692,0,29,135859,143771
1788634627.3868973,1,37,135859,143771
1788634627.38691,2,100,137599,143771
1788634627.3869207,3,100,137599,143771
1788634628.5179753,0,40,135859,143771
1788634628.5180001,1,26,135859,143771
1788634628.518013,2,100,137599,143771
1788634628.5180237,3,100,137599,143771
1788634629.6483166,0,19,135859,143771
1788634629.6483424,1,0,135859,143771
1788634629.6483545,2,100,137599,143771
1788634629.648365,3,100,137599,143771
1788634630.7771814,0,46,135859,143771
1788634630.777206,1,73,135859,143771
1788634630.7772386,2,100,137599,143771
1788634630.7772503,3,98,137599,143771
1788634631.9071534,0,0,135859,143771
1788634631.9071784,1,0,135859,143771
1788634631.907191,2,100,137599,143771
1788634631.9072006,3,100,137599,143771
1788634633.0187335,0,26,135859,143771
1788634633.0187583,1,25,135859,143771
1788634633.0187705,2,100,137599,143771
1788634633.0187812,3,100,137599,143771
1788634634.1478333,0,0,135859,143771
1788634634.147858,1,0,135859,143771
1788634634.1478703,2,100,137599,143771
1788634634.1478806,3,100,137599,143771
1788634635.2366467,0,0,135859,143771
1788634635.2366707,1,0,135859,143771
1788634635.2366838,2,100,137599,143771
1788634635.2366946,3,100,137599,143771
1788634636.3245046,0,0,135859,143771
1788634636.3245559,1,0,135859,143771
1788634636.3245687,2,82,137599,143771
1788634636.3245802,3,100,137599,143771
1788634637.412439,0,0,135859,143771
1788634637.412464,1,0,135859,143771
1788634637.412475,2,100,137599,143771
1788634637.4124851,3,100,137599,143771
1788634638.5387166,0,0,135859,143771
1788634638.5387406,1,0,135859,143771
1788634638.5387526,2,100,137599,143771
1788634638.5387626,3,100,137599,143771
1788634639.6279914,0,0,135859,143771
1788634639.6280158,1,0,135859,143771
1788634639.6280282,2,70,137599,143771
1788634639.6280391,3,100,137599,143771
1788634640.7160568,0,0,135859,143771
1788634640.7160819,1,0,135859,143771
1788634640.7160945,2,100,137599,143771
1788634640.7161055,3,100,137599,143771
1788634641.8445318,0,0,135859,143771
1788634641.8445559,1,0,135859,143771
1788634641.8445678,2,100,137599,143771
1788634641.8445778,3,100,137599,143771
1788634642.9713063,0,0,135859,143771
1788634642.9713311,1,0,135859,143771
1788634642.9713438,2,100,137599,143771
1788634642.971355,3,100,137599,143771
1788634644.0995953,0,0,135859,143771
1788634644.0996206,1,0,135859,143771
1788634644.0996332,2,100,137599,143771
1788634644.0996435,3,100,137599,143771
1788634645.2273822,0,0,135859,143771
1788634645.2274075,1,0,135859,143771
1788634645.2274199,2,99,137599,143771
1788634645.227431,3,100,137599,143771
1788634646.3554945,0,0,135859,143771
1788634646.355519,1,0,135859,143771
1788634646.3555315,2,100,137599,143771
1788634646.3555424,3,100,137599,143771
1788634647.4646118,0,0,135859,143771
1788634647.464638,1,0,135859,143771
1788634647.4646502,2,100,137599,143771
1788634647.4646606,3,100,137599,143771
1788634648.5911674,0,0,135859,143771
1788634648.5911918,1,0,135859,143771
1788634648.5912051,2,100,137599,143771
1788634648.5912156,3,100,137599,143771
1788634649.7188883,0,0,135859,143771
1788634649.7189128,1,0,135859,143771
1788634649.7189248,2,100,137599,143771
1788634649.7189353,3,100,137599,143771
1788634650.8469222,0,0,135859,143771
1788634650.846946,1,0,135859,143771
1788634650.8469584,2,62,137599,143771
1788634650.8469694,3,100,137599,143771
1788634651.9363194,0,0,135859,143771
1788634651.936343,1,0,135859,143771
1788634651.9363558,2,100,137599,143771
1788634651.936366,3,79,137599,143771
1788634653.0627532,0,0,135859,143771
1788634653.0627785,1,0,135859,143771
1788634653.0627904,2,100,137599,143771
1788634653.0628004,3,100,137599,143771
1788634654.1518958,0,0,135859,143771
1788634654.1519215,1,0,135859,143771
1788634654.1519337,2,66,137599,143771
1788634654.1519444,3,100,137599,143771
1788634655.2641213,0,0,135859,143771
1788634655.2641463,1,0,135859,143771
1788634655.264159,2,100,137599,143771
1788634655.2641692,3,100,137599,143771
1788634656.3903608,0,0,135859,143771
1788634656.3903854,1,0,135859,143771
1788634656.3903975,2,100,137599,143771
1788634656.390408,3,70,137599,143771
1788634657.4833996,0,0,135859,143771
1788634657.4834244,1,0,135859,143771
1788634657.4834368,2,68,137599,143771
1788634657.483447,3,79,137599,143771
1788634658.5919406,0,0,135859,143771
1788634658.5919647,1,0,135859,143771
1788634658.5919771,2,100,137599,143771
1788634658.5919871,3,100,137599,143771
1788634659.6979744,0,0,135859,143771
1788634659.6979988,1,0,135859,143771
1788634659.698011,2,100,137599,143771
1788634659.6980214,3,100,137599,143771
1788634660.8268888,0,0,135859,143771
1788634660.8269136,1,0,135859,143771
1788634660.8269258,2,100,137599,143771
1788634660.8269358,3,100,137599,143771
1788634661.9542391,0,0,135859,143771
1788634661.9542644,1,0,135859,143771
1788634661.954276,2,100,137599,143771
1788634661.954287,3,87,137599,143771
1788634663.0511923,0,0,135859,143771
1788634663.0512176,1,0,135859,143771
1788634663.0512302,2,100,137599,143771
1788634663.051241,3,100,137599,143771
1788634664.139925,0,0,135859,143771
1788634664.139949,1,0,135859,143771
1788634664.1399608,2,100,137599,143771
1788634664.1399717,3,100,137599,143771
1788634665.2284493,0,0,135859,143771
1788634665.2284741,1,0,135859,143771
1788634665.2284856,2,100,137599,143771
1788634665.2284951,3,100,137599,143771
1788634666.334329,0,0,135859,143771
1788634666.3343527,1,0,135859,143771
1788634666.3343658,2,88,137599,143771
1788634666.334377,3,88,137599,143771
1788634667.442471,0,0,135859,143771
1788634667.4424946,1,0,135859,143771
1788634667.4425073,2,100,137599,143771
1788634667.4425173,3,100,137599,143771
1788634668.5717888,0,0,135859,143771
1788634668.571813,1,0,135859,143771
1788634668.5718255,2,100,137599,143771
1788634668.5718362,3,100,137599,143771
1788634669.6604686,0,0,135859,143771
1788634669.660493,1,0,135859,143771
1788634669.6605053,2,100,137599,143771
1788634669.6605155,3,100,137599,143771
1788634670.7869818,0,0,135859,143771
1788634670.787007,1,0,135859,143771
1788634670.787019,2,100,137599,143771
1788634670.787029,3,100,137599,143771
1788634671.8784082,0,0,135859,143771
1788634671.8784332,1,0,135859,143771
1788634671.8784459,2,81,137599,143771
1788634671.8784695,3,80,137599,143771
1788634673.006717,0,0,135859,143771
1788634673.0067408,1,0,135859,143771
1788634673.0067534,2,100,137599,143771
1788634673.006765,3,100,137599,143771
1788634674.0965424,0,0,135859,143771
1788634674.0965688,1,0,135859,143771
1788634674.096581,2,91,137599,143771
1788634674.0965905,3,100,137599,143771
1788634675.224955,0,0,135859,143771
1788634675.2249796,1,0,135859,143771
1788634675.2249923,2,99,137599,143771
1788634675.2250023,3,99,137599,143771
1788634676.3119342,0,0,135859,143771
1788634676.3119588,1,0,135859,143771
1788634676.3119705,2,100,137599,143771
1788634676.3119812,3,77,137599,143771
1788634677.400046,0,0,135859,143771
1788634677.4000702,1,0,135859,143771
1788634677.4000835,2,100,137599,143771
1788634677.400094,3,83,137599,143771
1788634678.4893143,0,0,135859,143771
1788634678.4893382,1,0,135859,143771
1788634678.4893503,2,100,137599,143771
1788634678.4893615,3,100,137599,143771
1788634679.5773928,0,0,135859,143771
1788634679.5774176,1,0,135859,143771
1788634679.57743,2,100,137599,143771
1788634679.57744,3,100,137599,143771
1788634680.6643622,0,0,135859,143771
1788634680.6643865,1,0,135859,143771
1788634680.6643987,2,100,137599,143771
1788634680.6644092,3,100,137599,143771
1788634681.7924004,0,0,135859,143771
1788634681.7924247,1,0,135859,143771
1788634681.7924373,2,100,137599,143771
1788634681.7924476,3,100,137599,143771
1788634682.8801997,0,0,135859,143771
1788634682.8802247,1,0,135859,143771
1788634682.8802373,2,100,137599,143771
1788634682.880248,3,86,137599,143771
1788634684.007146,0,0,135859,143771
1788634684.0071707,1,0,135859,143771
1788634684.0071855,2,100,137599,143771
1788634684.0071971,3,85,137599,143771
1788634685.135339,0,0,135859,143771
1788634685.1353636,1,0,135859,143771
1788634685.1353755,2,100,137599,143771
1788634685.1353865,3,100,137599,143771
1788634686.2239168,0,0,135859,143771
1788634686.2239408,1,0,135859,143771
1788634686.223954,2,100,137599,143771
1788634686.2239642,3,100,137599,143771
1788634687.3120599,0,0,135859,143771
1788634687.312112,1,0,135859,143771
1788634687.3121247,2,100,137599,143771
1788634687.312136,3,100,137599,143771
1788634688.4005363,0,0,135859,143771
1788634688.400561,1,0,135859,143771
1788634688.4005735,2,100,137599,143771
1788634688.400584,3,100,137599,143771
1788634689.526817,0,0,135859,143771
1788634689.5268412,1,0,135859,143771
1788634689.5268536,2,100,137599,143771
1788634689.5268638,3,100,137599,143771
1788634690.6346447,0,0,135859,143771
1788634690.6346688,1,0,135859,143771
1788634690.6346817,2,100,137599,143771
1788634690.6346924,3,100,137599,143771
1788634691.7242553,0,0,135859,143771
1788634691.7242796,1,0,135859,143771
1788634691.724292,2,100,137599,143771
1788634691.7243025,3,100,137599,143771
1788634692.8120852,0,0,135859,143771
1788634692.8121104,1,0,135859,143771
1788634692.8121228,2,100,137599,143771
1788634692.8121326,3,100,137599,143771
1788634693.9000807,0,0,135859,143771
1788634693.9001057,1,0,135859,143771
1788634693.9001179,2,100,137599,143771
1788634693.9001284,3,100,137599,143771
1788634695.009137,0,0,135859,143771
1788634695.0091617,1,0,135859,143771
1788634695.0091746,2,100,137599,143771
1788634695.0091856,3,100,137599,143771
1788634696.096341,0,0,135859,143771
1788634696.0963662,1,0,135859,143771
1788634696.096379,2,100,137599,143771
1788634696.0963898,3,100,137599,143771
1788634697.2218418,0,0,135859,143771
1788634697.2218678,1,0,135859,143771
1788634697.2218797,2,100,137599,143771
1788634697.22189,3,100,137599,143771
1788634698.3308825,0,0,135859,143771
1788634698.3308976,1,0,135859,143771
1788634698.3309047,2,100,137599,143771
1788634698.3309107,3,100,137599,143771
1788634699.459482,0,0,135859,143771
1788634699.459506,1,0,135859,143771
1788634699.4595177,2,100,137599,143771
1788634699.4595287,3,100,137599,143771
1788634700.5477154,0,0,135859,143771
1788634700.5477395,1,0,135859,143771
1788634700.547752,2,100,137599,143771
1788634700.5477624,3,100,137599,143771
1788634701.6367953,0,0,135859,143771
1788634701.63682,1,0,135859,143771
1788634701.6368318,2,100,137599,143771
1788634701.6368423,3,100,137599,143771
1788634702.7629688,0,0,135859,143771
1788634702.7629936,1,0,135859,143771
1788634702.7630057,2,100,137599,143771
1788634702.7630167,3,100,137599,143771
1788634703.8704164,0,0,135859,143771
1788634703.870441,1,0,135859,143771
1788634703.8704526,2,100,137599,143771
1788634703.8704634,3,100,137599,143771
1788634704.9998095,0,0,135859,143771
1788634704.9998348,1,0,135859,143771
1788634704.9998477,2,100,137599,143771
1788634704.9998586,3,84,137599,143771
1788634706.0879493,0,0,135859,143771
1788634706.0879736,1,0,135859,143771
1788634706.0879865,2,100,137599,143771
1788634706.0879982,3,100,137599,143771
1788634707.2140028,0,0,135859,143771
1788634707.2140284,1,0,135859,143771
1788634707.214042,2,61,137599,143771
1788634707.2140517,3,86,137599,143771
1788634708.3041053,0,0,135859,143771
1788634708.3041306,1,0,135859,143771
1788634708.3041434,2,100,137599,143771
1788634708.3041537,3,100,137599,143771
1788634709.3921638,0,0,135859,143771
1788634709.3921883,1,0,135859,143771
1788634709.3922014,2,100,137599,143771
1788634709.3922112,3,100,137599,143771
1788634710.519476,0,0,135859,143771
1788634710.5195005,1,0,135859,143771
1788634710.519514,2,87,137599,143771
1788634710.519526,3,100,137599,143771
1788634711.6267138,0,0,135859,143771
1788634711.626738,1,0,135859,143771
1788634711.6267502,2,100,137599,143771
1788634711.6267607,3,100,137599,143771
1788634712.7164204,0,0,135859,143771
1788634712.7164452,1,0,135859,143771
1788634712.7164578,2,100,137599,143771
1788634712.716469,3,100,137599,143771
1788634713.8428779,0,0,135859,143771
1788634713.842902,1,0,135859,143771
1788634713.8429139,2,66,137599,143771
1788634713.842923,3,97,137599,143771
1788634714.9335434,0,0,135859,143771
1788634714.9335682,1,0,135859,143771
1788634714.9335814,2,100,137599,143771
1788634714.933592,3,100,137599,143771
1788634716.0197248,0,0,135859,143771
1788634716.0197499,1,0,135859,143771
1788634716.0197628,2,100,137599,143771
1788634716.019773,3,100,137599,143771
1788634717.107758,0,0,135859,143771
1788634717.1077821,1,0,135859,143771
1788634717.107795,2,95,137599,143771
1788634717.107806,3,100,137599,143771
1788634718.2155707,0,0,135859,143771
1788634718.2155952,1,0,135859,143771
1788634718.2156074,2,100,137599,143771
1788634718.215617,3,100,137599,143771
1788634719.3039541,0,0,135859,143771
1788634719.303979,1,0,135859,143771
1788634719.303992,2,100,137599,143771
1788634719.304003,3,100,137599,143771
1788634720.4107058,0,0,135859,143771
1788634720.4107318,1,0,135859,143771
1788634720.4107437,2,100,137599,143771
1788634720.410754,3,100,137599,143771
1788634721.5001905,0,0,135859,143771
1788634721.5002155,1,0,135859,143771
1788634721.5002286,2,100,137599,143771
1788634721.5002394,3,100,137599,143771
1788634722.626373,0,0,135859,143771
1788634722.626397,1,0,135859,143771
1788634722.6264079,2,100,137599,143771
1788634722.6264184,3,100,137599,143771
1788634723.7523735,0,0,135859,143771
1788634723.7523983,1,0,135859,143771
1788634723.7524111,2,100,137599,143771
1788634723.7524223,3,100,137599,143771
1788634724.8802886,0,0,135859,143771
1788634724.880314,1,0,135859,143771
1788634724.880326,2,100,137599,143771
1788634724.8803356,3,100,137599,143771
1788634725.972157,0,0,135859,143771
1788634725.9721816,1,0,135859,143771
1788634725.9721947,2,100,137599,143771
1788634725.9722056,3,100,137599,143771
1788634727.0602388,0,0,135859,143771
1788634727.0602632,1,0,135859,143771
1788634727.0602748,2,100,137599,143771
1788634727.060285,3,75,137599,143771
1788634728.167412,0,0,135859,143771
1788634728.1674373,1,0,135859,143771
1788634728.167451,2,100,137599,143771
1788634728.1674626,3,69,137599,143771
1788634729.2559402,0,0,135859,143771
1788634729.255965,1,0,135859,143771
1788634729.2559767,2,100,137599,143771
1788634729.2559872,3,100,137599,143771
1788634730.3447034,0,0,135859,143771
1788634730.3447278,1,0,135859,143771
1788634730.3447404,2,100,137599,143771
1788634730.3447514,3,100,137599,143771
1788634731.4519463,0,0,135859,143771
1788634731.4519713,1,0,135859,143771
1788634731.4519823,2,100,137599,143771
1788634731.4519923,3,100,137599,143771
1788634732.570174,0,0,135859,143771
1788634732.570199,1,0,135859,143771
1788634732.570212,2,100,137599,143771
1788634732.5702226,3,81,137599,143771
1788634733.6787796,0,0,135859,143771
1788634733.6788046,1,0,135859,143771
1788634733.6788177,2,100,137599,143771
1788634733.678828,3,100,137599,143771
1788634734.806926,0,0,135859,143771
1788634734.8069506,1,0,135859,143771
1788634734.8069642,2,100,137599,143771
1788634734.8069756,3,100,137599,143771
1788634735.9356558,0,0,135859,143771
1788634735.935681,1,0,135859,143771
1788634735.935692,2,100,137599,143771
1788634735.935701,3,100,137599,143771
1788634737.0628943,0,0,135859,143771
1788634737.0629196,1,0,135859,143771
1788634737.0629334,2,100,137599,143771
1788634737.0629451,3,100,137599,143771
1788634738.152703,0,0,135859,143771
1788634738.1527274,1,0,135859,143771
1788634738.1527398,2,100,137599,143771
1788634738.1527503,3,96,137599,143771
1788634739.259087,0,0,135859,143771
1788634739.2591112,1,0,135859,143771
1788634739.2591248,2,100,137599,143771
1788634739.2591357,3,100,137599,143771
1788634740.366246,0,0,135859,143771
1788634740.366269,1,0,135859,143771
1788634740.366281,2,100,137599,143771
1788634740.36629,3,100,137599,143771
1788634741.4710634,0,0,135859,143771
1788634741.4710886,1,0,135859,143771
1788634741.471102,2,100,137599,143771
1788634741.471113,3,100,137599,143771
1788634742.6001866,0,0,135859,143771
1788634742.6002119,1,0,135859,143771
1788634742.6002243,2,100,137599,143771
1788634742.6002347,3,100,137599,143771
1788634743.7272997,0,0,135859,143771
1788634743.727325,1,0,135859,143771
1788634743.7273378,2,100,137599,143771
1788634743.7273493,3,100,137599,143771
1788634744.8165162,0,0,135859,143771
1788634744.8165417,1,0,135859,143771
1788634744.816554,2,89,137599,143771
1788634744.8165636,3,100,137599,143771
1788634745.9250178,0,0,135859,143771
1788634745.925043,1,0,135859,143771
1788634745.9250567,2,100,137599,143771
1788634745.9250681,3,100,137599,143771
1788634747.0122232,0,0,135859,143771
1788634747.0122488,1,0,135859,143771
1788634747.0122619,2,100,137599,143771
1788634747.0122726,3,99,137599,143771
1788634748.121271,0,0,135859,143771
1788634748.121296,1,0,135859,143771
1788634748.121309,2,100,137599,143771
1788634748.1213198,3,74,137599,143771
1788634749.2081158,0,0,135859,143771
1788634749.2081392,1,0,135859,143771
1788634749.208151,2,100,137599,143771
1788634749.2081602,3,100,137599,143771
1788634750.314823,0,0,135859,143771
1788634750.3148465,1,0,135859,143771
1788634750.31486,2,85,137599,143771
1788634750.3148706,3,100,137599,143771
1788634751.4046423,0,0,135859,143771
1788634751.4046574,1,0,135859,143771
1788634751.404665,2,100,137599,143771
1788634751.4046712,3,100,137599,143771
1788634752.53161,0,0,135859,143771
1788634752.5316343,1,0,135859,143771
1788634752.531648,2,100,137599,143771
1788634752.5316591,3,100,137599,143771
1788634753.638887,0,0,135859,143771
1788634753.638911,1,0,135859,143771
1788634753.6389225,2,100,137599,143771
1788634753.6389327,3,100,137599,143771
1788634754.7463586,0,0,135859,143771
1788634754.746383,1,0,135859,143771
1788634754.746395,2,100,137599,143771
1788634754.7464058,3,100,137599,143771
1788634755.8564515,0,0,135859,143771
1788634755.8564756,1,0,135859,143771
1788634755.8564882,2,60,137599,143771
1788634755.8564985,3,88,137599,143771
1788634756.9440386,0,0,135859,143771
1788634756.944064,1,0,135859,143771
1788634756.9440773,2,100,137599,143771
1788634756.9440892,3,100,137599,143771
1788634758.0356889,0,0,135859,143771
1788634758.0357134,1,0,135859,143771
1788634758.0357254,2,100,137599,143771
1788634758.0357354,3,100,137599,143771
1788634759.143345,0,0,135859,143771
1788634759.143369,1,0,135859,143771
1788634759.1433818,2,78,137599,143771
1788634759.1433935,3,100,137599,143771
1788634760.2706013,0,0,135859,143771
1788634760.2706256,1,0,135859,143771
1788634760.2706382,2,100,137599,143771
1788634760.2706485,3,100,137599,143771
1788634761.3749032,0,0,135859,143771
1788634761.3749285,1,0,135859,143771
1788634761.374941,2,100,137599,143771
1788634761.3749526,3,100,137599,143771
1788634762.483897,0,0,135859,143771
1788634762.483921,1,0,135859,143771
1788634762.4839325,2,100,137599,143771
1788634762.4839425,3,100,137599,143771
1788634763.6104546,0,0,135859,143771
1788634763.6104789,1,0,135859,143771
1788634763.6104922,2,100,137599,143771
1788634763.6105037,3,76,137599,143771
1788634764.7001607,0,0,135859,143771
1788634764.700186,1,0,135859,143771
1788634764.7001982,2,99,137599,143771
1788634764.7002087,3,99,137599,143771
1788634765.8272145,0,0,135859,143771
1788634765.8272393,1,0,135859,143771
1788634765.827252,2,100,137599,143771
1788634765.827277,3,94,137599,143771
1788634766.9553547,0,0,135859,143771
1788634766.9553788,1,0,135859,143771
1788634766.9553902,2,100,137599,143771
1788634766.9554,3,100,137599,143771
1788634768.0649524,0,0,135859,143771
1788634768.0649762,1,0,135859,143771
1788634768.064989,2,100,137599,143771
1788634768.0650003,3,100,137599,143771
1788634769.1522632,0,0,135859,143771
1788634769.1522875,1,0,135859,143771
1788634769.1523006,2,100,137599,143771
1788634769.152312,3,89,137599,143771
1788634770.2785387,0,0,135859,143771
1788634770.2785625,1,0,135859,143771
1788634770.278576,2,100,137599,143771
1788634770.2785873,3,60,137599,143771
1788634771.3885374,0,0,135859,143771
1788634771.388561,1,0,135859,143771
1788634771.3885722,2,100,137599,143771
1788634771.3885822,3,100,137599,143771
1788634772.4949355,0,0,135859,143771
1788634772.49496,1,0,135859,143771
1788634772.4949734,2,100,137599,143771
1788634772.494984,3,100,137599,143771
1788634773.6229517,0,0,135859,143771
1788634773.6229773,1,0,135859,143771
1788634773.622989,2,100,137599,143771
1788634773.6229987,3,100,137599,143771
1788634774.7132838,0,0,135859,143771
1788634774.7133088,1,0,135859,143771
1788634774.7133214,2,100,137599,143771
1788634774.7133322,3,100,137599,143771
1788634775.800218,0,0,135859,143771
1788634775.8002427,1,0,135859,143771
1788634775.800255,2,100,137599,143771
1788634775.8002641,3,100,137599,143771
1788634776.9276712,0,0,135859,143771
1788634776.9276962,1,0,135859,143771
1788634776.9277089,2,100,137599,143771
1788634776.9277196,3,100,137599,143771
1788634778.0539298,0,0,135859,143771
1788634778.0539541,1,0,135859,143771
1788634778.0539684,2,100,137599,143771
1788634778.0539796,3,100,137599,143771
1788634779.1437368,0,0,135859,143771
1788634779.1437888,1,0,135859,143771
1788634779.1438026,2,100,137599,143771
1788634779.1438136,3,100,137599,143771
1788634780.269056,0,0,135859,143771
1788634780.2690794,1,0,135859,143771
1788634780.269091,2,100,137599,143771
1788634780.2691002,3,100,137599,143771
1788634781.3740587,0,0,135859,143771
1788634781.3740833,1,0,135859,143771
1788634781.3740969,2,100,137599,143771
1788634781.3741086,3,100,137599,143771
1788634782.4641416,0,0,135859,143771
1788634782.464166,1,0,135859,143771
1788634782.4641776,2,100,137599,143771
1788634782.4641874,3,100,137599,143771
1788634783.552035,0,0,135859,143771
1788634783.552059,1,0,135859,143771
1788634783.5520713,2,100,137599,143771
1788634783.552083,3,100,137599,143771
1788634784.6579275,0,0,135859,143771
1788634784.6579516,1,0,135859,143771
1788634784.657963,2,100,137599,143771
1788634784.6579723,3,100,137599,143771
1788634785.786604,0,0,135859,143771
1788634785.7866282,1,0,135859,143771
1788634785.7866416,2,100,137599,143771
1788634785.7866523,3,100,137599,143771
1788634786.895507,0,0,135859,143771
1788634786.8955314,1,0,135859,143771
1788634786.8955443,2,100,137599,143771
1788634786.8955543,3,100,137599,143771
1788634788.0032597,0,0,135859,143771
1788634788.003285,1,0,135859,143771
1788634788.0032978,2,100,137599,143771
1788634788.0033088,3,100,137599,143771
1788634789.109926,0,0,135859,143771
1788634789.1099496,1,0,135859,143771
1788634789.1099617,2,100,137599,143771
1788634789.1099718,3,97,137599,143771
1788634790.1996813,0,0,135859,143771
1788634790.199706,1,0,135859,143771
1788634790.1997192,2,100,137599,143771
1788634790.1997306,3,100,137599,143771
1788634791.30815,0,0,135859,143771
1788634791.3081746,1,0,135859,143771
1788634791.3081872,2,100,137599,143771
1788634791.308198,3,100,137599,143771
1788634792.4153304,0,0,135859,143771
1788634792.4153552,1,0,135859,143771
1788634792.4153674,2,100,137599,143771
1788634792.4153795,3,100,137599,143771
1788634793.5228999,0,0,135859,143771
1788634793.5229242,1,0,135859,143771
1788634793.5229363,2,84,137599,143771
1788634793.5229468,3,100,137599,143771
1788634794.6303678,0,0,135859,143771
1788634794.6303923,1,0,135859,143771
1788634794.6304052,2,100,137599,143771
1788634794.6304164,3,100,137599,143771
1788634795.7201626,0,0,135859,143771
1788634795.720187,1,0,135859,143771
1788634795.7201984,2,100,137599,143771
1788634795.7202084,3,91,137599,143771
1788634796.8085103,0,0,135859,143771
1788634796.8085349,1,0,135859,143771
1788634796.8085482,2,100,137599,143771
1788634796.8085592,3,95,137599,143771
1788634797.9353206,0,0,135859,143771
1788634797.9353442,1,0,135859,143771
1788634797.9353561,2,100,137599,143771
1788634797.9353664,3,82,137599,143771
1788634799.024342,0,0,135859,143771
1788634799.0243666,1,0,135859,143771
1788634799.0243795,2,100,137599,143771
1788634799.02439,3,100,137599,143771
1788634800.1126227,0,0,135859,143771
1788634800.1126475,1,0,135859,143771
1788634800.112659,2,100,137599,143771
1788634800.112669,3,78,137599,143771
1788634801.221032,0,0,135859,143771
1788634801.221057,1,0,135859,143771
1788634801.2210696,2,100,137599,143771
1788634801.2210808,3,100,137599,143771
1788634802.3080401,0,0,135859,143771
1788634802.308065,1,0,135859,143771
1788634802.3080764,2,100,137599,143771
1788634802.308086,3,100,137599,143771
1788634803.4003792,0,0,135859,143771
1788634803.4004056,1,0,135859,143771
1788634803.400419,2,100,137599,143771
1788634803.4004304,3,85,137599,143771
1788634804.5267098,0,0,135859,143771
1788634804.5267353,1,0,135859,143771
1788634804.5267477,2,100,137599,143771
1788634804.5267584,3,89,137599,143771
1788634805.6552882,0,0,135859,143771
1788634805.6553135,1,0,135859,143771
1788634805.6553261,2,100,137599,143771
1788634805.6553373,3,100,137599,143771
1788634806.7626572,0,0,135859,143771
1788634806.7626815,1,0,135859,143771
1788634806.762693,2,100,137599,143771
1788634806.7627027,3,61,137599,143771
1788634807.8523269,0,0,135859,143771
1788634807.8523521,1,0,135859,143771
1788634807.8523653,2,91,137599,143771
1788634807.8523772,3,100,137599,143771
1788634808.9793594,0,0,135859,143771
1788634808.9793835,1,0,135859,143771
1788634808.979396,2,96,137599,143771
1788634808.9794064,3,100,137599,143771
1788634810.111979,0,0,135859,143771
1788634810.1120038,1,0,135859,143771
1788634810.1120172,2,100,137599,143771
1788634810.1120281,3,100,137599,143771
1788634811.2002091,0,0,135859,143771
1788634811.200234,1,0,135859,143771
1788634811.2002451,2,59,137599,143771
1788634811.2002547,3,66,137599,143771
1788634812.2883625,0,0,135859,143771
1788634812.2883873,1,0,135859,143771
1788634812.2884007,2,100,137599,143771
1788634812.288412,3,100,137599,143771
1788634813.3777103,0,0,135859,143771
1788634813.3777354,1,0,135859,143771
1788634813.3777478,2,59,137599,143771
1788634813.377758,3,100,137599,143771
1788634814.4823818,0,0,135859,143771
1788634814.4824073,1,0,135859,143771
1788634814.4824197,2,91,137599,143771
1788634814.4824307,3,86,137599,143771
1788634815.5914156,0,0,135859,143771
1788634815.5914397,1,0,135859,143771
1788634815.5914514,2,49,137599,143771
1788634815.5914614,3,100,137599,143771
1788634816.6805394,0,0,135859,143771
1788634816.6805642,1,0,135859,143771
1788634816.680577,2,100,137599,143771
1788634816.6805878,3,100,137599,143771
1788634817.7867668,0,0,135859,143771
1788634817.786791,1,0,135859,143771
1788634817.7868028,2,100,138471,143771
1788634817.7868137,3,63,138471,143771
1788634818.9156122,0,0,135859,143771
1788634818.9156375,1,0,135859,143771
1788634818.9156513,2,74,138471,143771
1788634818.9156625,3,71,138471,143771
1788634820.0043826,0,0,135859,143771
1788634820.0044067,1,0,135859,143771
1788634820.0044184,2,68,138471,143771
1788634820.0044284,3,78,138471,143771
1788634821.1307669,0,0,135859,143771
1788634821.1307917,1,0,135859,143771
1788634821.1308053,2,100,138471,143771
1788634821.1308167,3,100,138471,143771
1788634822.2392766,0,0,135859,143771
1788634822.2393012,1,0,135859,143771
1788634822.239313,2,82,139395,143771
1788634822.239323,3,60,139395,143771
1788634823.3665247,0,0,135859,143771
1788634823.3665493,1,0,135859,143771
1788634823.366562,2,100,139395,143771
1788634823.3665729,3,100,139395,143771
1788634824.4760172,0,0,135859,143771
1788634824.4760416,1,0,135859,143771
1788634824.4760528,2,100,139395,143771
1788634824.4760628,3,85,139395,143771
1788634825.5657988,0,0,135859,143771
1788634825.565824,1,0,135859,143771
1788634825.565837,2,68,139395,143771
1788634825.5658476,3,100,139395,143771
1788634826.670682,0,0,135859,143771
1788634826.670706,1,0,135859,143771
1788634826.6707175,2,100,139395,143771
1788634826.6707284,3,90,139395,143771
1788634827.761684,0,0,135859,143771
1788634827.761708,1,0,135859,143771
1788634827.761721,2,100,139395,143771
1788634827.7617316,3,100,139395,143771
1788634828.8877015,0,0,135859,143771
1788634828.8877254,1,0,135859,143771
1788634828.8877366,2,100,139395,143771
1788634828.887746,3,100,139395,143771
1788634830.0140934,0,0,135859,143771
1788634830.0141182,1,0,135859,143771
1788634830.0141313,2,100,139395,143771
1788634830.014142,3,100,139395,143771
1788634831.1381218,0,0,135859,143771
1788634831.1381452,1,0,135859,143771
1788634831.1381571,2,100,139395,143771
1788634831.1381671,3,78,139395,143771
1788634832.2468636,0,0,135859,143771
1788634832.2468889,1,0,135859,143771
1788634832.2469015,2,100,139395,143771
1788634832.2469132,3,100,139395,143771
1788634833.3756938,0,0,135859,143771
1788634833.375718,1,0,135859,143771
1788634833.37573,2,100,139395,143771
1788634833.3757393,3,61,139395,143771
1788634834.4666514,0,0,135859,143771
1788634834.466667,1,0,135859,143771
1788634834.466674,2,100,139395,143771
1788634834.4666803,3,100,139395,143771
1788634835.5752428,0,0,135859,143771
1788634835.5752676,1,0,135859,143771
1788634835.575279,2,100,141329,143771
1788634835.5752892,3,100,141329,143771
1788634836.7023606,0,0,135859,143771
1788634836.702385,1,0,135859,143771
1788634836.7023976,2,100,141329,143771
1788634836.702408,3,100,141329,143771
1788634837.7921124,0,0,135859,143771
1788634837.7921362,1,0,135859,143771
1788634837.7921479,2,100,141329,143771
1788634837.7921574,3,100,141329,143771
1788634838.9000223,0,0,135859,143771
1788634838.9000475,1,0,135859,143771
1788634838.9000604,2,58,141329,143771
1788634838.9000714,3,100,141329,143771
1788634839.9882972,0,0,135859,143771
1788634839.9883215,1,0,135859,143771
1788634839.9883342,2,100,142347,143771
1788634839.9883437,3,100,142347,143771
1788634841.0765743,0,0,135859,143771
1788634841.076599,1,0,135859,143771
1788634841.0766122,2,100,142347,143771
1788634841.0766237,3,100,142347,143771
1788634842.182789,0,0,135859,143771
1788634842.1828127,1,0,135859,143771
1788634842.1828246,2,100,142347,143771
1788634842.1828344,3,51,142347,143771
1788634843.2721887,0,0,135859,143771
1788634843.272213,1,0,135859,143771
1788634843.2722259,2,100,142347,143771
1788634843.2722368,3,100,142347,143771
1788634844.3730106,0,0,135859,143771
1788634844.3730354,1,0,135859,143771
1788634844.3730476,2,100,142347,143771
1788634844.373058,3,85,142347,143771
1788634845.461659,0,0,135859,143771
1788634845.4616835,1,0,135859,143771
1788634845.4616976,2,100,142347,143771
1788634845.461709,3,100,142347,143771
1788634846.5480676,0,0,135859,143771
1788634846.548092,1,0,135859,143771
1788634846.5481036,2,100,142347,143771
1788634846.5481133,3,100,142347,143771
1788634847.6358705,0,0,135859,143771
1788634847.6358953,1,0,135859,143771
1788634847.635908,2,100,142347,143771
1788634847.6359189,3,100,142347,143771
1788634848.7432475,0,0,135859,143771
1788634848.7432716,1,0,135859,143771
1788634848.7432845,2,100,142347,143771
1788634848.7432947,3,100,142347,143771
1788634849.8515105,0,0,135859,143771
1788634849.851535,1,0,135859,143771
1788634849.8515475,2,73,142347,143771
1788634849.8515584,3,55,142347,143771
1788634850.9400494,0,0,135859,143771
1788634850.940074,1,0,135859,143771
1788634850.9400856,2,100,142347,143771
1788634850.9400966,3,60,142347,143771
1788634852.0682192,0,0,135859,143771
1788634852.0682445,1,0,135859,143771
1788634852.0682573,2,100,142347,143771
1788634852.0682688,3,68,142347,143771
1788634853.1586812,0,0,135859,143771
1788634853.1587055,1,0,135859,143771
1788634853.1587172,2,100,142347,143771
1788634853.1587272,3,100,142347,143771
1788634854.248005,0,0,135859,143771
1788634854.2480304,1,0,135859,143771
1788634854.2480443,2,100,142347,143771
1788634854.2480552,3,100,142347,143771
1788634855.3756163,0,0,135859,143771
1788634855.375641,1,0,135859,143771
1788634855.3756523,2,100,142347,143771
1788634855.3756623,3,100,142347,143771
1788634856.5028644,0,0,135859,143771
1788634856.5028894,1,0,135859,143771
1788634856.5029027,2,100,142347,143771
1788634856.5029137,3,100,142347,143771
1788634857.6110091,0,0,135859,143771
1788634857.6110337,1,0,135859,143771
1788634857.611046,2,81,142347,143771
1788634857.6110556,3,48,142347,143771
1788634858.7068202,0,0,135859,143771
1788634858.706845,1,0,135859,143771
1788634858.7068572,2,100,142347,143771
1788634858.7068682,3,100,142347,143771
1788634859.8148897,0,0,135859,143771
1788634859.8149135,1,0,135859,143771
1788634859.8149252,2,70,142347,143771
1788634859.8149488,3,100,142347,143771
1788634860.9426768,0,0,135859,143771
1788634860.9427013,1,0,135859,143771
1788634860.9427147,2,90,142347,143771
1788634860.9427266,3,100,142347,143771
1788634862.071738,0,0,135859,143771
1788634862.071762,1,0,135859,143771
1788634862.0717738,2,100,142347,143771
1788634862.0717843,3,100,142347,143771
1788634863.199285,0,0,135859,143771
1788634863.199309,1,0,135859,143771
1788634863.1993215,2,27,142347,143771
1788634863.1993332,3,100,142347,143771
1788634864.3074205,0,0,135859,143771
1788634864.3074455,1,0,135859,143771
1788634864.3074574,2,100,142347,143771
1788634864.3074675,3,100,142347,143771
1788634865.435882,0,0,135859,143771
1788634865.4359071,1,0,135859,143771
1788634865.435921,2,100,142347,143771
1788634865.4359317,3,100,142347,143771
1788634866.5245113,0,0,135859,143771
1788634866.5245352,1,0,135859,143771
1788634866.5245473,2,100,142347,143771
1788634866.524557,3,100,142347,143771
1788634867.6515515,0,0,135859,143771
1788634867.6515763,1,0,135859,143771
1788634867.6515884,2,100,134647,143771
1788634867.6515992,3,100,134647,143771
1788634868.7402654,0,0,135859,143771
1788634868.7402894,1,0,135859,143771
1788634868.7403011,2,100,134649,143771
1788634868.7403114,3,100,134649,143771
1788634869.846807,0,0,135859,143771
1788634869.8468316,1,0,135859,143771
1788634869.846845,2,100,134649,143771
1788634869.8468559,3,100,134649,143771
1788634870.9365664,0,0,135859,143771
1788634870.936591,1,0,135859,143771
1788634870.9366026,2,69,134651,143771
1788634870.9366124,3,66,134651,143771
1788634872.0268269,0,0,135859,143771
1788634872.0268517,1,0,135859,143771
1788634872.0268667,2,100,134651,143771
1788634872.026878,3,100,134651,143771
1788634873.1163073,0,0,135859,143771
1788634873.1163318,1,0,135859,143771
1788634873.116344,2,100,134651,143771
1788634873.1163545,3,100,134651,143771
1788634874.2232335,0,0,135859,143771
1788634874.2232587,1,0,135859,143771
1788634874.2232718,2,93,135723,143771
1788634874.2232826,3,48,135723,143771
1788634875.312099,0,0,135859,143771
1788634875.3121245,1,0,135859,143771
1788634875.312137,2,100,135723,143771
1788634875.312147,3,100,135723,143771
1788634876.4006386,0,0,135859,143771
1788634876.4006639,1,0,135859,143771
1788634876.4006772,2,61,135723,143771
1788634876.4006882,3,100,135723,143771
1788634877.5068412,0,0,135859,143771
1788634877.5068648,1,0,135859,143771
1788634877.506877,2,100,135723,143771
1788634877.5068865,3,100,135723,143771
1788634878.614911,0,0,135859,143771
1788634878.6149347,1,0,135859,143771
1788634878.6149483,2,88,135723,143771
1788634878.6149597,3,100,135723,143771
1788634879.7425442,0,0,135859,143771
1788634879.7425683,1,0,135859,143771
1788634879.7425802,2,100,135723,143771
1788634879.7425902,3,100,135723,143771
1788634880.8508086,0,0,135859,143771
1788634880.8508334,1,0,135859,143771
1788634880.8508463,2,100,135723,143771
1788634880.8508575,3,93,135723,143771
1788634881.9400275,0,0,135859,143771
1788634881.940052,1,0,135859,143771
1788634881.940064,2,100,135723,143771
1788634881.940074,3,100,135723,143771
1788634883.0277781,0,0,135859,143771
1788634883.0278027,1,0,135859,143771
1788634883.0278156,2,97,135723,143771
1788634883.0278265,3,97,135723,143771
1788634884.1158526,0,0,135859,143771
1788634884.115877,1,0,135859,143771
1788634884.1158888,2,100,135723,143771
1788634884.1158988,3,100,135723,143771
1788634885.2038853,0,0,135859,143771
1788634885.2039104,1,0,135859,143771
1788634885.203923,2,100,135723,143771
1788634885.2039344,3,100,135723,143771
1788634886.2944834,0,0,135859,143771
1788634886.294508,1,0,135859,143771
1788634886.29452,2,70,135723,143771
1788634886.2945297,3,100,135723,143771
1788634887.4223495,0,0,135859,143771
1788634887.4223754,1,0,135859,143771
1788634887.422389,2,100,135723,143771
1788634887.4223998,3,100,135723,143771
1788634888.5307949,0,0,135859,143771
1788634888.5308197,1,0,135859,143771
1788634888.530831,2,100,135723,143771
1788634888.5308406,3,100,135723,143771
1788634889.6198208,0,0,135859,143771
1788634889.6198452,1,0,135859,143771
1788634889.6198583,2,79,135723,143771
1788634889.619869,3,100,135723,143771
1788634890.7081091,0,0,135859,143771
1788634890.7081335,1,0,135859,143771
1788634890.708145,2,100,135723,143771
1788634890.7081547,3,100,135723,143771
1788634891.8163385,0,0,135859,143771
1788634891.816364,1,0,135859,143771
1788634891.8163772,2,100,135723,143771
1788634891.8163881,3,100,135723,143771
1788634892.9042394,0,0,135859,143771
1788634892.9042642,1,0,135859,143771
1788634892.904277,2,100,135723,143771
1788634892.9042878,3,79,135723,143771
1788634894.010057,0,0,135859,143771
1788634894.0100815,1,0,135859,143771
1788634894.0100951,2,100,135723,143771
1788634894.010106,3,100,135723,143771
1788634895.0997431,0,0,135859,143771
1788634895.099768,1,0,135859,143771
1788634895.0997791,2,100,135723,143771
1788634895.0997894,3,100,135723,143771
1788634896.2064366,0,0,135859,143771
1788634896.2064614,1,0,135859,143771
1788634896.2064743,2,83,135723,143771
1788634896.206486,3,100,135723,143771
1788634897.3308308,0,0,135859,143771
1788634897.3308558,1,0,135859,143771
1788634897.3308682,2,100,135723,143771
1788634897.3308783,3,100,135723,143771
1788634898.4600096,0,0,135859,143771
1788634898.4600627,1,0,135859,143771
1788634898.460076,2,100,135723,143771
1788634898.4600866,3,100,135723,143771
1788634899.5495563,0,0,135859,143771
1788634899.5495808,1,0,135859,143771
1788634899.5495925,2,100,135723,143771
1788634899.5496025,3,67,135723,143771
1788634900.6359725,0,0,135859,143771
1788634900.6359975,1,0,135859,143771
1788634900.6360106,2,100,135723,143771
1788634900.6360219,3,100,135723,143771
1788634901.7435434,0,0,135859,143771
1788634901.7435684,1,0,135859,143771
1788634901.7435806,2,100,135723,143771
1788634901.7435904,3,100,135723,143771
1788634902.8323317,0,0,135859,143771
1788634902.832357,1,0,135859,143771
1788634902.8323693,2,100,135723,143771
1788634902.8323805,3,100,135723,143771
1788634903.9585774,0,0,135859,143771
1788634903.9586015,1,0,135859,143771
1788634903.9586134,2,69,136901,143771
1788634903.9586236,3,100,136901,143771
1788634905.0476203,0,0,135859,143771
1788634905.0476449,1,0,135859,143771
1788634905.047658,2,100,136901,143771
1788634905.047669,3,100,136901,143771
1788634906.136094,0,0,135859,143771
1788634906.136119,1,0,135859,143771
1788634906.1361296,2,100,136901,143771
1788634906.1361403,3,100,136901,143771
1788634907.2428467,0,0,135859,143771
1788634907.242872,1,0,135859,143771
1788634907.242885,2,100,136901,143771
1788634907.2428956,3,100,136901,143771
1788634908.350795,0,0,135859,143771
1788634908.3508196,1,0,135859,143771
1788634908.350832,2,100,136903,143771
1788634908.3508413,3,93,136903,143771
1788634909.4399958,0,0,135859,143771
1788634909.4400206,1,0,135859,143771
1788634909.4400342,2,100,136903,143771
1788634909.4400454,3,100,136903,143771
1788634910.5456822,0,0,135859,143771
1788634910.5457067,1,0,135859,143771
1788634910.5457194,2,84,136903,143771
1788634910.5457299,3,84,136903,143771
1788634911.6332695,0,0,135859,143771
1788634911.633295,1,0,135859,143771
1788634911.6333077,2,100,136903,143771
1788634911.6333191,3,100,136903,143771
1788634912.7201834,0,0,135859,143771
1788634912.7202084,1,0,135859,143771
1788634912.7202199,2,100,136903,143771
1788634912.7202296,3,100,136903,143771
1788634913.8082116,0,0,135859,143771
1788634913.8082366,1,0,135859,143771
1788634913.8082492,2,100,136903,143771
1788634913.8082604,3,100,136903,143771
1788634914.8956685,0,0,135859,143771
1788634914.895693,1,0,135859,143771
1788634914.8957045,2,100,136903,143771
1788634914.8957145,3,100,136903,143771
1788634916.0028858,0,0,135859,143771
1788634916.002911,1,0,135859,143771
1788634916.0029235,2,100,136903,143771
1788634916.0029345,3,62,136903,143771
1788634917.093286,0,0,135859,143771
1788634917.0933113,1,0,135859,143771
1788634917.0933237,2,100,136903,143771
1788634917.093334,3,69,136903,143771
1788634918.1799212,0,0,135859,143771
1788634918.1799457,1,0,135859,143771
1788634918.1799588,2,100,136903,143771
1788634918.1799698,3,100,136903,143771
1788634919.2678485,0,0,135859,143771
1788634919.2678726,1,0,135859,143771
1788634919.2678843,2,100,136903,143771
1788634919.267894,3,100,136903,143771
1788634920.3557873,0,0,135859,143771
1788634920.3558116,1,0,135859,143771
1788634920.3558238,2,100,136903,143771
1788634920.3558352,3,60,136903,143771
1788634921.4831345,0,0,135859,143771
1788634921.4831586,1,0,135859,143771
1788634921.4831703,2,100,136903,143771
1788634921.48318,3,100,136903,143771
1788634922.5736618,0,0,135859,143771
1788634922.573687,1,0,135859,143771
1788634922.573699,2,100,136903,143771
1788634922.5737095,3,100,136903,143771
1788634923.6624508,0,0,135859,143771
1788634923.6624756,1,0,135859,143771
1788634923.6624875,2,100,136903,143771
1788634923.6624982,3,100,136903,143771
1788634924.7519016,0,0,135859,143771
1788634924.751927,1,0,135859,143771
1788634924.75194,2,100,136903,143771
1788634924.7519503,3,100,136903,143771
1788634925.8584268,0,0,135859,143771
1788634925.858451,1,0,135859,143771
1788634925.8584628,2,100,136903,143771
1788634925.858472,3,100,136903,143771
1788634926.9865465,0,0,135859,143771
1788634926.9865713,1,0,135859,143771
1788634926.9865837,2,100,136903,143771
1788634926.9865954,3,100,136903,143771
1788634928.0948422,0,0,135859,143771
1788634928.0948672,1,0,135859,143771
1788634928.0948792,2,100,136903,143771
1788634928.0948892,3,100,136903,143771
1788634929.184135,0,0,135859,143771
1788634929.1841588,1,0,135859,143771
1788634929.1841717,2,67,136903,143771
1788634929.184183,3,67,136903,143771
1788634930.310525,0,0,135859,143771
1788634930.310549,1,0,135859,143771
1788634930.3105607,2,100,136903,143771
1788634930.3105712,3,86,136903,143771
1788634931.418411,0,0,135859,143771
1788634931.4184353,1,0,135859,143771
1788634931.4184482,2,97,136903,143771
1788634931.418459,3,100,136903,143771
1788634932.5108783,0,0,135859,143771
1788634932.510902,1,0,135859,143771
1788634932.5109136,2,100,136903,143771
1788634932.5109231,3,100,136903,143771
1788634933.6191943,0,0,135859,143771
1788634933.6192188,1,0,135859,143771
1788634933.619232,2,100,136903,143771
1788634933.6192424,3,100,136903,143771
1788634934.7076137,0,0,135859,143771
1788634934.707638,1,0,135859,143771
1788634934.7076492,2,100,136903,143771
1788634934.7076592,3,100,136903,143771
1788634935.834945,0,0,135859,143771
1788634935.8349698,1,0,135859,143771
1788634935.834983,2,63,136903,143771
1788634935.8349943,3,100,136903,143771
1788634936.9236517,0,0,135859,143771
1788634936.9236755,1,0,135859,143771
1788634936.923688,2,100,136903,143771
1788634936.923698,3,100,136903,143771
1788634938.0309246,0,0,135859,143771
1788634938.03095,1,0,135859,143771
1788634938.030962,2,100,136903,143771
1788634938.030973,3,100,136903,143771
1788634939.1197152,0,0,135859,143771
1788634939.1197386,1,0,135859,143771
1788634939.1197505,2,100,136903,143771
1788634939.11976,3,100,136903,143771
1788634940.2076187,0,0,135859,143771
1788634940.207644,1,0,135859,143771
1788634940.2076569,2,100,136903,143771
1788634940.207668,3,100,136903,143771
1788634941.2958806,0,0,135859,143771
1788634941.2958987,1,0,135859,143771
1788634941.295907,2,100,136903,143771
1788634941.2959144,3,100,136903,143771
1788634942.4228563,0,0,135859,143771
1788634942.4228811,1,0,135859,143771
1788634942.4228935,2,100,136903,143771
1788634942.4229043,3,100,136903,143771
1788634943.5143743,0,0,135859,143771
1788634943.514398,1,0,135859,143771
1788634943.5144098,2,100,136903,143771
1788634943.5144203,3,100,136903,143771
1788634944.6044166,0,0,135859,143771
1788634944.6044416,1,0,135859,143771
1788634944.6044552,2,100,136903,143771
1788634944.6044667,3,100,136903,143771
1788634945.7108386,0,0,135859,143771
1788634945.7108634,1,0,135859,143771
1788634945.7108755,2,100,136903,143771
1788634945.710885,3,100,136903,143771
1788634946.8401275,0,0,135859,143771
1788634946.8401535,1,0,135859,143771
1788634946.8401663,2,74,136903,143771
1788634946.8401778,3,100,136903,143771
1788634947.928218,0,0,135859,143771
1788634947.928243,1,0,135859,143771
1788634947.9282541,2,100,136903,143771
1788634947.9282644,3,100,136903,143771
1788634949.016462,0,0,135859,143771
1788634949.0164866,1,0,135859,143771
1788634949.0165,2,75,136903,143771
1788634949.0165107,3,76,136903,143771
1788634950.1056755,0,0,135859,143771
1788634950.1057,1,0,135859,143771
1788634950.105712,2,100,136903,143771
1788634950.1057222,3,100,136903,143771
1788634951.2316635,0,0,135859,143771
1788634951.231688,1,0,135859,143771
1788634951.2317002,2,100,136903,143771
1788634951.2317116,3,100,136903,143771
1788634952.3585134,0,0,135859,143771
1788634952.3585372,1,0,135859,143771
1788634952.3585484,2,100,136903,143771
1788634952.3585577,3,100,136903,143771
1788634953.4873981,0,0,135859,143771
1788634953.4874234,1,0,135859,143771
1788634953.4874365,2,100,136903,143771
1788634953.487461,3,100,136903,143771
1788634954.5763578,0,0,135859,143771
1788634954.5763824,1,0,135859,143771
1788634954.5763946,2,100,136903,143771
1788634954.5764043,3,100,136903,143771
1788634955.703067,0,0,135859,143771
1788634955.7030916,1,0,135859,143771
1788634955.7031054,2,100,136903,143771
1788634955.703117,3,97,136903,143771
1788634956.79178,0,0,135859,143771
1788634956.7918036,1,0,135859,143771
1788634956.791816,2,100,136903,143771
1788634956.7918258,3,100,136903,143771
1788634957.8799808,0,0,135859,143771
1788634957.8800051,1,0,135859,143771
1788634957.8800187,2,100,136903,143771
1788634957.8800297,3,100,136903,143771
1788634959.0079727,0,0,135859,143771
1788634959.0079975,1,0,135859,143771
1788634959.008009,2,100,136903,143771
1788634959.008019,3,100,136903,143771
1788634960.096534,0,0,135859,143771
1788634960.096558,1,0,135859,143771
1788634960.0965703,2,100,136903,143771
1788634960.0965817,3,100,136903,143771
1788634961.2226055,0,0,135859,143771
1788634961.2226293,1,0,135859,143771
1788634961.222641,2,68,136903,143771
1788634961.2226505,3,100,136903,143771
1788634962.3119495,0,0,135859,143771
1788634962.3119743,1,0,135859,143771
1788634962.3119872,2,100,136903,143771
1788634962.311998,3,100,136903,143771
1788634963.4383862,0,0,135859,143771
1788634963.4384105,1,0,135859,143771
1788634963.4384222,2,100,136903,143771
1788634963.4384327,3,100,136903,143771
1788634964.5318615,0,0,135859,143771
1788634964.5318868,1,0,135859,143771
1788634964.5319,2,100,136903,143771
1788634964.5319104,3,100,136903,143771
1788634965.6387885,0,0,135859,143771
1788634965.6388135,1,0,135859,143771
1788634965.6388273,2,100,136903,143771
1788634965.6388376,3,100,136903,143771
1788634966.766769,0,0,135859,143771
1788634966.7667935,1,0,135859,143771
1788634966.7668068,2,100,136903,143771
1788634966.7668176,3,100,136903,143771
1788634967.8959873,0,0,135859,143771
1788634967.896011,1,0,135859,143771
1788634967.8960235,2,100,136903,143771
1788634967.8960333,3,100,136903,143771
1788634968.986145,0,0,135859,143771
1788634968.9861696,1,0,135859,143771
1788634968.9861827,2,100,136903,143771
1788634968.9861937,3,91,136903,143771
1788634970.1147785,0,0,135859,143771
1788634970.1148028,1,0,135859,143771
1788634970.1148148,2,100,136903,143771
1788634970.1148248,3,100,136903,143771
1788634971.2198813,0,0,135859,143771
1788634971.2199066,1,0,135859,143771
1788634971.2199202,2,100,136903,143771
1788634971.2199314,3,100,136903,143771
1788634972.3268244,0,0,135859,143771
1788634972.326849,1,0,135859,143771
1788634972.3268611,2,83,136903,143771
1788634972.3268714,3,100,136903,143771
1788634973.4304194,0,0,135859,143771
1788634973.4304442,1,0,135859,143771
1788634973.4304566,2,100,136903,143771
1788634973.430468,3,100,136903,143771
1788634974.5346544,0,0,135859,143771
1788634974.534679,1,0,135859,143771
1788634974.5346906,2,68,136903,143771
1788634974.5347006,3,76,136903,143771
1788634975.6203449,0,0,135859,143771
1788634975.62037,1,0,135859,143771
1788634975.6203825,2,100,136903,143771
1788634975.6203935,3,100,136903,143771
1788634976.7266288,0,0,135859,143771
1788634976.7266526,1,0,135859,143771
1788634976.7266645,2,76,136903,143771
1788634976.726674,3,93,136903,143771
1788634977.834354,0,0,135859,143771
1788634977.8343782,1,0,135859,143771
1788634977.8343918,2,100,136903,143771
1788634977.8344026,3,100,136903,143771
1788634978.9427602,0,0,135859,143771
1788634978.9427843,1,0,135859,143771
1788634978.9427962,2,100,136903,143771
1788634978.942806,3,100,136903,143771
1788634980.032433,0,0,135859,143771
1788634980.0324583,1,0,135859,143771
1788634980.0324717,2,79,136903,143771
1788634980.032483,3,100,136903,143771
1788634981.15849,0,0,135859,143771
1788634981.1585135,1,0,135859,143771
1788634981.1585267,2,100,136903,143771
1788634981.1585374,3,100,136903,143771
1788634982.2824204,0,0,135859,143771
1788634982.2824445,1,0,135859,143771
1788634982.2824574,2,100,136903,143771
1788634982.2824683,3,100,136903,143771
1788634983.3731678,0,0,135859,143771
1788634983.3731918,1,0,135859,143771
1788634983.373204,2,100,136903,143771
1788634983.373234,3,100,136903,143771
1788634984.4621046,0,0,135859,143771
1788634984.4621296,1,0,135859,143771
1788634984.4621427,2,100,136903,143771
1788634984.4621537,3,100,136903,143771
1788634985.5702956,0,0,135859,143771
1788634985.5703201,1,0,135859,143771
1788634985.5703325,2,100,136903,143771
1788634985.570342,3,100,136903,143771
1788634986.6785634,0,0,135859,143771
1788634986.6785884,1,0,135859,143771
1788634986.6786015,2,100,136903,143771
1788634986.678613,3,100,136903,143771
1788634987.7645438,0,0,135859,143771
1788634987.7645679,1,0,135859,143771
1788634987.7645795,2,100,136903,143771
1788634987.7645895,3,68,136903,143771
1788634988.890432,0,0,135859,143771
1788634988.8904567,1,0,135859,143771
1788634988.8904696,2,100,136903,143771
1788634988.8904812,3,100,136903,143771
1788634989.9997966,0,0,135859,143771
1788634989.9998214,1,0,135859,143771
1788634989.9998326,2,100,136903,143771
1788634989.9998424,3,100,136903,143771
1788634991.088438,0,0,135859,143771
1788634991.0884624,1,0,135859,143771
1788634991.0884752,2,90,136903,143771
1788634991.0884864,3,100,136903,143771
1788634992.214794,0,0,135859,143771
1788634992.2148178,1,0,135859,143771
1788634992.2148306,2,100,136903,143771
1788634992.2148407,3,86,136903,143771
1788634993.3226771,0,0,135859,143771
1788634993.322702,1,0,135859,143771
1788634993.3227148,2,80,136903,143771
1788634993.3227265,3,100,136903,143771
1788634994.4501562,0,0,135859,143771
1788634994.4501808,1,0,135859,143771
1788634994.450193,2,100,136903,143771
1788634994.450203,3,100,136903,143771
1788634995.5751407,0,0,135859,143771
1788634995.5751657,1,0,135859,143771
1788634995.5751784,2,100,136903,143771
1788634995.5751894,3,60,136903,143771
1788634996.7032368,0,0,135859,143771
1788634996.703261,1,0,135859,143771
1788634996.703272,2,97,136903,143771
1788634996.703282,3,100,136903,143771
1788634997.8109596,0,0,135859,143771
1788634997.8109848,1,0,135859,143771
1788634997.8109984,2,100,136903,143771
1788634997.81101,3,100,136903,143771
1788634998.918553,0,0,135859,143771
1788634998.9185767,1,0,135859,143771
1788634998.918589,2,100,136903,143771
1788634998.918599,3,100,136903,143771
1788635000.0054703,0,0,135859,143771
1788635000.0054953,1,0,135859,143771
1788635000.0055084,2,90,136903,143771
1788635000.0055199,3,100,136903,143771
1788635001.0924501,0,0,135859,143771
1788635001.0924754,1,0,135859,143771
1788635001.0924873,2,100,136903,143771
1788635001.092497,3,100,136903,143771
1788635002.1801147,0,0,135859,143771
1788635002.18014,1,0,135859,143771
1788635002.180153,2,100,136903,143771
1788635002.180164,3,100,136903,143771
1788635003.2674198,0,0,135859,143771
1788635003.2674444,1,0,135859,143771
1788635003.2674568,2,100,136903,143771
1788635003.2674665,3,100,136903,143771
1788635004.3943233,0,0,135859,143771
1788635004.3943431,1,0,135859,143771
1788635004.3943522,2,100,136903,143771
1788635004.39436,3,98,136903,143771
1788635005.4894767,0,0,135859,143771
1788635005.4895015,1,0,135859,143771
1788635005.4895132,2,100,136903,143771
1788635005.4895236,3,100,136903,143771
1788635006.5771098,0,0,135859,143771
1788635006.5771353,1,0,135859,143771
1788635006.577148,2,100,136903,143771
1788635006.577159,3,100,136903,143771
1788635007.6827593,0,0,135859,143771
1788635007.6827838,1,0,135859,143771
1788635007.6827958,2,100,136903,143771
1788635007.682806,3,100,136903,143771
1788635008.8112912,0,0,135859,143771
1788635008.8113158,1,0,135859,143771
1788635008.8113286,2,100,136903,143771
1788635008.81134,3,62,136903,143771
1788635009.9003513,0,0,135859,143771
1788635009.9003754,1,0,135859,143771
1788635009.9003878,2,100,136903,143771
1788635009.900398,3,90,136903,143771
1788635010.9888182,0,0,135859,143771
1788635010.988843,1,0,135859,143771
1788635010.9888554,2,100,136903,143771
1788635010.9888668,3,100,136903,143771
1788635012.0947807,0,0,135859,143771
1788635012.0948045,1,0,135859,143771
1788635012.0948164,2,100,136903,143771
1788635012.0948267,3,100,136903,143771
1788635013.2228894,0,0,135859,143771
1788635013.222915,1,0,135859,143771
1788635013.222928,2,100,136903,143771
1788635013.2229383,3,61,136903,143771
1788635014.330304,0,0,135859,143771
1788635014.330328,1,0,135859,143771
1788635014.33034,2,73,136903,143771
1788635014.3303492,3,89,136903,143771
1788635015.4544072,0,0,135859,143771
1788635015.4544327,1,0,135859,143771
1788635015.454446,2,100,136903,143771
1788635015.4544566,3,100,136903,143771
1788635016.558705,0,0,135859,143771
1788635016.5587296,1,0,135859,143771
1788635016.5587425,2,100,136903,143771
1788635016.5587528,3,100,136903,143771
1788635017.6620064,0,0,135859,143771
1788635017.6620312,1,0,135859,143771
1788635017.662044,2,100,136903,143771
1788635017.6620557,3,54,136903,143771
1788635018.7710576,0,0,135859,143771
1788635018.7710814,1,0,135859,143771
1788635018.7710936,2,100,136903,143771
1788635018.7711034,3,100,136903,143771
1788635019.8791,0,0,135859,143771
1788635019.879124,1,0,135859,143771
1788635019.8791373,2,100,136903,143771
1788635019.8791485,3,100,136903,143771
1788635020.9702024,0,0,135859,143771
1788635020.970227,1,0,135859,143771
1788635020.9702392,2,86,136903,143771
1788635020.9702492,3,86,136903,143771
1788635022.060935,0,0,135859,143771
1788635022.0609598,1,0,135859,143771
1788635022.0609734,2,100,136903,143771
1788635022.0609841,3,100,136903,143771
1788635023.1865802,0,0,135859,143771
1788635023.1866045,1,0,135859,143771
1788635023.1866171,2,100,136903,143771
1788635023.1866267,3,100,136903,143771
1788635024.3169253,0,0,135859,143771
1788635024.3169503,1,0,135859,143771
1788635024.3169641,2,100,136903,143771
1788635024.3169749,3,100,136903,143771
1788635025.4044335,0,0,135859,143771
1788635025.404458,1,0,135859,143771
1788635025.40447,2,100,136903,143771
1788635025.40448,3,100,136903,143771
1788635026.531754,0,0,135859,143771
1788635026.531779,1,0,135859,143771
1788635026.5317917,2,100,136903,143771
1788635026.5318031,3,100,136903,143771
1788635027.6586843,0,0,135859,143771
1788635027.6587088,1,0,135859,143771
1788635027.658721,2,88,136903,143771
1788635027.658731,3,100,136903,143771
1788635028.747928,0,0,135859,143771
1788635028.7479515,1,0,135859,143771
1788635028.7479653,2,100,136903,143771
1788635028.7479773,3,100,136903,143771
1788635029.874854,0,0,135859,143771
1788635029.8748782,1,0,135859,143771
1788635029.8748906,2,100,136903,143771
1788635029.8749013,3,100,136903,143771
1788635031.0023952,0,0,135859,143771
1788635031.0024207,1,0,135859,143771
1788635031.0024343,2,76,136903,143771
1788635031.0024447,3,100,136903,143771
1788635032.1301847,0,0,135859,143771
1788635032.1302092,1,0,135859,143771
1788635032.1302214,2,100,136903,143771
1788635032.1302319,3,100,136903,143771
1788635033.2203193,0,0,135859,143771
1788635033.2203445,1,0,135859,143771
1788635033.2203581,2,100,136903,143771
1788635033.2203696,3,100,136903,143771
1788635034.3460572,0,0,135859,143771
1788635034.3460824,1,0,135859,143771
1788635034.3460948,2,76,136903,143771
1788635034.3461046,3,100,136903,143771
1788635035.4317346,0,0,135859,143771
1788635035.4317594,1,0,135859,143771
1788635035.431772,2,100,136903,143771
1788635035.4317832,3,76,136903,143771
1788635036.5205312,0,0,135859,143771
1788635036.5205562,1,0,135859,143771
1788635036.5205684,2,100,136903,143771
1788635036.5205781,3,100,136903,143771
1788635037.6462688,0,0,135859,143771
1788635037.6462948,1,0,135859,143771
1788635037.6463082,2,100,136903,143771
1788635037.6463192,3,100,136903,143771
1788635038.738015,0,0,135859,143771
1788635038.738039,1,0,135859,143771
1788635038.7380512,2,100,136903,143771
1788635038.7380617,3,100,136903,143771
1788635039.8677425,0,0,135859,143771
1788635039.8677673,1,0,135859,143771
1788635039.8677807,2,100,136903,143771
1788635039.867792,3,100,136903,143771
1788635040.9564703,0,0,135859,143771
1788635040.9564948,1,0,135859,143771
1788635040.956507,2,100,136903,143771
1788635040.9565163,3,100,136903,143771
1788635042.0508215,0,0,135859,143771
1788635042.0508473,1,0,135859,143771
1788635042.05086,2,100,136903,143771
1788635042.0508711,3,100,136903,143771
1788635043.1546597,0,0,135859,143771
1788635043.1546836,1,0,135859,143771
1788635043.1546962,2,100,136903,143771
1788635043.1547062,3,100,136903,143771
1788635044.2398748,0,0,135859,143771
1788635044.2398996,1,0,135859,143771
1788635044.2399125,2,100,136903,143771
1788635044.2399237,3,100,136903,143771
1788635045.328013,0,0,135859,143771
1788635045.3280368,1,0,135859,143771
1788635045.3280494,2,71,136903,143771
1788635045.3280594,3,100,136903,143771
1788635046.4613137,0,0,135859,143771
1788635046.4613397,1,0,135859,143771
1788635046.4613526,2,100,136903,143771
1788635046.4613638,3,100,136903,143771
1788635047.5872118,0,0,135859,143771
1788635047.587237,1,0,135859,143771
1788635047.5872488,2,100,136903,143771
1788635047.5872731,3,100,136903,143771
1788635048.71436,0,0,135859,143771
1788635048.7143836,1,0,135859,143771
1788635048.714397,2,100,136903,143771
1788635048.7144072,3,100,136903,143771
1788635049.8002644,0,0,135859,143771
1788635049.800289,1,0,135859,143771
1788635049.800301,2,100,136903,143771
1788635049.8003104,3,100,136903,143771
1788635050.9271235,0,0,135859,143771
1788635050.927149,1,0,135859,143771
1788635050.9271624,2,100,136903,143771
1788635050.9271734,3,100,136903,143771
1788635052.0160992,0,0,135859,143771
1788635052.0161245,1,0,135859,143771
1788635052.0161366,2,100,136903,143771
1788635052.0161471,3,100,136903,143771
1788635053.1424627,0,0,135859,143771
1788635053.1424878,1,0,135859,143771
1788635053.1425009,2,100,136903,143771
1788635053.1425123,3,100,136903,143771
1788635054.2322345,0,0,135859,143771
1788635054.2322593,1,0,135859,143771
1788635054.232271,2,100,136903,143771
1788635054.2322805,3,100,136903,143771
1788635055.3196874,0,0,135859,143771
1788635055.3197124,1,0,135859,143771
1788635055.3197253,2,100,136903,143771
1788635055.3197362,3,100,136903,143771
1788635056.4079185,0,0,135859,143771
1788635056.4079432,1,0,135859,143771
1788635056.4079552,2,100,136903,143771
1788635056.4079657,3,61,136903,143771
1788635057.5349133,0,0,135859,143771
1788635057.5349386,1,0,135859,143771
1788635057.5349517,2,100,136903,143771
1788635057.534963,3,97,136903,143771
1788635058.6243637,0,0,135859,143771
1788635058.6243877,1,0,135859,143771
1788635058.6244004,2,100,136903,143771
1788635058.6244109,3,60,136903,143771
1788635059.7802157,0,0,135859,143771
1788635059.7802405,1,0,135859,143771
1788635059.7802563,2,100,136903,143771
1788635059.7802682,3,100,136903,143771
1788635060.9065413,0,0,135859,143771
1788635060.9065657,1,0,135859,143771
1788635060.9065778,2,100,136903,143771
1788635060.9065874,3,100,136903,143771
1788635061.9965558,0,0,135859,143771
1788635061.9965806,1,0,135859,143771
1788635061.9965932,2,100,136903,143771
1788635061.9966047,3,100,136903,143771
1788635063.0843968,0,0,135859,143771
1788635063.0844216,1,0,135859,143771
1788635063.0844336,2,100,136903,143771
1788635063.0844436,3,100,136903,143771
1788635064.2108064,0,0,135859,143771
1788635064.2108312,1,0,135859,143771
1788635064.2108438,2,100,136903,143771
1788635064.2108555,3,100,136903,143771
1788635065.3144467,0,0,135859,143771
1788635065.314471,1,0,135859,143771
1788635065.3144832,2,100,136903,143771
1788635065.3144934,3,100,136903,143771
1788635066.403755,0,0,135859,143771
1788635066.4037793,1,0,135859,143771
1788635066.4037924,2,100,136903,143771
1788635066.403803,3,100,136903,143771
1788635067.531058,0,0,135859,143771
1788635067.5311096,1,0,135859,143771
1788635067.5311224,2,100,136903,143771
1788635067.5311327,3,100,136903,143771
1788635068.6385689,0,0,135859,143771
1788635068.6385937,1,0,135859,143771
1788635068.6386073,2,100,136903,143771
1788635068.6386187,3,71,136903,143771
1788635069.766655,0,0,135859,143771
1788635069.7666793,1,0,135859,143771
1788635069.766692,2,100,136903,143771
1788635069.7667015,3,100,136903,143771
1788635070.8899922,0,0,135859,143771
1788635070.8900166,1,0,135859,143771
1788635070.8900301,2,100,136903,143771
1788635070.890041,3,100,136903,143771
1788635072.0198498,0,0,135859,143771
1788635072.0198753,1,0,135859,143771
1788635072.0198884,2,100,136903,143771
1788635072.0198984,3,100,136903,143771
1788635073.1484118,0,0,135859,143771
1788635073.1484375,1,0,135859,143771
1788635073.1484513,2,100,136903,143771
1788635073.1484625,3,100,136903,143771
1788635074.2747927,0,0,135859,143771
1788635074.2748172,1,0,135859,143771
1788635074.274829,2,100,136903,143771
1788635074.2748387,3,100,136903,143771
1788635075.3823137,0,0,135859,143771
1788635075.3823385,1,0,135859,143771
1788635075.3823514,2,100,136903,143771
1788635075.3823626,3,100,136903,143771
1788635076.490549,0,0,135859,143771
1788635076.4905732,1,0,135859,143771
1788635076.490585,2,100,136903,143771
1788635076.4905944,3,100,136903,143771
1788635077.5800846,0,0,135859,143771
1788635077.5801096,1,0,135859,143771
1788635077.580123,2,100,136903,143771
1788635077.5801342,3,100,136903,143771
1788635078.7064776,0,0,135859,143771
1788635078.706502,1,0,135859,143771
1788635078.706514,2,100,136903,143771
1788635078.7065234,3,100,136903,143771
1788635079.795755,0,0,135859,143771
1788635079.795779,1,0,135859,143771
1788635079.7957911,2,100,136903,143771
1788635079.7958026,3,100,136903,143771
1788635080.883557,0,0,135859,143771
1788635080.8835807,1,0,135859,143771
1788635080.8835936,2,100,136903,143771
1788635080.8836029,3,100,136903,143771
1788635081.9902554,0,0,135859,143771
1788635081.99028,1,0,135859,143771
1788635081.990293,2,100,136903,143771
1788635081.9903045,3,100,136903,143771
1788635083.0799422,0,0,135859,143771
1788635083.0799673,1,0,135859,143771
1788635083.0799797,2,100,136903,143771
1788635083.07999,3,81,136903,143771
1788635084.1864913,0,0,135859,143771
1788635084.1865156,1,0,135859,143771
1788635084.1865287,2,80,136903,143771
1788635084.18654,3,81,136903,143771
1788635085.2941933,0,0,135859,143771
1788635085.2942169,1,0,135859,143771
1788635085.294229,2,100,136903,143771
1788635085.2942386,3,100,136903,143771
1788635086.4027727,0,0,135859,143771
1788635086.402798,1,0,135859,143771
1788635086.402811,2,100,136903,143771
1788635086.4028225,3,100,136903,143771
1788635087.5310585,0,0,135859,143771
1788635087.5310833,1,0,135859,143771
1788635087.5310962,2,100,136903,143771
1788635087.5311072,3,100,136903,143771
1788635088.622407,0,0,135859,143771
1788635088.622431,1,0,135859,143771
1788635088.622444,2,100,136903,143771
1788635088.6224556,3,100,136903,143771
1788635089.7117796,0,0,135859,143771
1788635089.7118034,1,0,135859,143771
1788635089.711815,2,100,136903,143771
1788635089.7118251,3,100,136903,143771
1788635090.8178825,0,0,135859,143771
1788635090.817908,1,0,135859,143771
1788635090.8179216,2,100,136903,143771
1788635090.817933,3,100,136903,143771
1788635091.9083502,0,0,135859,143771
1788635091.9083745,1,0,135859,143771
1788635091.9083874,2,100,136903,143771
1788635091.908398,3,100,136903,143771
1788635093.0359585,0,0,135859,143771
1788635093.0359833,1,0,135859,143771
1788635093.0359962,2,100,136903,143771
1788635093.0360074,3,100,136903,143771
1788635094.1243942,0,0,135859,143771
1788635094.1244187,1,0,135859,143771
1788635094.1244307,2,100,136903,143771
1788635094.12444,3,100,136903,143771
1788635095.2117498,0,0,135859,143771
1788635095.2117748,1,0,135859,143771
1788635095.2117877,2,100,136903,143771
1788635095.2117987,3,100,136903,143771
1788635096.3398397,0,0,135859,143771
1788635096.3398645,1,0,135859,143771
1788635096.339877,2,100,136903,143771
1788635096.339887,3,100,136903,143771
1788635097.4280906,0,0,135859,143771
1788635097.4281151,1,0,135859,143771
1788635097.428128,2,100,136903,143771
1788635097.428139,3,100,136903,143771
1788635098.5346797,0,0,135859,143771
1788635098.5347044,1,0,135859,143771
1788635098.5347161,2,100,136903,143771
1788635098.5347261,3,100,136903,143771
1788635099.6422977,0,0,135859,143771
1788635099.6423225,1,0,135859,143771
1788635099.6423357,2,100,136903,143771
1788635099.642347,3,72,136903,143771
1788635100.769934,0,0,135859,143771
1788635100.7699573,1,0,135859,143771
1788635100.769969,2,100,136903,143771
1788635100.7699795,3,100,136903,143771
1788635101.8973763,0,0,135859,143771
1788635101.8974006,1,0,135859,143771
1788635101.8974137,2,100,136903,143771
1788635101.8974245,3,100,136903,143771
1788635103.0242019,0,0,135859,143771
1788635103.0242271,1,0,135859,143771
1788635103.024239,2,100,136903,143771
1788635103.0242488,3,100,136903,143771
1788635104.1509519,0,0,135859,143771
1788635104.1509767,1,0,135859,143771
1788635104.1509902,2,100,136903,143771
1788635104.1510015,3,100,136903,143771
1788635105.2776601,0,0,135859,143771
1788635105.277685,1,0,135859,143771
1788635105.2776978,2,100,136903,143771
1788635105.2777083,3,76,136903,143771
1788635106.3822863,0,0,135859,143771
1788635106.3823116,1,0,135859,143771
1788635106.3823245,2,100,136903,143771
1788635106.382336,3,100,136903,143771
1788635107.4717607,0,0,135859,143771
1788635107.471786,1,0,135859,143771
1788635107.471798,2,86,136903,143771
1788635107.471808,3,100,136903,143771
1788635108.5781202,0,0,135859,143771
1788635108.578146,1,0,135859,143771
1788635108.5781593,2,100,136903,143771
1788635108.5781708,3,100,136903,143771
1788635109.6680994,0,0,135859,143771
1788635109.6681237,1,0,135859,143771
1788635109.6681364,2,100,136903,143771
1788635109.6681466,3,100,136903,143771
1788635110.7556498,0,0,135859,143771
1788635110.7556744,1,0,135859,143771
1788635110.7556875,2,88,136903,143771
1788635110.755698,3,88,136903,143771
1788635111.8821104,0,0,135859,143771
1788635111.8821344,1,0,135859,143771
1788635111.8821461,2,100,136903,143771
1788635111.8821552,3,100,136903,143771
1788635112.9891055,0,0,135859,143771
1788635112.98913,1,0,135859,143771
1788635112.989143,2,87,136903,143771
1788635112.9891543,3,100,136903,143771
1788635114.07629,0,0,135859,143771
1788635114.0763135,1,0,135859,143771
1788635114.076326,2,100,136903,143771
1788635114.0763361,3,100,136903,143771
1788635115.164334,0,0,135859,143771
1788635115.164358,1,0,135859,143771
1788635115.1643705,2,100,136903,143771
1788635115.1643817,3,100,136903,143771
1788635116.252521,0,0,135859,143771
1788635116.2525444,1,0,135859,143771
1788635116.252557,2,100,136903,143771
1788635116.2525668,3,95,136903,143771
1788635117.3587604,0,0,135859,143771
1788635117.3587847,1,0,135859,143771
1788635117.3587976,2,96,136903,143771
1788635117.3588085,3,100,136903,143771
1788635118.4859061,0,0,135859,143771
1788635118.48593,1,0,135859,143771
1788635118.4859414,2,100,136903,143771
1788635118.4859514,3,100,136903,143771
1788635119.603443,0,0,135859,143771
1788635119.6034672,1,0,135859,143771
1788635119.6034803,2,100,136903,143771
1788635119.6034913,3,100,136903,143771
1788635120.6924896,0,0,135859,143771
1788635120.6925144,1,0,135859,143771
1788635120.6925263,2,100,136903,143771
1788635120.6925359,3,100,136903,143771
1788635121.7800214,0,0,135859,143771
1788635121.7800467,1,0,135859,143771
1788635121.7800596,2,100,136903,143771
1788635121.7800705,3,100,136903,143771
1788635122.9077117,0,0,135859,143771
1788635122.9077368,1,0,135859,143771
1788635122.9077494,2,100,136903,143771
1788635122.9077592,3,100,136903,143771
1788635124.035456,0,0,135859,143771
1788635124.0354803,1,0,135859,143771
1788635124.0354934,2,100,136903,143771
1788635124.0355046,3,100,136903,143771
1788635125.1444724,0,0,135859,143771
1788635125.144498,1,0,135859,143771
1788635125.144509,2,100,136903,143771
1788635125.1445186,3,100,136903,143771
1788635126.2323673,0,0,135859,143771
1788635126.2323916,1,0,135859,143771
1788635126.2324047,2,100,136903,143771
1788635126.2324166,3,100,136903,143771
1788635127.3200426,0,0,135859,143771
1788635127.3200676,1,0,135859,143771
1788635127.3200793,2,100,136903,143771
1788635127.3200893,3,100,136903,143771
1788635128.4072568,0,0,135859,143771
1788635128.4072814,1,0,135859,143771
1788635128.4072948,2,100,136903,143771
1788635128.4073055,3,86,136903,143771
1788635129.4953709,0,0,135859,143771
1788635129.4953947,1,0,135859,143771
1788635129.4954069,2,100,136903,143771
1788635129.4954166,3,64,136903,143771
1788635130.6243486,0,0,135859,143771
1788635130.6243756,1,0,135859,143771
1788635130.6243894,2,100,136903,143771
1788635130.6244009,3,100,136903,143771
1788635131.7513704,0,0,135859,143771
1788635131.7513947,1,0,135859,143771
1788635131.751407,2,100,136903,143771
1788635131.7514172,3,100,136903,143771
1788635132.8589556,0,0,135859,143771
1788635132.85898,1,0,135859,143771
1788635132.8589919,2,100,136903,143771
1788635132.8590026,3,100,136903,143771
1788635133.967251,0,0,135859,143771
1788635133.9672744,1,0,135859,143771
1788635133.9672866,2,100,136903,143771
1788635133.9672966,3,100,136903,143771
1788635135.0953827,0,0,135859,143771
1788635135.0954082,1,0,135859,143771
1788635135.0954216,2,100,136903,143771
1788635135.0954328,3,100,136903,143771
1788635136.1840649,0,0,135859,143771
1788635136.1840897,1,0,135859,143771
1788635136.1841009,2,100,136903,143771
1788635136.1841109,3,100,136903,143771
1788635137.3104722,0,0,135859,143771
1788635137.3104968,1,0,135859,143771
1788635137.3105097,2,64,136903,143771
1788635137.3105214,3,100,136903,143771
1788635138.437956,0,0,135859,143771
1788635138.4380069,1,0,135859,143771
1788635138.4380195,2,100,136903,143771
1788635138.43803,3,100,136903,143771
1788635139.5277321,0,0,135859,143771
1788635139.5277567,1,0,135859,143771
1788635139.5277703,2,100,136903,143771
1788635139.5277815,3,100,136903,143771
1788635140.6340797,0,0,135859,143771
1788635140.6341045,1,0,135859,143771
1788635140.6341166,2,100,136903,143771
1788635140.634127,3,100,136903,143771
1788635141.7388723,0,0,135859,143771
1788635141.7388973,1,0,135859,143771
1788635141.73891,2,100,136903,143771
1788635141.7389343,3,100,136903,143771
1788635142.8663568,0,0,135859,143771
1788635142.8663812,1,0,135859,143771
1788635142.8663929,2,100,136903,143771
1788635142.866403,3,100,136903,143771
1788635143.975056,0,0,135859,143771
1788635143.9750807,1,0,135859,143771
1788635143.9750934,2,100,136903,143771
1788635143.9751046,3,100,136903,143771
1788635145.1035488,0,0,135859,143771
1788635145.103574,1,0,135859,143771
1788635145.1035872,2,100,136903,143771
1788635145.1035986,3,100,136903,143771
1788635146.2315116,0,0,135859,143771
1788635146.2315361,1,0,135859,143771
1788635146.231549,2,100,136903,143771
1788635146.2315598,3,100,136903,143771
1788635147.339491,0,0,135859,143771
1788635147.339515,1,0,135859,143771
1788635147.3395271,2,100,136903,143771
1788635147.339538,3,100,136903,143771
1788635148.4285767,0,0,135859,143771
1788635148.4286015,1,0,135859,143771
1788635148.428614,2,63,136903,143771
1788635148.4286242,3,100,136903,143771
1788635149.5155993,0,0,135859,143771
1788635149.5156236,1,0,135859,143771
1788635149.5156357,2,100,136903,143771
1788635149.5156457,3,100,136903,143771
1788635150.6240435,0,0,135859,143771
1788635150.624069,1,0,135859,143771
1788635150.6240816,2,100,136903,143771
1788635150.6240928,3,100,136903,143771
1788635151.751919,0,0,135859,143771
1788635151.751943,1,0,135859,143771
1788635151.7519555,2,100,136903,143771
1788635151.7519665,3,100,136903,143771
1788635152.8402252,0,0,135859,143771
1788635152.8402503,1,0,135859,143771
1788635152.840263,2,100,136903,143771
1788635152.840273,3,100,136903,143771
1788635153.9275215,0,0,135859,143771
1788635153.9275458,1,0,135859,143771
1788635153.9275596,2,100,136903,143771
1788635153.9275713,3,100,136903,143771
1788635155.0163047,0,0,135859,143771
1788635155.0163295,1,0,135859,143771
1788635155.0163422,2,100,136903,143771
1788635155.0163543,3,100,136903,143771
1788635156.1043084,0,0,135859,143771
1788635156.1043334,1,0,135859,143771
1788635156.1043463,2,71,136903,143771
1788635156.1043582,3,100,136903,143771
1788635157.1920142,0,0,135859,143771
1788635157.192039,1,0,135859,143771
1788635157.1920507,2,100,136903,143771
1788635157.1920612,3,100,136903,143771
1788635158.319577,0,0,135859,143771
1788635158.3196013,1,0,135859,143771
1788635158.3196142,2,100,136903,143771
1788635158.3196244,3,100,136903,143771
1788635159.446613,0,0,135859,143771
1788635159.4466376,1,0,135859,143771
1788635159.4466512,2,100,136903,143771
1788635159.4466622,3,100,136903,143771
1788635160.5743928,0,0,135859,143771
1788635160.574419,1,0,135859,143771
1788635160.5744324,2,100,136903,143771
1788635160.5744438,3,100,136903,143771
1788635161.6842613,0,0,135859,143771
1788635161.6842856,1,0,135859,143771
1788635161.6842985,2,100,136903,143771
1788635161.6843085,3,87,136903,143771
1788635162.7725546,0,0,135859,143771
1788635162.7725794,1,0,135859,143771
1788635162.7725914,2,90,136903,143771
1788635162.7726011,3,62,136903,143771
1788635163.8991225,0,0,135859,143771
1788635163.8991477,1,0,135859,143771
1788635163.8991601,2,100,136903,143771
1788635163.8991709,3,100,136903,143771
1788635165.0264993,0,0,135859,143771
1788635165.0265236,1,0,135859,143771
1788635165.0265365,2,100,136903,143771
1788635165.0265472,3,100,136903,143771
1788635166.1161323,0,0,135859,143771
1788635166.1161568,1,0,135859,143771
1788635166.1161692,2,100,136903,143771
1788635166.11618,3,100,136903,143771
1788635167.2039359,0,0,135859,143771
1788635167.203961,1,0,135859,143771
1788635167.2039733,2,100,136903,143771
1788635167.2039838,3,100,136903,143771
1788635168.3308268,0,0,135859,143771
1788635168.330852,1,0,135859,143771
1788635168.3308651,2,100,136903,143771
1788635168.3308766,3,100,136903,143771
1788635169.4596057,0,0,135859,143771
1788635169.4596303,1,0,135859,143771
1788635169.459643,2,100,136903,143771
1788635169.4596534,3,100,136903,143771
1788635170.566854,0,0,135859,143771
1788635170.5668771,1,0,135859,143771
1788635170.5668898,2,100,136903,143771
1788635170.5669005,3,96,136903,143771
1788635171.6562238,0,0,135859,143771
1788635171.6562486,1,0,135859,143771
1788635171.6562612,2,100,136903,143771
1788635171.6562717,3,100,136903,143771
1788635172.7438107,0,0,135859,143771
1788635172.7438354,1,0,135859,143771
1788635172.7438488,2,82,136903,143771
1788635172.74386,3,100,136903,143771
1788635173.871416,0,0,135859,143771
1788635173.8714402,1,0,135859,143771
1788635173.871453,2,100,136903,143771
1788635173.871464,3,100,136903,143771
1788635174.9786675,0,0,135859,143771
1788635174.978692,1,0,135859,143771
1788635174.9787042,2,100,136903,143771
1788635174.9787145,3,100,136903,143771
1788635176.0871944,0,0,135859,143771
1788635176.0872192,1,0,135859,143771
1788635176.087232,2,100,136903,143771
1788635176.0872416,3,100,136903,143771
1788635177.215525,0,0,135859,143771
1788635177.2155497,1,0,135859,143771
1788635177.2155628,2,100,136903,143771
1788635177.2155738,3,100,136903,143771
1788635178.3231726,0,0,135859,143771
1788635178.3231874,1,0,135859,143771
1788635178.3231943,2,95,136903,143771
1788635178.3232007,3,100,136903,143771
1788635179.4507556,0,0,135859,143771
1788635179.4507797,1,0,135859,143771
1788635179.450792,2,100,136903,143771
1788635179.4508023,3,100,136903,143771
1788635180.5359998,0,0,135859,143771
1788635180.5360243,1,0,135859,143771
1788635180.536037,2,100,136903,143771
1788635180.5360477,3,92,136903,143771
1788635181.6244211,0,0,135859,143771
1788635181.6244457,1,0,135859,143771
1788635181.6244588,2,100,136903,143771
1788635181.6244695,3,100,136903,143771
1788635182.7523303,0,0,135859,143771
1788635182.752355,1,0,135859,143771
1788635182.752367,2,100,136903,143771
1788635182.7523782,3,100,136903,143771
1788635183.8591073,0,0,135859,143771
1788635183.859132,1,0,135859,143771
1788635183.8591437,2,100,136903,143771
1788635183.8591542,3,100,136903,143771
1788635184.9865332,0,0,135859,143771
1788635184.9865575,1,0,135859,143771
1788635184.9865696,2,100,136903,143771
1788635184.9865801,3,100,136903,143771
1788635186.111376,0,0,135859,143771
1788635186.1114001,1,0,135859,143771
1788635186.1114132,2,100,136903,143771
1788635186.111424,3,100,136903,143771
1788635187.2023969,0,0,135859,143771
1788635187.202422,1,0,135859,143771
1788635187.2024348,2,100,136903,143771
1788635187.202446,3,100,136903,143771
1788635188.327189,0,0,135859,143771
1788635188.327213,1,0,135859,143771
1788635188.3272245,2,100,136903,143771
1788635188.3272357,3,100,136903,143771
1788635189.416266,0,0,135859,143771
1788635189.416291,1,0,135859,143771
1788635189.4163039,2,100,136903,143771
1788635189.4163148,3,100,136903,143771
1788635190.5040429,0,0,135859,143771
1788635190.5040681,1,0,135859,143771
1788635190.5040815,2,83,136903,143771
1788635190.504093,3,100,136903,143771
1788635191.631898,0,0,135859,143771
1788635191.631922,1,0,135859,143771
1788635191.631934,2,100,136903,143771
1788635191.6319447,3,100,136903,143771
1788635192.7603054,0,0,135859,143771
1788635192.7603302,1,0,135859,143771
1788635192.7603424,2,100,136903,143771
1788635192.7603528,3,100,136903,143771
1788635193.8478801,0,0,135859,143771
1788635193.8479044,1,0,135859,143771
1788635193.847917,2,100,136903,143771
1788635193.8479278,3,100,136903,143771
1788635194.9545546,0,0,135859,143771
1788635194.9545798,1,0,135859,143771
1788635194.9545925,2,72,136903,143771
1788635194.9546037,3,86,136903,143771
1788635196.058887,0,0,135859,143771
1788635196.058911,1,0,135859,143771
1788635196.058923,2,100,136903,143771
1788635196.0589337,3,100,136903,143771
1788635197.1937742,0,0,135859,143771
1788635197.193799,1,0,135859,143771
1788635197.1938105,2,93,136903,143771
1788635197.1938205,3,93,136903,143771
1788635198.3228993,0,0,135859,143771
1788635198.3229256,1,0,135859,143771
1788635198.3229382,2,94,136903,143771
1788635198.3229485,3,100,136903,143771
1788635199.43087,0,0,135859,143771
1788635199.4308946,1,0,135859,143771
1788635199.4309075,2,100,136903,143771
1788635199.430919,3,66,136903,143771
1788635200.538972,0,0,135859,143771
1788635200.5389957,1,0,135859,143771
1788635200.5390086,2,100,136903,143771
1788635200.5390196,3,100,136903,143771
1788635201.6679518,0,0,135859,143771
1788635201.6679766,1,0,135859,143771
1788635201.6679888,2,100,136903,143771
1788635201.6679993,3,100,136903,143771
1788635202.7562838,0,0,135859,143771
1788635202.756308,1,0,135859,143771
1788635202.7563202,2,100,136903,143771
1788635202.7563305,3,100,136903,143771
1788635203.862969,0,0,135859,143771
1788635203.8629925,1,0,135859,143771
1788635203.863006,2,100,136903,143771
1788635203.8630168,3,100,136903,143771
1788635204.9916415,0,0,135859,143771
1788635204.9916658,1,0,135859,143771
1788635204.991679,2,100,136903,143771
1788635204.9916894,3,100,136903,143771
1788635206.118298,0,0,135859,143771
1788635206.1183212,1,0,135859,143771
1788635206.118333,2,100,136903,143771
1788635206.118343,3,100,136903,143771
1788635207.2269642,0,0,135859,143771
1788635207.226989,1,0,135859,143771
1788635207.2270014,2,100,136903,143771
1788635207.2270117,3,100,136903,143771
1788635208.3163824,0,0,135859,143771
1788635208.3164074,1,0,135859,143771
1788635208.3164206,2,100,136903,143771
1788635208.3164315,3,100,136903,143771
1788635209.4429693,0,0,135859,143771
1788635209.442994,1,0,135859,143771
1788635209.4430065,2,100,136903,143771
1788635209.4430177,3,100,136903,143771
1788635210.5321944,0,0,135859,143771
1788635210.5322177,1,0,135859,143771
1788635210.5322297,2,100,136903,143771
1788635210.53224,3,100,136903,143771
1788635211.6191595,0,0,135859,143771
1788635211.6191838,1,0,135859,143771
1788635211.6191964,2,100,136903,143771
1788635211.6192074,3,100,136903,143771
1788635212.7274668,0,0,135859,143771
1788635212.727492,1,0,135859,143771
1788635212.7275047,2,100,136903,143771
1788635212.727516,3,100,136903,143771
1788635213.816512,0,0,135859,143771
1788635213.8165364,1,0,135859,143771
1788635213.8165493,2,100,136903,143771
1788635213.81656,3,100,136903,143771
1788635214.9054163,0,0,135859,143771
1788635214.9054406,1,0,135859,143771
1788635214.9054525,2,100,136903,143771
1788635214.9054625,3,100,136903,143771
1788635216.0296643,0,0,135859,143771
1788635216.0296884,1,0,135859,143771
1788635216.0297015,2,100,136903,143771
1788635216.0297124,3,100,136903,143771
1788635217.1347582,0,0,135859,143771
1788635217.1347828,1,0,135859,143771
1788635217.134795,2,100,136903,143771
1788635217.1348054,3,100,136903,143771
1788635218.2438579,0,0,135859,143771
1788635218.2438843,1,0,135859,143771
1788635218.2438977,2,82,136903,143771
1788635218.243909,3,100,136903,143771
1788635219.3325455,0,0,135859,143771
1788635219.3325706,1,0,135859,143771
1788635219.3325837,2,100,136903,143771
1788635219.3325934,3,100,136903,143771
1788635220.4389608,0,0,135859,143771
1788635220.438985,1,0,135859,143771
1788635220.4389973,2,100,136903,143771
1788635220.4390075,3,100,136903,143771
1788635221.5666332,0,0,135859,143771
1788635221.5666585,1,0,135859,143771
1788635221.5666716,2,100,136903,143771
1788635221.5666826,3,98,136903,143771
1788635222.6558692,0,0,135859,143771
1788635222.6558936,1,0,135859,143771
1788635222.655906,2,100,136903,143771
1788635222.655918,3,79,136903,143771
1788635223.7642019,0,0,135859,143771
1788635223.7642262,1,0,135859,143771
1788635223.7642386,2,100,136903,143771
1788635223.7642486,3,100,136903,143771
1788635224.890397,0,0,135859,143771
1788635224.8904219,1,0,135859,143771
1788635224.8904347,2,100,136903,143771
1788635224.8904462,3,74,136903,143771
1788635225.9795249,0,0,135859,143771
1788635225.979549,1,0,135859,143771
1788635225.9795616,2,90,136903,143771
1788635225.9795728,3,100,136903,143771
1788635227.0862274,0,0,135859,143771
1788635227.0862517,1,0,135859,143771
1788635227.0862648,2,100,136903,143771
1788635227.0862758,3,100,136903,143771
1788635228.1717372,0,0,135859,143771
1788635228.171761,1,0,135859,143771
1788635228.171773,2,98,136903,143771
1788635228.1717834,3,99,136903,143771
1788635229.2602186,0,0,135859,143771
1788635229.2602434,1,0,135859,143771
1788635229.2602558,2,100,136903,143771
1788635229.2602668,3,100,136903,143771
1788635230.3483472,0,0,135859,143771
1788635230.3483717,1,0,135859,143771
1788635230.3483849,2,100,136903,143771
1788635230.3483958,3,100,136903,143771
1788635231.4749236,0,0,135859,143771
1788635231.4749477,1,0,135859,143771
1788635231.4749606,2,100,136903,143771
1788635231.4749713,3,100,136903,143771
1788635232.5639973,0,0,135859,143771
1788635232.5640216,1,0,135859,143771
1788635232.5640333,2,100,136903,143771
1788635232.5640435,3,100,136903,143771
1788635233.652763,0,0,135859,143771
1788635233.652787,1,0,135859,143771
1788635233.6528,2,100,136903,143771
1788635233.6528103,3,100,136903,143771
1788635234.7591603,0,0,135859,143771
1788635234.7591853,1,0,135859,143771
1788635234.7591982,2,100,136903,143771
1788635234.759209,3,100,136903,143771
1788635235.8511405,0,0,135859,143771
1788635235.8511655,1,0,135859,143771
1788635235.8511782,2,100,136903,143771
1788635235.851203,3,100,136903,143771
1788635236.9793353,0,0,135859,143771
1788635236.9793594,1,0,135859,143771
1788635236.979372,2,100,136903,143771
1788635236.9793823,3,100,136903,143771
1788635238.0678496,0,0,135859,143771
1788635238.067884,1,0,135859,143771
1788635238.0678964,2,100,136903,143771
1788635238.0679073,3,100,136903,143771
1788635239.1564636,0,0,135859,143771
1788635239.1564884,1,0,135859,143771
1788635239.1565013,2,100,136903,143771
1788635239.1565125,3,100,136903,143771
1788635240.2663774,0,0,135859,143771
1788635240.266402,1,0,135859,143771
1788635240.2664149,2,100,136903,143771
1788635240.2664256,3,100,136903,143771
1788635241.3754427,0,0,135859,143771
1788635241.3754668,1,0,135859,143771
1788635241.3754787,2,100,136903,143771
1788635241.3754895,3,88,136903,143771
1788635242.4642105,0,0,135859,143771
1788635242.4642353,1,0,135859,143771
1788635242.4642482,2,100,136903,143771
1788635242.4642582,3,100,136903,143771
1788635243.5708568,0,0,135859,143771
1788635243.5708814,1,0,135859,143771
1788635243.5708942,2,100,136903,143771
1788635243.5709047,3,100,136903,143771
1788635244.679633,0,0,135859,143771
1788635244.6796575,1,0,135859,143771
1788635244.6796703,2,64,136903,143771
1788635244.6796818,3,100,136903,143771
1788635245.808279,0,0,135859,143771
1788635245.8083038,1,0,135859,143771
1788635245.8083165,2,100,136903,143771
1788635245.8083267,3,100,136903,143771
1788635246.896125,0,0,135859,143771
1788635246.8961494,1,0,135859,143771
1788635246.8961618,2,100,136903,143771
1788635246.896172,3,100,136903,143771
1788635248.022279,0,0,135859,143771
1788635248.0223029,1,0,135859,143771
1788635248.0223181,2,100,136903,143771
1788635248.0223303,3,100,136903,143771
1788635249.1119745,0,0,135859,143771
1788635249.1119986,1,0,135859,143771
1788635249.1120114,2,100,136903,143771
1788635249.112023,3,100,136903,143771
1788635250.2009695,0,0,135859,143771
1788635250.2009938,1,0,135859,143771
1788635250.201006,2,100,136903,143771
1788635250.2010164,3,100,136903,143771
1788635251.2878907,0,0,135859,143771
1788635251.287915,1,0,135859,143771
1788635251.2879279,2,100,136903,143771
1788635251.2879384,3,100,136903,143771
1788635252.4141781,0,0,135859,143771
1788635252.4142022,1,0,135859,143771
1788635252.414215,2,100,136903,143771
1788635252.4142258,3,100,136903,143771
1788635253.5039823,0,0,135859,143771
1788635253.5040064,1,0,135859,143771
1788635253.504019,2,79,136903,143771
1788635253.50403,3,100,136903,143771
1788635254.611369,0,0,135859,143771
1788635254.6113932,1,0,135859,143771
1788635254.6114056,2,100,136903,143771
1788635254.6114159,3,100,136903,143771
1788635255.7196703,0,0,135859,143771
1788635255.7196953,1,0,135859,143771
1788635255.719708,2,68,136903,143771
1788635255.719719,3,100,136903,143771
1788635256.8273318,0,0,135859,143771
1788635256.8273573,1,0,135859,143771
1788635256.8273706,2,100,136903,143771
1788635256.8273816,3,92,136903,143771
1788635257.9159164,0,0,135859,143771
1788635257.9159412,1,0,135859,143771
1788635257.915954,2,100,136903,143771
1788635257.9159646,3,100,136903,143771
1788635259.0426435,0,0,135859,143771
1788635259.0426679,1,0,135859,143771
1788635259.0426798,2,100,136903,143771
1788635259.04269,3,100,136903,143771
1788635260.1713123,0,0,135859,143771
1788635260.1713371,1,0,135859,143771
1788635260.1713505,2,81,136903,143771
1788635260.1713605,3,59,136903,143771
1788635261.2596986,0,0,135859,143771
1788635261.2597227,1,0,135859,143771
1788635261.2597356,2,95,136903,143771
1788635261.2597463,3,92,136903,143771
1788635262.386352,0,0,135859,143771
1788635262.386376,1,0,135859,143771
1788635262.3863885,2,100,136903,143771
1788635262.3864005,3,75,136903,143771
1788635263.5139816,0,0,135859,143771
1788635263.514006,1,0,135859,143771
1788635263.5140183,2,100,136903,143771
1788635263.5140293,3,81,136903,143771
1788635264.6037686,0,0,135859,143771
1788635264.6037931,1,0,135859,143771
1788635264.6038055,2,100,136903,143771
1788635264.6038158,3,100,136903,143771
1788635265.6920002,0,0,135859,143771
1788635265.6920254,1,0,135859,143771
1788635265.692038,2,88,136903,143771
1788635265.6920488,3,100,136903,143771
1788635266.8191967,0,0,135859,143771
1788635266.819222,1,0,135859,143771
1788635266.819235,2,100,136903,143771
1788635266.8192468,3,93,136903,143771
1788635267.9075654,0,0,135859,143771
1788635267.9075897,1,0,135859,143771
1788635267.907601,2,100,136903,143771
1788635267.9076114,3,100,136903,143771
1788635268.9982285,0,0,135859,143771
1788635268.998253,1,0,135859,143771
1788635268.9982655,2,100,136903,143771
1788635268.998276,3,100,136903,143771
1788635270.0878108,0,0,135859,143771
1788635270.0878358,1,0,135859,143771
1788635270.0878484,2,87,136903,143771
1788635270.0878584,3,87,136903,143771
1788635271.2144132,0,0,135859,143771
1788635271.2144384,1,0,135859,143771
1788635271.2144506,2,100,136903,143771
1788635271.214462,3,100,136903,143771
1788635272.3068283,0,0,135859,143771
1788635272.306853,1,0,135859,143771
1788635272.3068652,2,100,136903,143771
1788635272.3068757,3,100,136903,143771
1788635273.396225,0,0,135859,143771
1788635273.3962493,1,0,135859,143771
1788635273.3962624,2,91,136903,143771
1788635273.3962727,3,91,136903,143771
1788635274.5210567,0,0,135859,143771
1788635274.521082,1,0,135859,143771
1788635274.5210953,2,100,136903,143771
1788635274.5211065,3,100,136903,143771
1788635275.6466267,0,0,135859,143771
1788635275.646651,1,0,135859,143771
1788635275.646664,2,100,136903,143771
1788635275.6466746,3,100,136903,143771
1788635276.7554204,0,0,135859,143771
1788635276.7554457,1,0,135859,143771
1788635276.7554579,2,55,136903,143771
1788635276.7554686,3,100,136903,143771
1788635277.8828785,0,0,135859,143771
1788635277.882903,1,0,135859,143771
1788635277.8829157,2,100,136903,143771
1788635277.8829262,3,100,136903,143771
1788635279.0110147,0,0,135859,143771
1788635279.0110395,1,0,135859,143771
1788635279.0110524,2,100,136903,143771
1788635279.0110626,3,100,136903,143771
1788635280.1403458,0,0,135859,143771
1788635280.1403902,1,0,135859,143771
1788635280.140403,2,100,136903,143771
1788635280.1404138,3,100,136903,143771
1788635281.2675424,0,0,135859,143771
1788635281.2675674,1,0,135859,143771
1788635281.2675798,2,100,136903,143771
1788635281.2675903,3,100,136903,143771
1788635282.3958275,0,0,135859,143771
1788635282.3958523,1,0,135859,143771
1788635282.3958642,2,100,136903,143771
1788635282.3958743,3,100,136903,143771
1788635283.4842055,0,0,135859,143771
1788635283.48423,1,0,135859,143771
1788635283.484243,2,100,136903,143771
1788635283.4842534,3,100,136903,143771
1788635284.5905454,0,0,135859,143771
1788635284.5905702,1,0,135859,143771
1788635284.5905833,2,100,136903,143771
1788635284.5905948,3,100,136903,143771
1788635285.7184203,0,0,135859,143771
1788635285.7184446,1,0,135859,143771
1788635285.7184567,2,100,136903,143771
1788635285.7184684,3,100,136903,143771
1788635286.8274283,0,0,135859,143771
1788635286.827453,1,0,135859,143771
1788635286.827465,2,100,136903,143771
1788635286.8274753,3,100,136903,143771
1788635287.9167004,0,0,135859,143771
1788635287.9167252,1,0,135859,143771
1788635287.916738,2,100,136903,143771
1788635287.9167488,3,100,136903,143771
1788635289.0040019,0,0,135859,143771
1788635289.0040262,1,0,135859,143771
1788635289.0040383,2,100,136903,143771
1788635289.0040498,3,100,136903,143771
1788635290.1303225,0,0,135859,143771
1788635290.1303475,1,0,135859,143771
1788635290.1303604,2,100,136903,143771
1788635290.1303704,3,100,136903,143771
1788635291.219794,0,0,135859,143771
1788635291.2198186,1,0,135859,143771
1788635291.2198312,2,100,136903,143771
1788635291.2198417,3,100,136903,143771
1788635292.3469872,0,0,135859,143771
1788635292.347012,1,0,135859,143771
1788635292.3470242,2,100,136903,143771
1788635292.347035,3,100,136903,143771
1788635293.4745045,0,0,135859,143771
1788635293.474529,1,0,135859,143771
1788635293.4745414,2,100,136903,143771
1788635293.4745524,3,100,136903,143771
1788635294.5641248,0,0,135859,143771
1788635294.5641496,1,0,135859,143771
1788635294.5641618,2,100,136903,143771
1788635294.5641723,3,100,136903,143771
1788635295.6910682,0,0,135859,143771
1788635295.6910932,1,0,135859,143771
1788635295.6911058,2,100,136903,143771
1788635295.6911163,3,100,136903,143771
1788635296.7803464,0,0,135859,143771
1788635296.780371,1,0,135859,143771
1788635296.780384,2,100,136903,143771
1788635296.7803948,3,100,136903,143771
1788635297.907351,0,0,135859,143771
1788635297.9073753,1,0,135859,143771
1788635297.9073877,2,100,136903,143771
1788635297.907398,3,100,136903,143771
1788635298.9965115,0,0,135859,143771
1788635298.9965358,1,0,135859,143771
1788635298.9965484,2,100,136903,143771
1788635298.9965591,3,100,136903,143771
1788635300.0845017,0,0,135859,143771
1788635300.084526,1,0,135859,143771
1788635300.0845385,2,100,136903,143771
1788635300.0845494,3,100,136903,143771
1788635301.1913042,0,0,135859,143771
1788635301.191329,1,0,135859,143771
1788635301.1913414,2,100,136903,143771
1788635301.191353,3,100,136903,143771
1788635302.3190928,0,0,135859,143771
1788635302.3191178,1,0,135859,143771
1788635302.3191304,2,100,136903,143771
1788635302.3191414,3,100,136903,143771
1788635303.4269445,0,0,135859,143771
1788635303.4269686,1,0,135859,143771
1788635303.4269803,2,100,136903,143771
1788635303.4269905,3,100,136903,143771
1788635304.5544515,0,0,135859,143771
1788635304.5544758,1,0,135859,143771
1788635304.5544875,2,100,136903,143771
1788635304.554498,3,100,136903,143771
1788635305.658954,0,0,135859,143771
1788635305.658978,1,0,135859,143771
1788635305.65899,2,100,136903,143771
1788635305.6590006,3,100,136903,143771
1788635306.7871037,0,0,135859,143771
1788635306.787129,1,0,135859,143771
1788635306.7871408,2,100,136903,143771
1788635306.7871516,3,100,136903,143771
1788635307.8956451,0,0,135859,143771
1788635307.8956962,1,0,135859,143771
1788635307.8957095,2,100,136903,143771
1788635307.89572,3,100,136903,143771
1788635309.0227346,0,0,135859,143771
1788635309.0227592,1,0,135859,143771
1788635309.0227716,2,100,136903,143771
1788635309.0227818,3,100,136903,143771
1788635310.1506174,0,0,135859,143771
1788635310.1506422,1,0,135859,143771
1788635310.1506546,2,100,136903,143771
1788635310.1506643,3,100,136903,143771
1788635311.278477,0,0,135859,143771
1788635311.2785008,1,0,135859,143771
1788635311.2785137,2,100,136903,143771
1788635311.2785246,3,100,136903,143771
1788635312.4027324,0,0,135859,143771
1788635312.4027567,1,0,135859,143771
1788635312.4027686,2,100,136903,143771
1788635312.4027789,3,100,136903,143771
1788635313.5312076,0,0,135859,143771
1788635313.5312328,1,0,135859,143771
1788635313.5312455,2,100,136903,143771
1788635313.531256,3,100,136903,143771
1788635314.6385128,0,0,135859,143771
1788635314.638538,1,0,135859,143771
1788635314.63855,2,100,136903,143771
1788635314.6385598,3,100,136903,143771
1788635315.7676516,0,0,135859,143771
1788635315.7676764,1,0,135859,143771
1788635315.7676885,2,100,136903,143771
1788635315.767699,3,100,136903,143771
1788635316.895223,0,0,135859,143771
1788635316.8952465,1,0,135859,143771
1788635316.8952594,2,100,136903,143771
1788635316.89527,3,100,136903,143771
1788635318.0238054,0,0,135859,143771
1788635318.02383,1,0,135859,143771
1788635318.0238426,2,100,136903,143771
1788635318.0238533,3,100,136903,143771
1788635319.1312473,0,0,135859,143771
1788635319.131272,1,0,135859,143771
1788635319.1312857,2,100,136903,143771
1788635319.1312969,3,100,136903,143771
1788635320.258527,0,0,135859,143771
1788635320.2585514,1,0,135859,143771
1788635320.258564,2,100,136903,143771
1788635320.258575,3,100,136903,143771
1788635321.386807,0,0,135859,143771
1788635321.3868308,1,0,135859,143771
1788635321.3868432,2,100,136903,143771
1788635321.3868542,3,100,136903,143771
1788635322.510392,0,0,135859,143771
1788635322.5104163,1,0,135859,143771
1788635322.5104294,2,100,136903,143771
1788635322.51044,3,100,136903,143771
1788635323.634985,0,0,135859,143771
1788635323.6350095,1,0,135859,143771
1788635323.6350226,2,100,136903,143771
1788635323.6350336,3,100,136903,143771
1788635324.762965,0,0,135859,143771
1788635324.7629888,1,0,135859,143771
1788635324.7630014,2,100,136903,143771
1788635324.7630124,3,100,136903,143771
1788635325.890614,0,0,135859,143771
1788635325.890638,1,0,135859,143771
1788635325.8906503,2,100,136903,143771
1788635325.890661,3,100,136903,143771
1788635327.0152018,0,0,135859,143771
1788635327.0152264,1,0,135859,143771
1788635327.0152395,2,100,136903,143771
1788635327.0152495,3,100,136903,143771
1788635328.1047518,0,0,135859,143771
1788635328.104777,1,0,135859,143771
1788635328.104789,2,100,136903,143771
1788635328.1047995,3,100,136903,143771
1788635329.2316957,0,0,135859,143771
1788635329.23172,1,0,135859,143771
1788635329.2317321,2,100,136903,143771
1788635329.2317426,3,100,136903,143771
1788635330.3594792,0,0,135859,143771
1788635330.3595035,1,0,135859,143771
1788635330.3595154,2,100,136903,143771
1788635330.3595393,3,100,136903,143771
1788635331.4872682,0,0,135859,143771
1788635331.4872928,1,0,135859,143771
1788635331.4873052,2,100,136903,143771
1788635331.4873154,3,100,136903,143771
1788635332.61624,0,0,135859,143771
1788635332.6162653,1,0,135859,143771
1788635332.6162782,2,100,136903,143771
1788635332.6162894,3,100,136903,143771
1788635333.7238753,0,0,135859,143771
1788635333.7238998,1,0,135859,143771
1788635333.7239125,2,100,136903,143771
1788635333.7239232,3,100,136903,143771
1788635334.8525393,0,0,135859,143771
1788635334.8525643,1,0,135859,143771
1788635334.8525763,2,100,136903,143771
1788635334.8525865,3,100,136903,143771
1788635335.9795835,0,0,135859,143771
1788635335.9796073,1,0,135859,143771
1788635335.97962,2,100,136903,143771
1788635335.9796314,3,100,136903,143771
1788635337.087467,0,0,135859,143771
1788635337.0874908,1,0,135859,143771
1788635337.087503,2,100,136903,143771
1788635337.087514,3,100,136903,143771
1788635338.2153845,0,0,135859,143771
1788635338.2154088,1,0,135859,143771
1788635338.2154217,2,100,136903,143771
1788635338.2154322,3,100,136903,143771
1788635339.3433294,0,0,135859,143771
1788635339.3433545,1,0,135859,143771
1788635339.3433669,2,100,136903,143771
1788635339.3433778,3,100,136903,143771
1788635340.4323015,0,0,135859,143771
1788635340.4323263,1,0,135859,143771
1788635340.4323387,2,100,136903,143771
1788635340.4323502,3,100,136903,143771
1788635341.558601,0,0,135859,143771
1788635341.558625,1,0,135859,143771
1788635341.5586374,2,100,136903,143771
1788635341.5586483,3,100,136903,143771
1788635342.686676,0,0,135859,143771
1788635342.6867006,1,0,135859,143771
1788635342.6867156,2,100,136903,143771
1788635342.6867275,3,100,136903,143771
1788635343.8155627,0,0,135859,143771
1788635343.815587,1,0,135859,143771
1788635343.8155985,2,100,136903,143771
1788635343.815608,3,100,136903,143771
1788635344.9237027,0,0,135859,143771
1788635344.9237275,1,0,135859,143771
1788635344.9237404,2,100,136903,143771
1788635344.9237523,3,100,136903,143771
1788635346.0503228,0,0,135859,143771
1788635346.050347,1,0,135859,143771
1788635346.0503592,2,100,136903,143771
1788635346.05037,3,100,136903,143771
1788635347.1558213,0,0,135859,143771
1788635347.1558464,1,0,135859,143771
1788635347.1558585,2,100,136903,143771
1788635347.155868,3,100,136903,143771
1788635348.5914207,0,0,135859,143771
1788635348.5914452,1,0,135859,143771
1788635348.5914571,2,100,136903,143771
1788635348.5914667,3,100,136903,143771
1788635349.693886,0,0,135859,143771
1788635349.6939044,1,0,135859,143771
1788635349.693912,2,13,136903,143771
1788635349.693918,3,100,136903,143771
1788635350.8246367,0,0,135859,143771
1788635350.8246534,1,0,135859,143771
1788635350.8246603,2,100,136903,143771
1788635350.8246667,3,100,136903,143771
1788635351.9416554,0,0,135859,143771
1788635351.9416807,1,0,135859,143771
1788635351.941693,2,100,136903,143771
1788635351.9417048,3,51,136903,143771
1788635353.068045,0,0,135859,143771
1788635353.0680716,1,0,135859,143771
1788635353.0680835,2,100,136903,143771
1788635353.068094,3,100,136903,143771
1788635354.1964433,0,0,135859,143771
1788635354.1964674,1,0,135859,143771
1788635354.19648,2,100,136903,143771
1788635354.1964905,3,100,136903,143771
1788635355.323058,0,0,135859,143771
1788635355.3230815,1,0,135859,143771
1788635355.3230944,2,100,136903,143771
1788635355.3231049,3,100,136903,143771
1788635356.450475,0,0,135859,143771
1788635356.4504983,1,0,135859,143771
1788635356.4505115,2,100,136903,143771
1788635356.4505224,3,100,136903,143771
1788635357.5788503,0,0,135859,143771
1788635357.5788643,1,0,135859,143771
1788635357.5788717,2,100,136903,143771
1788635357.5788782,3,100,136903,143771
1788635358.7065558,0,0,135859,143771
1788635358.7065806,1,0,135859,143771
1788635358.7065933,2,100,136903,143771
1788635358.7066045,3,100,136903,143771
1788635359.8347955,0,0,135859,143771
1788635359.834819,1,0,135859,143771
1788635359.8348315,2,100,136903,143771
1788635359.8348424,3,100,136903,143771
1788635360.9630945,0,0,135859,143771
1788635360.9631188,1,0,135859,143771
1788635360.9631317,2,100,136903,143771
1788635360.9631424,3,100,136903,143771
1788635362.0713315,0,0,135859,143771
1788635362.071355,1,0,135859,143771
1788635362.0713677,2,100,136903,143771
1788635362.0713785,3,100,136903,143771
1788635363.1795082,0,0,135859,143771
1788635363.1795323,1,0,135859,143771
1788635363.1795452,2,100,136903,143771
1788635363.1795554,3,100,136903,143771
1788635364.3078032,0,0,135859,143771
1788635364.3078272,1,0,135859,143771
1788635364.30784,2,100,136903,143771
1788635364.3078501,3,100,136903,143771
1788635365.4156246,0,0,135859,143771
1788635365.4156485,1,0,135859,143771
1788635365.415661,2,100,136903,143771
1788635365.4156716,3,100,136903,143771
1788635366.5431626,0,0,135859,143771
1788635366.5431867,1,0,135859,143771
1788635366.5431988,2,100,136903,143771
1788635366.5432093,3,100,136903,143771
1788635367.6708028,0,0,135859,143771
1788635367.670827,1,0,135859,143771
1788635367.6708398,2,100,136903,143771
1788635367.6708505,3,100,136903,143771
1788635368.7789304,0,0,135859,143771
1788635368.7789543,1,0,135859,143771
1788635368.7789662,2,100,136903,143771
1788635368.7789774,3,100,136903,143771
1788635369.8869748,0,0,135859,143771
1788635369.8869982,1,0,135859,143771
1788635369.887011,2,100,136903,143771
1788635369.8870213,3,100,136903,143771
1788635370.994794,0,0,135859,143771
1788635370.9948175,1,0,135859,143771
1788635370.9948301,2,100,136903,143771
1788635370.99484,3,100,136903,143771
1788635372.1234372,0,0,135859,143771
1788635372.123461,1,0,135859,143771
1788635372.123473,2,100,136903,143771
1788635372.1234834,3,100,136903,143771
1788635373.2511172,0,0,135859,143771
1788635373.251141,1,0,135859,143771
1788635373.2511532,2,100,136903,143771
1788635373.251164,3,100,136903,143771
1788635374.359713,0,0,135859,143771
1788635374.3597362,1,0,135859,143771
1788635374.359749,2,100,136903,143771
1788635374.3597598,3,100,136903,143771
1788635375.4875355,0,0,135859,143771
1788635375.4875598,1,0,135859,143771
1788635375.4875724,2,100,136903,143771
1788635375.487583,3,100,136903,143771
1788635376.5955684,0,0,135859,143771
1788635376.595592,1,0,135859,143771
1788635376.595604,2,100,136903,143771
1788635376.5956147,3,100,136903,143771
1788635377.7033088,0,0,135859,143771
1788635377.7033234,1,0,135859,143771
1788635377.703331,2,100,136903,143771
1788635377.7033374,3,100,136903,143771
1788635378.8321033,0,0,135859,143771
1788635378.832128,1,0,135859,143771
1788635378.8321397,2,100,136903,143771
1788635378.8321505,3,100,136903,143771
1788635379.9175167,0,0,135859,143771
1788635379.9175408,1,0,135859,143771
1788635379.9175534,2,100,136903,143771
1788635379.917564,3,100,136903,143771
1788635381.0392838,0,0,135859,143771
1788635381.039308,1,0,135859,143771
1788635381.0393193,2,0,136903,143771
1788635381.0393295,3,0,136903,143771
1788635382.163034,0,0,135859,143771
1788635382.1630578,1,0,135859,143771
1788635382.1630702,2,0,136903,143771
1788635382.1630807,3,0,136903,143771
1788635383.2672174,0,0,135859,143771
1788635383.2672412,1,0,135859,143771
1788635383.267253,2,0,136903,143771
1788635383.267263,3,0,136903,143771
