timestamp,gpu_index,gpu_utilization,memory_used,memory_total
1788642790.0188515,0,0,135677,143771
1788642790.0188677,1,0,135677,143771
1788642790.0188754,2,91,135037,143771
1788642790.0188816,3,0,4,143771
1788642791.132872,0,41,135677,143771
1788642791.1328971,1,73,135677,143771
1788642791.1329103,2,100,135037,143771
1788642791.132922,3,0,4,143771
1788642792.2629526,0,23,135677,143771
1788642792.2629778,1,79,135677,143771
1788642792.2629905,2,100,135037,143771
1788642792.2630017,3,0,4,143771
1788642793.3945024,0,34,135677,143771
1788642793.3945277,1,83,135677,143771
1788642793.3945403,2,100,135037,143771
1788642793.394552,3,0,4,143771
1788642794.5264425,0,20,135677,143771
1788642794.526467,1,60,135677,143771
1788642794.52648,2,100,135037,143771
1788642794.52649,3,0,4,143771
1788642795.6582994,0,33,135677,143771
1788642795.6583242,1,89,135677,143771
1788642795.6583364,2,100,135037,143771
1788642795.658347,3,0,4,143771
1788642796.7711234,0,32,135677,143771
1788642796.7711487,1,75,135677,143771
1788642796.771162,2,100,135037,143771
1788642796.7711725,3,0,4,143771
1788642797.8799875,0,33,135677,143771
1788642797.8800125,1,44,135677,143771
1788642797.8800256,2,100,135037,143771
1788642797.8800366,3,0,4,143771
1788642799.0077903,0,13,135677,143771
1788642799.0078158,1,85,135677,143771
1788642799.0078287,2,100,135037,143771
1788642799.0078394,3,0,4,143771
1788642800.1366837,0,32,135677,143771
1788642800.1367085,1,74,135677,143771
1788642800.1367216,2,100,135037,143771
1788642800.1367328,3,0,4,143771
1788642801.264456,0,21,135677,143771
1788642801.2644808,1,76,135677,143771
1788642801.2644935,2,100,135037,143771
1788642801.2645044,3,0,4,143771
1788642802.391977,0,40,135677,143771
1788642802.3920014,1,43,135677,143771
1788642802.392014,2,100,135037,143771
1788642802.3920238,3,0,4,143771
1788642803.520139,0,55,135677,143771
1788642803.5201635,1,56,135677,143771
1788642803.5201771,2,100,135037,143771
1788642803.520188,3,0,4,143771
1788642804.6489153,0,30,135677,143771
1788642804.648941,1,37,135677,143771
1788642804.6489542,2,100,135037,143771
1788642804.6489656,3,0,4,143771
1788642805.757104,0,38,135677,143771
1788642805.7571282,1,43,135677,143771
1788642805.7571416,2,100,135037,143771
1788642805.7571526,3,0,4,143771
1788642806.864279,0,45,135677,143771
1788642806.8643043,1,33,135677,143771
1788642806.8643181,2,100,135037,143771
1788642806.8643289,3,0,4,143771
1788642807.954945,0,32,135677,143771
1788642807.9549708,1,38,135677,143771
1788642807.9549832,2,100,135037,143771
1788642807.954994,3,0,4,143771
1788642809.0651782,0,0,135677,143771
1788642809.0652032,1,38,135677,143771
1788642809.065237,2,100,135037,143771
1788642809.0652473,3,0,4,143771
1788642810.1543932,0,13,135677,143771
1788642810.1544182,1,26,135677,143771
1788642810.1544309,2,100,135037,143771
1788642810.1544423,3,0,4,143771
1788642811.2922654,0,27,135677,143771
1788642811.2922916,1,38,135677,143771
1788642811.292305,2,100,135037,143771
1788642811.292316,3,0,4,143771
1788642812.4206274,0,33,135677,143771
1788642812.4206524,1,74,135677,143771
1788642812.4206657,2,100,135037,143771
1788642812.4206772,3,0,4,143771
1788642813.5292435,0,13,135677,143771
1788642813.5292687,1,37,135677,143771
1788642813.529282,2,100,135037,143771
1788642813.5292926,3,0,4,143771
1788642814.6575465,0,33,135677,143771
1788642814.657571,1,54,135677,143771
1788642814.657584,2,100,135037,143771
1788642814.6575947,3,0,4,143771
1788642815.7466855,0,51,135677,143771
1788642815.7467115,1,35,135677,143771
1788642815.746724,2,100,135037,143771
1788642815.7467341,3,0,4,143771
1788642816.8563416,0,26,135677,143771
1788642816.8563662,1,19,135677,143771
1788642816.856378,2,100,135037,143771
1788642816.8563883,3,0,4,143771
1788642817.986447,0,38,135677,143771
1788642817.9864712,1,74,135677,143771
1788642817.9864848,2,100,135037,143771
1788642817.9864955,3,0,4,143771
1788642819.0984612,0,13,135677,143771
1788642819.098487,1,35,135677,143771
1788642819.0984998,2,100,135037,143771
1788642819.0985105,3,0,4,143771
1788642820.2099948,0,41,135677,143771
1788642820.2100224,1,26,135677,143771
1788642820.210035,2,100,135037,143771
1788642820.210046,3,0,4,143771
1788642821.3407257,0,13,135677,143771
1788642821.3407516,1,71,135677,143771
1788642821.3407655,2,100,135037,143771
1788642821.3407767,3,0,4,143771
1788642822.4300194,0,0,135677,143771
1788642822.4300442,1,0,135677,143771
1788642822.4300568,2,100,135037,143771
1788642822.430068,3,0,4,143771
1788642823.5397499,0,0,135677,143771
1788642823.5397744,1,0,135677,143771
1788642823.5397866,2,100,135037,143771
1788642823.539797,3,0,4,143771
1788642824.6313634,0,0,135677,143771
1788642824.631388,1,0,135677,143771
1788642824.6314,2,100,135037,143771
1788642824.63141,3,0,4,143771
1788642825.7591348,0,0,135677,143771
1788642825.7591605,1,0,135677,143771
1788642825.7591734,2,100,135037,143771
1788642825.7591848,3,0,4,143771
1788642826.8865259,0,0,135677,143771
1788642826.8865502,1,0,135677,143771
1788642826.8865633,2,100,135037,143771
1788642826.8865755,3,0,4,143771
1788642828.0149739,0,0,135677,143771
1788642828.0149982,1,0,135677,143771
1788642828.0150108,2,100,135037,143771
1788642828.015022,3,0,4,143771
1788642829.1036289,0,0,135677,143771
1788642829.1036532,1,0,135677,143771
1788642829.1036654,2,100,135037,143771
1788642829.103677,3,0,4,143771
1788642830.2104359,0,0,135677,143771
1788642830.2104607,1,0,135677,143771
1788642830.210473,2,100,135037,143771
1788642830.210484,3,0,4,143771
1788642831.2996275,0,0,135677,143771
1788642831.299654,1,0,135677,143771
1788642831.2996662,2,91,135037,143771
1788642831.2996771,3,0,4,143771
1788642832.4062202,0,0,135677,143771
1788642832.4062448,1,0,135677,143771
1788642832.4062576,2,100,135037,143771
1788642832.4062688,3,0,4,143771
1788642833.495915,0,0,135677,143771
1788642833.4959397,1,0,135677,143771
1788642833.4959526,2,67,135037,143771
1788642833.495963,3,0,4,143771
1788642834.5835032,0,0,135677,143771
1788642834.583528,1,0,135677,143771
1788642834.5835404,2,100,135037,143771
1788642834.5835507,3,0,4,143771
1788642835.6717076,0,0,135677,143771
1788642835.6717322,1,0,135677,143771
1788642835.6717453,2,100,135037,143771
1788642835.6717556,3,0,4,143771
1788642836.759865,0,0,135677,143771
1788642836.759889,1,0,135677,143771
1788642836.7599003,2,100,135037,143771
1788642836.7599108,3,0,4,143771
1788642837.886184,0,0,135677,143771
1788642837.8862095,1,0,135677,143771
1788642837.8862226,2,100,135037,143771
1788642837.8862333,3,0,4,143771
1788642838.9732573,0,0,135677,143771
1788642838.973282,1,0,135677,143771
1788642838.9732943,2,100,135037,143771
1788642838.973305,3,0,4,143771
1788642840.059416,0,0,135677,143771
1788642840.0594409,1,0,135677,143771
1788642840.0594542,2,100,135037,143771
1788642840.0594656,3,0,4,143771
1788642841.1871903,0,0,135677,143771
1788642841.1872058,1,0,135677,143771
1788642841.187213,2,100,135037,143771
1788642841.1872191,3,0,4,143771
1788642842.3147845,0,0,135677,143771
1788642842.3148093,1,0,135677,143771
1788642842.3148222,2,100,135037,143771
1788642842.314833,3,0,4,143771
1788642843.4041698,0,0,135677,143771
1788642843.4041946,1,0,135677,143771
1788642843.4042063,2,100,135037,143771
1788642843.4042163,3,0,4,143771
1788642844.5114086,0,0,135677,143771
1788642844.5114331,1,0,135677,143771
1788642844.5114458,2,65,135037,143771
1788642844.5114563,3,0,4,143771
1788642845.5999763,0,0,135677,143771
1788642845.6000013,1,0,135677,143771
1788642845.600014,2,100,135037,143771
1788642845.600025,3,0,4,143771
1788642846.6876013,0,0,135677,143771
1788642846.6876266,1,0,135677,143771
1788642846.6876392,2,100,135037,143771
1788642846.6876504,3,0,4,143771
1788642847.794953,0,0,135677,143771
1788642847.7949784,1,0,135677,143771
1788642847.794991,2,72,135037,143771
1788642847.7950017,3,0,4,143771
1788642848.902755,0,0,135677,143771
1788642848.902779,1,0,135677,143771
1788642848.9027915,2,100,135037,143771
1788642848.902802,3,0,4,143771
1788642849.9917202,0,0,135677,143771
1788642849.9917443,1,0,135677,143771
1788642849.9917562,2,100,135037,143771
1788642849.991766,3,0,4,143771
1788642851.0791686,0,0,135677,143771
1788642851.0791934,1,0,135677,143771
1788642851.079206,2,100,135037,143771
1788642851.0792167,3,0,4,143771
1788642852.2069647,0,0,135677,143771
1788642852.2069895,1,0,135677,143771
1788642852.2070022,2,100,135037,143771
1788642852.2070131,3,0,4,143771
1788642853.2958477,0,0,135677,143771
1788642853.2958724,1,0,135677,143771
1788642853.2958848,2,100,135037,143771
1788642853.2958956,3,0,4,143771
1788642854.4027958,0,0,135677,143771
1788642854.4028227,1,0,135677,143771
1788642854.402836,2,100,135037,143771
1788642854.4028466,3,0,4,143771
1788642855.5070581,0,0,135677,143771
1788642855.5070827,1,0,135677,143771
1788642855.5070956,2,100,135037,143771
1788642855.5071063,3,0,4,143771
1788642856.5979185,0,0,135677,143771
1788642856.5979428,1,0,135677,143771
1788642856.597955,2,100,135037,143771
1788642856.597965,3,0,4,143771
1788642857.6877177,0,0,135677,143771
1788642857.6877422,1,0,135677,143771
1788642857.6877544,2,28,135037,143771
1788642857.6877646,3,0,4,143771
1788642858.8141236,0,0,135677,143771
1788642858.8141484,1,0,135677,143771
1788642858.8141613,2,52,135037,143771
1788642858.8141716,3,0,4,143771
1788642859.9623516,0,0,135677,143771
1788642859.962376,1,0,135677,143771
1788642859.9623888,2,100,135037,143771
1788642859.9623997,3,0,4,143771
1788642861.05148,0,0,135677,143771
1788642861.0515041,1,0,135677,143771
1788642861.051518,2,100,135037,143771
1788642861.0515294,3,0,4,143771
1788642862.1578858,0,0,135677,143771
1788642862.1579175,1,0,135677,143771
1788642862.157935,2,68,135037,143771
1788642862.1579502,3,0,4,143771
1788642863.2489893,0,0,135677,143771
1788642863.249014,1,0,135677,143771
1788642863.2490265,2,93,135037,143771
1788642863.2490366,3,0,4,143771
1788642864.336658,0,0,135677,143771
1788642864.3366835,1,0,135677,143771
1788642864.3366961,2,42,135037,143771
1788642864.3367066,3,0,4,143771
1788642865.4236717,0,0,135677,143771
1788642865.4236963,1,0,135677,143771
1788642865.4237094,2,100,135037,143771
1788642865.4237204,3,0,4,143771
1788642866.5113688,0,0,135677,143771
1788642866.5113938,1,0,135677,143771
1788642866.5114067,2,76,135037,143771
1788642866.5114179,3,0,4,143771
1788642867.6189523,0,0,135677,143771
1788642867.618977,1,0,135677,143771
1788642867.6189892,2,100,135037,143771
1788642867.6190004,3,0,4,143771
1788642868.7275145,0,0,135677,143771
1788642868.7275393,1,0,135677,143771
1788642868.7275515,2,75,135037,143771
1788642868.7275622,3,0,4,143771
1788642869.8157635,0,0,135677,143771
1788642869.8157873,1,0,135677,143771
1788642869.8157995,2,100,135037,143771
1788642869.8158097,3,0,4,143771
1788642870.9057257,0,0,135677,143771
1788642870.9057498,1,0,135677,143771
1788642870.905763,2,100,135037,143771
1788642870.9057727,3,0,4,143771
1788642871.9916847,0,0,135677,143771
1788642871.9917092,1,0,135677,143771
1788642871.9917226,2,100,135037,143771
1788642871.991733,3,0,4,143771
1788642873.0992386,0,0,135677,143771
1788642873.0992637,1,0,135677,143771
1788642873.099277,2,100,135037,143771
1788642873.0992877,3,0,4,143771
1788642874.2279353,0,0,135677,143771
1788642874.2279513,1,0,135677,143771
1788642874.2279594,2,100,135037,143771
1788642874.227966,3,0,4,143771
1788642875.3548899,0,0,135677,143771
1788642875.3549156,1,0,135677,143771
1788642875.354928,2,100,135037,143771
1788642875.3549383,3,0,4,143771
1788642876.4568846,0,0,135677,143771
1788642876.4568992,1,0,135677,143771
1788642876.4569063,2,95,135037,143771
1788642876.4569118,3,0,4,143771
1788642877.5630019,0,0,135677,143771
1788642877.563026,1,0,135677,143771
1788642877.5630379,2,77,135037,143771
1788642877.5630484,3,0,4,143771
1788642878.6911936,0,0,135677,143771
1788642878.6912184,1,0,135677,143771
1788642878.69123,2,100,135037,143771
1788642878.6912403,3,0,4,143771
1788642879.779539,0,0,135677,143771
1788642879.7795634,1,0,135677,143771
1788642879.779576,2,100,135037,143771
1788642879.779587,3,0,4,143771
1788642880.867561,0,0,135677,143771
1788642880.8675847,1,0,135677,143771
1788642880.8675976,2,100,135037,143771
1788642880.8676076,3,0,4,143771
1788642881.9556584,0,0,135677,143771
1788642881.955683,1,0,135677,143771
1788642881.9556959,2,100,135037,143771
1788642881.9557066,3,0,4,143771
1788642883.063051,0,0,135677,143771
1788642883.0630653,1,0,135677,143771
1788642883.0630724,2,73,135037,143771
1788642883.0630784,3,0,4,143771
1788642884.1911683,0,0,135677,143771
1788642884.191193,1,0,135677,143771
1788642884.191205,2,97,135037,143771
1788642884.1912165,3,0,4,143771
1788642885.318393,0,0,135677,143771
1788642885.318417,1,0,135677,143771
1788642885.3184302,2,100,135037,143771
1788642885.3184414,3,0,4,143771
1788642886.4075878,0,0,135677,143771
1788642886.407612,1,0,135677,143771
1788642886.4076242,2,100,135037,143771
1788642886.407636,3,0,4,143771
1788642887.4958494,0,0,135677,143771
1788642887.4958756,1,0,135677,143771
1788642887.4958882,2,100,135037,143771
1788642887.495899,3,0,4,143771
1788642888.6039228,0,0,135677,143771
1788642888.603948,1,0,135677,143771
1788642888.6039605,2,100,135037,143771
1788642888.603971,3,0,4,143771
1788642889.6920784,0,0,135677,143771
1788642889.692103,1,0,135677,143771
1788642889.692116,2,100,135037,143771
1788642889.6921265,3,0,4,143771
1788642890.7796834,0,0,135677,143771
1788642890.779708,1,0,135677,143771
1788642890.7797203,2,100,135037,143771
1788642890.7797313,3,0,4,143771
1788642891.8680604,0,0,135677,143771
1788642891.8680851,1,0,135677,143771
1788642891.8680978,2,100,135037,143771
1788642891.8681087,3,0,4,143771
1788642892.9747434,0,0,135677,143771
1788642892.974768,1,0,135677,143771
1788642892.9747803,2,79,135037,143771
1788642892.9747915,3,0,4,143771
1788642894.0641444,0,0,135677,143771
1788642894.064168,1,0,135677,143771
1788642894.06418,2,100,135037,143771
1788642894.0641894,3,0,4,143771
1788642895.1531777,0,0,135677,143771
1788642895.153202,1,0,135677,143771
1788642895.1532345,2,100,135037,143771
1788642895.1532452,3,0,4,143771
1788642896.240111,0,0,135677,143771
1788642896.2401352,1,0,135677,143771
1788642896.2401478,2,100,135037,143771
1788642896.2401586,3,0,4,143771
1788642897.3669639,0,0,135677,143771
1788642897.3669882,1,0,135677,143771
1788642897.3670008,2,100,135037,143771
1788642897.3670115,3,0,4,143771
1788642898.4746804,0,0,135677,143771
1788642898.474704,1,0,135677,143771
1788642898.4747164,2,100,135037,143771
1788642898.4747264,3,0,4,143771
1788642899.5637665,0,0,135677,143771
1788642899.5637903,1,0,135677,143771
1788642899.5638027,2,100,135037,143771
1788642899.5638132,3,0,4,143771
1788642900.6707194,0,0,135677,143771
1788642900.6707463,1,0,135677,143771
1788642900.670759,2,100,135037,143771
1788642900.6707697,3,0,4,143771
1788642901.7594569,0,0,135677,143771
1788642901.7594812,1,0,135677,143771
1788642901.7594934,2,100,135037,143771
1788642901.7595038,3,0,4,143771
1788642902.8881621,0,0,135677,143771
1788642902.8881867,1,0,135677,143771
1788642902.8882,2,73,135037,143771
1788642902.8882098,3,0,4,143771
1788642903.9959617,0,0,135677,143771
1788642903.9959872,1,0,135677,143771
1788642903.9959989,2,93,135037,143771
1788642903.9960086,3,0,4,143771
1788642905.086263,0,0,135677,143771
1788642905.086287,1,0,135677,143771
1788642905.0862994,2,100,135037,143771
1788642905.0863106,3,0,4,143771
1788642906.191404,0,0,135677,143771
1788642906.191428,1,0,135677,143771
1788642906.1914399,2,100,135037,143771
1788642906.1914508,3,0,4,143771
1788642907.298742,0,0,135677,143771
1788642907.2987661,1,0,135677,143771
1788642907.2987788,2,100,135037,143771
1788642907.2987902,3,0,4,143771
1788642908.3857865,0,0,135677,143771
1788642908.3858109,1,0,135677,143771
1788642908.385824,2,100,135037,143771
1788642908.385834,3,0,4,143771
1788642909.47174,0,0,135677,143771
1788642909.4717631,1,0,135677,143771
1788642909.4717767,2,100,135037,143771
1788642909.471788,3,0,4,143771
1788642910.578739,0,0,135677,143771
1788642910.5787554,1,0,135677,143771
1788642910.5787635,2,70,135037,143771
1788642910.5787702,3,0,4,143771
1788642911.68348,0,0,135677,143771
1788642911.6835039,1,0,135677,143771
1788642911.6835167,2,99,135037,143771
1788642911.6835272,3,0,4,143771
1788642912.810325,0,0,135677,143771
1788642912.8103485,1,0,135677,143771
1788642912.8103614,2,100,135037,143771
1788642912.8103719,3,0,4,143771
1788642913.9146757,0,0,135677,143771
1788642913.9146998,1,0,135677,143771
1788642913.914712,2,100,135037,143771
1788642913.9147222,3,0,4,143771
1788642915.0000427,0,0,135677,143771
1788642915.000067,1,0,135677,143771
1788642915.00008,2,100,135037,143771
1788642915.0000904,3,0,4,143771
1788642916.126447,0,0,135677,143771
1788642916.1264718,1,0,135677,143771
1788642916.126484,2,100,135037,143771
1788642916.1264935,3,0,4,143771
1788642917.254083,0,0,135677,143771
1788642917.2541065,1,0,135677,143771
1788642917.2541192,2,100,135037,143771
1788642917.2541301,3,0,4,143771
1788642918.3399699,0,0,135677,143771
1788642918.3399932,1,0,135677,143771
1788642918.3400056,2,92,135037,143771
1788642918.340016,3,0,4,143771
1788642919.4295833,0,0,135677,143771
1788642919.429608,1,0,135677,143771
1788642919.429621,2,95,135037,143771
1788642919.4296317,3,0,4,143771
1788642920.5552096,0,0,135677,143771
1788642920.555234,1,0,135677,143771
1788642920.5552466,2,100,135037,143771
1788642920.5552576,3,0,4,143771
1788642921.6623168,0,0,135677,143771
1788642921.662341,1,0,135677,143771
1788642921.662353,2,100,135037,143771
1788642921.6623633,3,0,4,143771
1788642922.7517302,0,0,135677,143771
1788642922.7517545,1,0,135677,143771
1788642922.7517667,2,94,135037,143771
1788642922.7517776,3,0,4,143771
1788642923.8405278,0,0,135677,143771
1788642923.8405523,1,0,135677,143771
1788642923.8405652,2,100,135037,143771
1788642923.8405757,3,0,4,143771
1788642924.9663298,0,0,135677,143771
1788642924.9663544,1,0,135677,143771
1788642924.9663672,2,99,135037,143771
1788642924.9663782,3,0,4,143771
1788642926.0741706,0,0,135677,143771
1788642926.0741947,1,0,135677,143771
1788642926.0742073,2,100,135037,143771
1788642926.0742183,3,0,4,143771
1788642927.1597853,0,0,135677,143771
1788642927.1598098,1,0,135677,143771
1788642927.1598217,2,72,135037,143771
1788642927.1598322,3,0,4,143771
1788642928.2472937,0,0,135677,143771
1788642928.2473085,1,0,135677,143771
1788642928.2473154,2,100,135037,143771
1788642928.2473216,3,0,4,143771
1788642929.336005,0,0,135677,143771
1788642929.3360286,1,0,135677,143771
1788642929.3360412,2,86,135037,143771
1788642929.3360515,3,0,4,143771
1788642930.4427125,0,0,135677,143771
1788642930.4427366,1,0,135677,143771
1788642930.4427488,2,100,135037,143771
1788642930.4427595,3,0,4,143771
1788642931.551232,0,0,135677,143771
1788642931.5512557,1,0,135677,143771
1788642931.551268,2,64,135037,143771
1788642931.5512788,3,0,4,143771
1788642932.6782653,0,0,135677,143771
1788642932.6782894,1,0,135677,143771
1788642932.6783018,2,100,135037,143771
1788642932.6783123,3,0,4,143771
1788642933.7824726,0,0,135677,143771
1788642933.7824986,1,0,135677,143771
1788642933.7825115,2,89,135037,143771
1788642933.7825222,3,0,4,143771
1788642934.8716972,0,0,135677,143771
1788642934.8717213,1,0,135677,143771
1788642934.8717332,2,51,135037,143771
1788642934.8717432,3,0,4,143771
1788642935.9599721,0,0,135677,143771
1788642935.9599957,1,0,135677,143771
1788642935.9600074,2,71,135037,143771
1788642935.9600182,3,0,4,143771
1788642937.0859783,0,0,135677,143771
1788642937.0860023,1,0,135677,143771
1788642937.0860152,2,100,135037,143771
1788642937.0860262,3,0,4,143771
1788642938.2103822,0,0,135677,143771
1788642938.210407,1,0,135677,143771
1788642938.2104197,2,100,135037,143771
1788642938.2104309,3,0,4,143771
1788642939.2956498,0,0,135677,143771
1788642939.2956731,1,0,135677,143771
1788642939.2956846,2,100,135037,143771
1788642939.2956948,3,0,4,143771
1788642940.383878,0,0,135677,143771
1788642940.3839018,1,0,135677,143771
1788642940.3839147,2,100,135037,143771
1788642940.3839252,3,0,4,143771
1788642941.4906142,0,0,135677,143771
1788642941.4906385,1,0,135677,143771
1788642941.490651,2,93,135037,143771
1788642941.4906611,3,0,4,143771
1788642942.5753663,0,0,135677,143771
1788642942.5753906,1,0,135677,143771
1788642942.575403,2,71,135037,143771
1788642942.5754142,3,0,4,143771
1788642943.702456,0,0,135677,143771
1788642943.70248,1,0,135677,143771
1788642943.702492,2,100,135037,143771
1788642943.7025015,3,0,4,143771
1788642944.7877872,0,0,135677,143771
1788642944.7878022,1,0,135677,143771
1788642944.7878094,2,100,135037,143771
1788642944.787816,3,0,4,143771
1788642945.876027,0,0,135677,143771
1788642945.8760505,1,0,135677,143771
1788642945.8760626,2,93,135037,143771
1788642945.8760724,3,0,4,143771
1788642946.9830859,0,0,135677,143771
1788642946.9831104,1,0,135677,143771
1788642946.9831233,2,100,135037,143771
1788642946.983134,3,0,4,143771
1788642948.0716076,0,0,135677,143771
1788642948.0716317,1,0,135677,143771
1788642948.071644,2,100,135037,143771
1788642948.0716543,3,0,4,143771
1788642949.1783278,0,0,135677,143771
1788642949.1783514,1,0,135677,143771
1788642949.178363,2,100,135037,143771
1788642949.1783733,3,0,4,143771
1788642950.287133,0,0,135677,143771
1788642950.287157,1,0,135677,143771
1788642950.287169,2,100,135037,143771
1788642950.287179,3,0,4,143771
1788642951.3945582,0,0,135677,143771
1788642951.3945825,1,0,135677,143771
1788642951.3945947,2,100,135037,143771
1788642951.3946044,3,0,4,143771
1788642952.518371,0,0,135677,143771
1788642952.518395,1,0,135677,143771
1788642952.5184064,2,82,135037,143771
1788642952.5184174,3,0,4,143771
1788642953.6275806,0,0,135677,143771
1788642953.6276062,1,0,135677,143771
1788642953.6276183,2,72,135037,143771
1788642953.6276288,3,0,4,143771
1788642954.7544725,0,0,135677,143771
1788642954.7544963,1,0,135677,143771
1788642954.7545083,2,100,135037,143771
1788642954.754519,3,0,4,143771
1788642955.881985,0,0,135677,143771
1788642955.8820088,1,0,135677,143771
1788642955.882022,2,76,135037,143771
1788642955.8820336,3,0,4,143771
1788642956.9717956,0,0,135677,143771
1788642956.97182,1,0,135677,143771
1788642956.971832,2,100,135037,143771
1788642956.9718428,3,0,4,143771
1788642958.0599463,0,0,135677,143771
1788642958.0599704,1,0,135677,143771
1788642958.0599823,2,100,135037,143771
1788642958.059993,3,0,4,143771
1788642959.1477695,0,0,135677,143771
1788642959.1477933,1,0,135677,143771
1788642959.147806,2,100,135037,143771
1788642959.147817,3,0,4,143771
1788642960.2753835,0,0,135677,143771
1788642960.2754078,1,0,135677,143771
1788642960.2754211,2,100,135037,143771
1788642960.275432,3,0,4,143771
1788642961.3830588,0,0,135677,143771
1788642961.3830824,1,0,135677,143771
1788642961.3830948,2,67,135037,143771
1788642961.3831055,3,0,4,143771
1788642962.4717908,0,0,135677,143771
1788642962.4718153,1,0,135677,143771
1788642962.4718282,2,86,135037,143771
1788642962.4718385,3,0,4,143771
1788642963.5792713,0,0,135677,143771
1788642963.579296,1,0,135677,143771
1788642963.579308,2,93,135037,143771
1788642963.5793185,3,0,4,143771
1788642964.705986,0,0,135677,143771
1788642964.70601,1,0,135677,143771
1788642964.7060223,2,100,135037,143771
1788642964.7060323,3,0,4,143771
1788642965.8118587,0,0,135677,143771
1788642965.8118827,1,0,135677,143771
1788642965.8118944,2,59,135037,143771
1788642965.8119042,3,0,4,143771
1788642966.8996992,0,0,135677,143771
1788642966.8997128,1,0,135677,143771
1788642966.8997195,2,100,135037,143771
1788642966.899725,3,0,4,143771
1788642967.989357,0,0,135677,143771
1788642967.9893816,1,0,135677,143771
1788642967.9893942,2,70,135037,143771
1788642967.9894042,3,0,4,143771
1788642969.1143909,0,0,135677,143771
1788642969.1144152,1,0,135677,143771
1788642969.1144273,2,100,135037,143771
1788642969.114438,3,0,4,143771
1788642970.2434857,0,0,135677,143771
1788642970.2435098,1,0,135677,143771
1788642970.2435224,2,100,135037,143771
1788642970.2435334,3,0,4,143771
1788642971.351691,0,0,135677,143771
1788642971.3517148,1,0,135677,143771
1788642971.3517277,2,100,135037,143771
1788642971.3517385,3,0,4,143771
1788642972.4785993,0,0,135677,143771
1788642972.4786232,1,0,135677,143771
1788642972.4786358,2,92,135037,143771
1788642972.4786465,3,0,4,143771
1788642973.5830698,0,0,135677,143771
1788642973.5830941,1,0,135677,143771
1788642973.5831075,2,100,135037,143771
1788642973.5831187,3,0,4,143771
1788642974.711452,0,0,135677,143771
1788642974.7114758,1,0,135677,143771
1788642974.711488,2,100,135037,143771
1788642974.7114978,3,0,4,143771
1788642975.799629,0,0,135677,143771
1788642975.799654,1,0,135677,143771
1788642975.7996662,2,92,135037,143771
1788642975.7996776,3,0,4,143771
1788642976.9074652,0,0,135677,143771
1788642976.9074898,1,0,135677,143771
1788642976.9075027,2,100,135037,143771
1788642976.9075136,3,0,4,143771
1788642978.0352223,0,0,135677,143771
1788642978.0352464,1,0,135677,143771
1788642978.0352597,2,100,135037,143771
1788642978.0352705,3,0,4,143771
1788642979.1682308,0,0,135677,143771
1788642979.1682544,1,0,135677,143771
1788642979.1682665,2,95,135037,143771
1788642979.168276,3,0,4,143771
1788642980.2759473,0,0,135677,143771
1788642980.2759721,1,0,135677,143771
1788642980.2759845,2,100,135037,143771
1788642980.2759953,3,0,4,143771
1788642981.382483,0,0,135677,143771
1788642981.382507,1,0,135677,143771
1788642981.38252,2,100,135037,143771
1788642981.3825305,3,0,4,143771
1788642982.4906642,0,0,135677,143771
1788642982.4906788,1,0,135677,143771
1788642982.490686,2,56,135037,143771
1788642982.4906921,3,0,4,143771
1788642983.6002452,0,0,135677,143771
1788642983.6002693,1,0,135677,143771
1788642983.6002817,2,100,135037,143771
1788642983.6002924,3,0,4,143771
1788642984.7074213,0,0,135677,143771
1788642984.7074459,1,0,135677,143771
1788642984.7074583,2,100,135037,143771
1788642984.707469,3,0,4,143771
1788642985.8165705,0,0,135677,143771
1788642985.8165953,1,0,135677,143771
1788642985.8166072,2,100,135037,143771
1788642985.816617,3,0,4,143771
1788642986.9234824,0,0,135677,143771
1788642986.9235063,1,0,135677,143771
1788642986.9235187,2,100,135037,143771
1788642986.9235282,3,0,4,143771
1788642988.0118747,0,0,135677,143771
1788642988.0118997,1,0,135677,143771
1788642988.0119116,2,100,135037,143771
1788642988.0119221,3,0,4,143771
1788642989.1381679,0,0,135677,143771
1788642989.1381924,1,0,135677,143771
1788642989.1382046,2,100,135037,143771
1788642989.1382158,3,0,4,143771
1788642990.2630782,0,0,135677,143771
1788642990.2631035,1,0,135677,143771
1788642990.2631161,2,100,135037,143771
1788642990.2631276,3,0,4,143771
1788642991.3706007,0,0,135677,143771
1788642991.3706257,1,0,135677,143771
1788642991.3706386,2,100,135037,143771
1788642991.370649,3,0,4,143771
1788642992.4787018,0,0,135677,143771
1788642992.478726,1,0,135677,143771
1788642992.4787385,2,100,135037,143771
1788642992.4787495,3,0,4,143771
1788642993.5638475,0,0,135677,143771
1788642993.5638723,1,0,135677,143771
1788642993.563884,2,100,135037,143771
1788642993.5638945,3,0,4,143771
1788642994.6705291,0,0,135677,143771
1788642994.6705537,1,0,135677,143771
1788642994.6705658,2,100,135037,143771
1788642994.6705766,3,0,4,143771
1788642995.778971,0,0,135677,143771
1788642995.778995,1,0,135677,143771
1788642995.7790072,2,100,135037,143771
1788642995.7790184,3,0,4,143771
1788642996.8676891,0,0,135677,143771
1788642996.8677142,1,0,135677,143771
1788642996.8677268,2,100,135037,143771
1788642996.8677373,3,0,4,143771
1788642997.9755883,0,0,135677,143771
1788642997.9756129,1,0,135677,143771
1788642997.975625,2,100,135037,143771
1788642997.975635,3,0,4,143771
1788642999.0832028,0,0,135677,143771
1788642999.0832274,1,0,135677,143771
1788642999.08324,2,100,135037,143771
1788642999.0832503,3,0,4,143771
1788643000.191689,0,0,135677,143771
1788643000.1917138,1,0,135677,143771
1788643000.1917264,2,100,135037,143771
1788643000.191736,3,0,4,143771
1788643001.2545226,0,0,135677,143771
1788643001.2545476,1,0,135677,143771
1788643001.2545598,2,100,135037,143771
1788643001.2545707,3,0,4,143771
1788643002.3437734,0,0,135677,143771
1788643002.3437982,1,0,135677,143771
1788643002.3438106,2,100,135037,143771
1788643002.3438213,3,0,4,143771
1788643003.4320374,0,0,135677,143771
1788643003.4320633,1,0,135677,143771
1788643003.4320757,2,100,135037,143771
1788643003.4320867,3,0,4,143771
1788643004.5580504,0,0,135677,143771
1788643004.5580752,1,0,135677,143771
1788643004.5580876,2,100,135037,143771
1788643004.5580978,3,0,4,143771
1788643005.6476238,0,0,135677,143771
1788643005.6476479,1,0,135677,143771
1788643005.6476605,2,100,135037,143771
1788643005.6476715,3,0,4,143771
1788643006.754026,0,0,135677,143771
1788643006.75405,1,0,135677,143771
1788643006.7540624,2,100,135037,143771
1788643006.7540734,3,0,4,143771
1788643007.839787,0,0,135677,143771
1788643007.8398116,1,0,135677,143771
1788643007.8398247,2,100,135037,143771
1788643007.8398352,3,0,4,143771
1788643008.9276204,0,0,135677,143771
1788643008.9276454,1,0,135677,143771
1788643008.9276586,2,100,135037,143771
1788643008.92767,3,0,4,143771
1788643010.0170789,0,0,135677,143771
1788643010.017103,1,0,135677,143771
1788643010.0171154,2,100,135037,143771
1788643010.0171254,3,0,4,143771
1788643011.1224287,0,0,135677,143771
1788643011.1224527,1,0,135677,143771
1788643011.1224651,2,100,135037,143771
1788643011.1224756,3,0,4,143771
1788643012.207705,0,0,135677,143771
1788643012.2077293,1,0,135677,143771
1788643012.207743,2,100,135037,143771
1788643012.2077549,3,0,4,143771
1788643013.295617,0,0,135677,143771
1788643013.2956417,1,0,135677,143771
1788643013.2956548,2,100,135037,143771
1788643013.2956657,3,0,4,143771
1788643014.4538682,0,0,135677,143771
1788643014.453892,1,0,135677,143771
1788643014.453904,2,100,135037,143771
1788643014.4539142,3,0,4,143771
1788643015.5589066,0,0,135677,143771
1788643015.5589309,1,0,135677,143771
1788643015.5589435,2,56,135037,143771
1788643015.5589545,3,0,4,143771
1788643016.6476414,0,0,135677,143771
1788643016.6476657,1,0,135677,143771
1788643016.6476777,2,100,135037,143771
1788643016.6476882,3,0,4,143771
1788643017.755129,0,0,135677,143771
1788643017.7551527,1,0,135677,143771
1788643017.7551656,2,100,135037,143771
1788643017.7551758,3,0,4,143771
1788643018.86249,0,0,135677,143771
1788643018.862514,1,0,135677,143771
1788643018.8625257,2,100,135037,143771
1788643018.8625367,3,0,4,143771
1788643019.9708176,0,0,135677,143771
1788643019.970842,1,0,135677,143771
1788643019.970854,2,100,135037,143771
1788643019.9708645,3,0,4,143771
1788643021.0594616,0,0,135677,143771
1788643021.0594864,1,0,135677,143771
1788643021.059499,2,100,135037,143771
1788643021.0595093,3,0,4,143771
1788643022.1478221,0,0,135677,143771
1788643022.1478467,1,0,135677,143771
1788643022.1478581,2,100,135037,143771
1788643022.1478677,3,0,4,143771
1788643023.2748077,0,0,135677,143771
1788643023.2748327,1,0,135677,143771
1788643023.2748454,2,100,135037,143771
1788643023.2748554,3,0,4,143771
1788643024.3600497,0,0,135677,143771
1788643024.3600743,1,0,135677,143771
1788643024.3600867,2,100,135037,143771
1788643024.360098,3,0,4,143771
1788643025.466714,0,0,135677,143771
1788643025.4667385,1,0,135677,143771
1788643025.4667516,2,100,135037,143771
1788643025.466763,3,0,4,143771
1788643026.5905344,0,0,135677,143771
1788643026.590559,1,0,135677,143771
1788643026.5905719,2,100,135037,143771
1788643026.5905828,3,0,4,143771
1788643027.7192597,0,0,135677,143771
1788643027.7192848,1,0,135677,143771
1788643027.7192965,2,89,135037,143771
1788643027.7193067,3,0,4,143771
1788643028.826593,0,0,135677,143771
1788643028.826617,1,0,135677,143771
1788643028.8266292,2,73,135037,143771
1788643028.8266406,3,0,4,143771
1788643029.9157662,0,0,135677,143771
1788643029.9157903,1,0,135677,143771
1788643029.915803,2,100,135037,143771
1788643029.915814,3,0,4,143771
1788643031.0243776,0,0,135677,143771
1788643031.024402,1,0,135677,143771
1788643031.0244145,2,100,135037,143771
1788643031.0244255,3,0,4,143771
1788643032.111001,0,0,135677,143771
1788643032.111025,1,0,135677,143771
1788643032.111038,2,100,135037,143771
1788643032.1110477,3,0,4,143771
1788643033.2389636,0,0,135677,143771
1788643033.2389889,1,0,135677,143771
1788643033.2390013,2,100,135037,143771
1788643033.2390118,3,0,4,143771
1788643034.3298016,0,0,135677,143771
1788643034.3298266,1,0,135677,143771
1788643034.329839,2,100,135037,143771
1788643034.3298507,3,0,4,143771
1788643035.4194396,0,0,135677,143771
1788643035.4194643,1,0,135677,143771
1788643035.4194758,2,100,135037,143771
1788643035.4194853,3,0,4,143771
1788643036.5272365,0,0,135677,143771
1788643036.527261,1,0,135677,143771
1788643036.5272727,2,100,135037,143771
1788643036.5272832,3,0,4,143771
1788643037.6550517,0,0,135677,143771
1788643037.6550765,1,0,135677,143771
1788643037.6550882,2,100,135037,143771
1788643037.6550999,3,0,4,143771
1788643038.7435472,0,0,135677,143771
1788643038.743571,1,0,135677,143771
1788643038.743583,2,100,135037,143771
1788643038.7435935,3,0,4,143771
1788643039.85014,0,0,135677,143771
1788643039.8501647,1,0,135677,143771
1788643039.850178,2,100,135037,143771
1788643039.8501878,3,0,4,143771
1788643040.9393775,0,0,135677,143771
1788643040.9394019,1,0,135677,143771
1788643040.9394145,2,78,135037,143771
1788643040.9394252,3,0,4,143771
1788643042.0279524,0,0,135677,143771
1788643042.0279768,1,0,135677,143771
1788643042.0279891,2,87,135037,143771
1788643042.0280004,3,0,4,143771
1788643043.1340282,0,0,135677,143771
1788643043.1340523,1,0,135677,143771
1788643043.1340654,2,87,135037,143771
1788643043.1340764,3,0,4,143771
1788643044.2426457,0,0,135677,143771
1788643044.24267,1,0,135677,143771
1788643044.2426827,2,100,135037,143771
1788643044.2426937,3,0,4,143771
1788643045.3705196,0,0,135677,143771
1788643045.3705442,1,0,135677,143771
1788643045.3705566,2,100,135037,143771
1788643045.3705666,3,0,4,143771
1788643046.4949696,0,0,135677,143771
1788643046.4949937,1,0,135677,143771
1788643046.4950058,2,65,135037,143771
1788643046.495017,3,0,4,143771
1788643047.6232414,0,0,135677,143771
1788643047.6232662,1,0,135677,143771
1788643047.6232789,2,100,135037,143771
1788643047.6232893,3,0,4,143771
1788643048.7512958,0,0,135677,143771
1788643048.7513204,1,0,135677,143771
1788643048.7513332,2,100,135037,143771
1788643048.7513444,3,0,4,143771
1788643049.8591518,0,0,135677,143771
1788643049.8591835,1,0,135677,143771
1788643049.8592026,2,100,135037,143771
1788643049.8592181,3,0,4,143771
1788643050.948403,0,0,135677,143771
1788643050.9484267,1,0,135677,143771
1788643050.9484403,2,100,135037,143771
1788643050.9484515,3,0,4,143771
1788643052.0550516,0,0,135677,143771
1788643052.055076,1,0,135677,143771
1788643052.055087,2,100,135037,143771
1788643052.0550973,3,0,4,143771
1788643053.182315,0,0,135677,143771
1788643053.1823394,1,0,135677,143771
1788643053.1823525,2,100,135037,143771
1788643053.1823635,3,0,4,143771
1788643054.3113043,0,0,135677,143771
1788643054.3113394,1,0,135677,143771
1788643054.3113616,2,100,135037,143771
1788643054.3113792,3,0,4,143771
1788643055.4000492,0,0,135677,143771
1788643055.400074,1,0,135677,143771
1788643055.4000869,2,98,135037,143771
1788643055.4000976,3,0,4,143771
1788643056.526337,0,0,135677,143771
1788643056.5263612,1,0,135677,143771
1788643056.526374,2,100,135037,143771
1788643056.5263839,3,0,4,143771
1788643057.650851,0,0,135677,143771
1788643057.6508722,1,0,135677,143771
1788643057.650884,2,100,135037,143771
1788643057.6508927,3,0,4,143771
1788643058.7399976,0,0,135677,143771
1788643058.7400234,1,0,135677,143771
1788643058.7400367,2,100,135037,143771
1788643058.7400475,3,0,4,143771
1788643059.866096,0,0,135677,143771
1788643059.8661199,1,0,135677,143771
1788643059.8661323,2,82,135037,143771
1788643059.8661423,3,0,4,143771
1788643060.9946294,0,0,135677,143771
1788643060.9946544,1,0,135677,143771
1788643060.9946675,2,100,135037,143771
1788643060.9946783,3,0,4,143771
1788643062.1030114,0,0,135677,143771
1788643062.103034,1,0,135677,143771
1788643062.1030457,2,100,135037,143771
1788643062.1030548,3,0,4,143771
1788643063.1917932,0,0,135677,143771
1788643063.191827,1,0,135677,143771
1788643063.191847,2,93,135037,143771
1788643063.1918643,3,0,4,143771
1788643064.2802362,0,0,135677,143771
1788643064.280261,1,0,135677,143771
1788643064.2802742,2,100,135037,143771
1788643064.2802856,3,0,4,143771
1788643065.3873487,0,0,135677,143771
1788643065.3873737,1,0,135677,143771
1788643065.3873863,2,93,135037,143771
1788643065.387397,3,0,4,143771
1788643066.4955902,0,0,135677,143771
1788643066.495615,1,0,135677,143771
1788643066.495628,2,100,135037,143771
1788643066.495639,3,0,4,143771
1788643067.6226826,0,0,135677,143771
1788643067.6227067,1,0,135677,143771
1788643067.622719,2,100,135037,143771
1788643067.6227293,3,0,4,143771
1788643068.7511563,0,0,135677,143771
1788643068.7511888,1,0,135677,143771
1788643068.7512083,2,100,135037,143771
1788643068.7512248,3,0,4,143771
1788643069.878367,0,0,135677,143771
1788643069.878398,1,0,135677,143771
1788643069.8784165,2,100,135037,143771
1788643069.878434,3,0,4,143771
1788643070.9678693,0,0,135677,143771
1788643070.9678938,1,0,135677,143771
1788643070.9679062,2,100,135037,143771
1788643070.9679163,3,0,4,143771
1788643072.0748935,0,0,135677,143771
1788643072.0749292,1,0,135677,143771
1788643072.0749512,2,85,135037,143771
1788643072.07497,3,0,4,143771
1788643073.182537,0,0,135677,143771
1788643073.182561,1,0,135677,143771
1788643073.1825733,2,100,135037,143771
1788643073.1825848,3,0,4,143771
1788643074.291154,0,0,135677,143771
1788643074.2911785,1,0,135677,143771
1788643074.2911916,2,100,135037,143771
1788643074.291202,3,0,4,143771
1788643075.419728,0,0,135677,143771
1788643075.4197521,1,0,135677,143771
1788643075.4197648,2,82,135037,143771
1788643075.4197748,3,0,4,143771
1788643076.507879,0,0,135677,143771
1788643076.5079021,1,0,135677,143771
1788643076.507915,2,69,135037,143771
1788643076.507925,3,0,4,143771
1788643077.6146076,0,0,135677,143771
1788643077.6146314,1,0,135677,143771
1788643077.6146436,2,96,135037,143771
1788643077.6146545,3,0,4,143771
1788643078.6997743,0,0,135677,143771
1788643078.6997988,1,0,135677,143771
1788643078.6998117,2,100,135037,143771
1788643078.6998224,3,0,4,143771
1788643079.805869,0,0,135677,143771
1788643079.8058932,1,0,135677,143771
1788643079.8059065,2,100,135037,143771
1788643079.8059173,3,0,4,143771
1788643080.9116812,0,0,135677,143771
1788643080.9117055,1,0,135677,143771
1788643080.9117177,2,100,135037,143771
1788643080.9117277,3,0,4,143771
1788643082.0382938,0,0,135677,143771
1788643082.0383184,1,0,135677,143771
1788643082.0383303,2,100,135037,143771
1788643082.038341,3,0,4,143771
1788643083.1281908,0,0,135677,143771
1788643083.128215,1,0,135677,143771
1788643083.1282282,2,100,135037,143771
1788643083.1282399,3,0,4,143771
1788643084.25558,0,0,135677,143771
1788643084.2556045,1,0,135677,143771
1788643084.2556179,2,81,135037,143771
1788643084.2556288,3,0,4,143771
1788643085.382604,0,0,135677,143771
1788643085.3826272,1,0,135677,143771
1788643085.38264,2,100,135037,143771
1788643085.3826494,3,0,4,143771
1788643086.4913363,0,0,135677,143771
1788643086.4913611,1,0,135677,143771
1788643086.491374,2,66,135037,143771
1788643086.491385,3,0,4,143771
1788643087.598843,0,0,135677,143771
1788643087.5988667,1,0,135677,143771
1788643087.5988793,2,100,135037,143771
1788643087.5988889,3,0,4,143771
1788643088.6839502,0,0,135677,143771
1788643088.683975,1,0,135677,143771
1788643088.6839874,2,100,135037,143771
1788643088.683998,3,0,4,143771
1788643089.791829,0,0,135677,143771
1788643089.7918537,1,0,135677,143771
1788643089.7918663,2,100,135037,143771
1788643089.791877,3,0,4,143771
1788643090.8797493,0,0,135677,143771
1788643090.8797734,1,0,135677,143771
1788643090.8797858,2,100,135037,143771
1788643090.879796,3,0,4,143771
1788643092.0191436,0,0,135677,143771
1788643092.0191693,1,0,135677,143771
1788643092.0191817,2,100,135037,143771
1788643092.0191917,3,0,4,143771
1788643093.1078243,0,0,135677,143771
1788643093.107849,1,0,135677,143771
1788643093.107861,2,75,135037,143771
1788643093.1078708,3,0,4,143771
1788643094.2356608,0,0,135677,143771
1788643094.2356863,1,0,135677,143771
1788643094.2356987,2,100,135037,143771
1788643094.2357092,3,0,4,143771
1788643095.3429277,0,0,135677,143771
1788643095.3429523,1,0,135677,143771
1788643095.3429646,2,100,135037,143771
1788643095.342976,3,0,4,143771
1788643096.4711382,0,0,135677,143771
1788643096.4711528,1,0,135677,143771
1788643096.4711597,2,72,135037,143771
1788643096.4711657,3,0,4,143771
1788643097.5601346,0,0,135677,143771
1788643097.560159,1,0,135677,143771
1788643097.5601716,2,100,135037,143771
1788643097.5601833,3,0,4,143771
1788643098.667793,0,0,135677,143771
1788643098.6678166,1,0,135677,143771
1788643098.6678293,2,100,135037,143771
1788643098.66784,3,0,4,143771
1788643099.7943668,0,0,135677,143771
1788643099.7943914,1,0,135677,143771
1788643099.7944038,2,100,135037,143771
1788643099.7944155,3,0,4,143771
1788643100.8798604,0,0,135677,143771
1788643100.8798842,1,0,135677,143771
1788643100.8798969,2,100,135037,143771
1788643100.879908,3,0,4,143771
1788643101.970492,0,0,135677,143771
1788643101.9705164,1,0,135677,143771
1788643101.9705298,2,100,135037,143771
1788643101.9705408,3,0,4,143771
1788643103.0979292,0,0,135677,143771
1788643103.0979536,1,0,135677,143771
1788643103.0979655,2,100,135037,143771
1788643103.0979755,3,0,4,143771
1788643104.2265058,0,0,135677,143771
1788643104.2265308,1,0,135677,143771
1788643104.226543,2,100,135037,143771
1788643104.2265534,3,0,4,143771
1788643105.330277,0,0,135677,143771
1788643105.3303003,1,0,135677,143771
1788643105.3303132,2,100,135037,143771
1788643105.3303242,3,0,4,143771
1788643106.4553287,0,0,135677,143771
1788643106.455353,1,0,135677,143771
1788643106.4553647,2,67,135037,143771
1788643106.4553752,3,0,4,143771
1788643107.5821574,0,0,135677,143771
1788643107.5821815,1,0,135677,143771
1788643107.5821936,2,100,135037,143771
1788643107.5822043,3,0,4,143771
1788643108.7061446,0,0,135677,143771
1788643108.7061691,1,0,135677,143771
1788643108.7061813,2,100,135037,143771
1788643108.706193,3,0,4,143771
1788643109.8301923,0,0,135677,143771
1788643109.8302166,1,0,135677,143771
1788643109.8302293,2,100,135037,143771
1788643109.8302402,3,0,4,143771
1788643110.9551656,0,0,135677,143771
1788643110.9551902,1,0,135677,143771
1788643110.9552028,2,100,135037,143771
1788643110.9552133,3,0,4,143771
1788643112.0631707,0,0,135677,143771
1788643112.0631855,1,0,135677,143771
1788643112.0631924,2,100,135037,143771
1788643112.0631986,3,0,4,143771
1788643113.1704361,0,0,135677,143771
1788643113.170461,1,0,135677,143771
1788643113.1704729,2,100,135037,143771
1788643113.1704838,3,0,4,143771
1788643114.2600543,0,0,135677,143771
1788643114.2600787,1,0,135677,143771
1788643114.2600904,2,100,135037,143771
1788643114.260101,3,0,4,143771
1788643115.3478281,0,0,135677,143771
1788643115.3478522,1,0,135677,143771
1788643115.3478653,2,100,135037,143771
1788643115.347876,3,0,4,143771
1788643116.4381049,0,0,135677,143771
1788643116.438129,1,0,135677,143771
1788643116.4381406,2,100,135037,143771
1788643116.4381514,3,0,4,143771
1788643117.5663404,0,0,135677,143771
1788643117.566364,1,0,135677,143771
1788643117.5663762,2,100,135037,143771
1788643117.566388,3,0,4,143771
1788643118.655944,0,0,135677,143771
1788643118.6559682,1,0,135677,143771
1788643118.6559803,2,100,135037,143771
1788643118.6559916,3,0,4,143771
1788643119.7626233,0,0,135677,143771
1788643119.7626474,1,0,135677,143771
1788643119.7626603,2,100,135037,143771
1788643119.7626717,3,0,4,143771
1788643120.8863041,0,0,135677,143771
1788643120.886328,1,0,135677,143771
1788643120.8863397,2,100,135037,143771
1788643120.8863506,3,0,4,143771
1788643122.0108814,0,0,135677,143771
1788643122.0109057,1,0,135677,143771
1788643122.0109181,2,100,135037,143771
1788643122.0109296,3,0,4,143771
1788643123.1349251,0,0,135677,143771
1788643123.1349492,1,0,135677,143771
1788643123.1349607,2,100,135037,143771
1788643123.1349704,3,0,4,143771
1788643124.2429614,0,0,135677,143771
1788643124.2429857,1,0,135677,143771
1788643124.2429984,2,98,135037,143771
1788643124.2430096,3,0,4,143771
1788643125.3506641,0,0,135677,143771
1788643125.350678,1,0,135677,143771
1788643125.350685,2,100,135037,143771
1788643125.350691,3,0,4,143771
1788643126.4552312,0,0,135677,143771
1788643126.4552455,1,0,135677,143771
1788643126.4552526,2,100,135037,143771
1788643126.4552596,3,0,4,143771
1788643127.5633636,0,0,135677,143771
1788643127.5633879,1,0,135677,143771
1788643127.5634,2,100,135037,143771
1788643127.5634098,3,0,4,143771
1788643128.671117,0,0,135677,143771
1788643128.6711407,1,0,135677,143771
1788643128.6711528,2,100,135037,143771
1788643128.6711636,3,0,4,143771
1788643129.798153,0,0,135677,143771
1788643129.7981768,1,0,135677,143771
1788643129.7981894,2,100,135037,143771
1788643129.7982001,3,0,4,143771
1788643130.9276524,0,0,135677,143771
1788643130.9276767,1,0,135677,143771
1788643130.9276893,2,100,135037,143771
1788643130.9277005,3,0,4,143771
1788643132.0157902,0,0,135677,143771
1788643132.0158145,1,0,135677,143771
1788643132.0158272,2,64,135037,143771
1788643132.0158398,3,0,4,143771
1788643133.1411223,0,0,135677,143771
1788643133.141147,1,0,135677,143771
1788643133.141159,2,100,135037,143771
1788643133.1411707,3,0,4,143771
1788643134.2673554,0,0,135677,143771
1788643134.2673807,1,0,135677,143771
1788643134.2673934,2,100,135037,143771
1788643134.2674043,3,0,4,143771
1788643135.3754933,0,0,135677,143771
1788643135.3755178,1,0,135677,143771
1788643135.3755302,2,86,135037,143771
1788643135.3755414,3,0,4,143771
1788643136.4642508,0,0,135677,143771
1788643136.4642763,1,0,135677,143771
1788643136.4642885,2,100,135037,143771
1788643136.4642992,3,0,4,143771
1788643137.5984442,0,0,135677,143771
1788643137.5984588,1,0,135677,143771
1788643137.5984666,2,100,135037,143771
1788643137.598473,3,0,4,143771
1788643138.7276194,0,0,135677,143771
1788643138.7276435,1,0,135677,143771
1788643138.7276556,2,100,135037,143771
1788643138.7276664,3,0,4,143771
1788643139.8552792,0,0,135677,143771
1788643139.8553035,1,0,135677,143771
1788643139.8553157,2,79,135037,143771
1788643139.8553267,3,0,4,143771
1788643140.9440596,0,0,135677,143771
1788643140.9440842,1,0,135677,143771
1788643140.9440968,2,82,135037,143771
1788643140.9441075,3,0,4,143771
1788643142.07105,0,0,135677,143771
1788643142.0710642,1,0,135677,143771
1788643142.0710711,2,66,135037,143771
1788643142.071077,3,0,4,143771
1788643143.1993701,0,0,135677,143771
1788643143.1993947,1,0,135677,143771
1788643143.1994073,2,97,135037,143771
1788643143.1994176,3,0,4,143771
1788643144.2891257,0,0,135677,143771
1788643144.2891507,1,0,135677,143771
1788643144.2891626,2,100,135037,143771
1788643144.2891738,3,0,4,143771
1788643145.375665,0,0,135677,143771
1788643145.375689,1,0,135677,143771
1788643145.3757012,2,100,135037,143771
1788643145.3757122,3,0,4,143771
1788643146.4832933,0,0,135677,143771
1788643146.4833171,1,0,135677,143771
1788643146.4833295,2,100,135037,143771
1788643146.4833395,3,0,4,143771
1788643147.573728,0,0,135677,143771
1788643147.5737512,1,0,135677,143771
1788643147.573764,2,100,135037,143771
1788643147.5737748,3,0,4,143771
1788643148.6598737,0,0,135677,143771
1788643148.6598985,1,0,135677,143771
1788643148.6599107,2,99,135037,143771
1788643148.6599221,3,0,4,143771
1788643149.7868795,0,0,135677,143771
1788643149.786904,1,0,135677,143771
1788643149.786917,2,100,135037,143771
1788643149.7869277,3,0,4,143771
1788643150.875531,0,0,135677,143771
1788643150.875555,1,0,135677,143771
1788643150.8755686,2,100,135037,143771
1788643150.8755803,3,0,4,143771
1788643151.9638863,0,0,135677,143771
1788643151.9639106,1,0,135677,143771
1788643151.9639225,2,73,135037,143771
1788643151.9639328,3,0,4,143771
1788643153.070682,0,0,135677,143771
1788643153.070706,1,0,135677,143771
1788643153.070718,2,100,135037,143771
1788643153.070729,3,0,4,143771
1788643154.178762,0,0,135677,143771
1788643154.1787858,1,0,135677,143771
1788643154.1787984,2,100,135037,143771
1788643154.1788094,3,0,4,143771
1788643155.268024,0,0,135677,143771
1788643155.2680478,1,0,135677,143771
1788643155.268061,2,100,135037,143771
1788643155.2680724,3,0,4,143771
1788643156.3952343,0,0,135677,143771
1788643156.3952582,1,0,135677,143771
1788643156.3952694,2,100,135037,143771
1788643156.3952792,3,0,4,143771
1788643157.5021117,0,0,135677,143771
1788643157.5021362,1,0,135677,143771
1788643157.502149,2,100,135037,143771
1788643157.5021608,3,0,4,143771
1788643158.6274328,0,0,135677,143771
1788643158.6274574,1,0,135677,143771
1788643158.6274698,2,100,135037,143771
1788643158.6274803,3,0,4,143771
1788643159.7159963,0,0,135677,143771
1788643159.7160206,1,0,135677,143771
1788643159.7160335,2,100,135037,143771
1788643159.716045,3,0,4,143771
1788643160.8230124,0,0,135677,143771
1788643160.8230374,1,0,135677,143771
1788643160.82305,2,100,135037,143771
1788643160.8230603,3,0,4,143771
1788643161.950453,0,0,135677,143771
1788643161.9504774,1,0,135677,143771
1788643161.9504893,2,100,135037,143771
1788643161.9504995,3,0,4,143771
1788643163.0783792,0,0,135677,143771
1788643163.078404,1,0,135677,143771
1788643163.0784163,2,57,135037,143771
1788643163.078427,3,0,4,143771
1788643164.2068336,0,0,135677,143771
1788643164.2068586,1,0,135677,143771
1788643164.2068713,2,100,135037,143771
1788643164.2068822,3,0,4,143771
1788643165.3337345,0,0,135677,143771
1788643165.333758,1,0,135677,143771
1788643165.333771,2,100,135037,143771
1788643165.333782,3,0,4,143771
1788643166.4380789,0,0,135677,143771
1788643166.438103,1,0,135677,143771
1788643166.4381151,2,100,135037,143771
1788643166.4381263,3,0,4,143771
1788643167.5276468,0,0,135677,143771
1788643167.527671,1,0,135677,143771
1788643167.5276837,2,100,135037,143771
1788643167.5276957,3,0,4,143771
1788643168.6150692,0,0,135677,143771
1788643168.6150937,1,0,135677,143771
1788643168.6151059,2,100,135037,143771
1788643168.615117,3,0,4,143771
1788643169.7371001,0,0,135677,143771
1788643169.7371244,1,0,135677,143771
1788643169.7371366,2,100,135037,143771
1788643169.7371473,3,0,4,143771
1788643170.8436358,0,0,135677,143771
1788643170.8436606,1,0,135677,143771
1788643170.8436725,2,100,135037,143771
1788643170.8436835,3,0,4,143771
1788643171.970756,0,0,135677,143771
1788643171.9707801,1,0,135677,143771
1788643171.9707928,2,100,135037,143771
1788643171.9708035,3,0,4,143771
1788643173.078374,0,0,135677,143771
1788643173.0783978,1,0,135677,143771
1788643173.0784113,2,100,135037,143771
1788643173.078423,3,0,4,143771
1788643174.1868894,0,0,135677,143771
1788643174.186914,1,0,135677,143771
1788643174.1869261,2,100,135037,143771
1788643174.1869373,3,0,4,143771
1788643175.3141506,0,0,135677,143771
1788643175.3141742,1,0,135677,143771
1788643175.314187,2,100,135037,143771
1788643175.3141978,3,0,4,143771
1788643176.4425037,0,0,135677,143771
1788643176.442528,1,0,135677,143771
1788643176.4425404,2,100,135037,143771
1788643176.4425519,3,0,4,143771
1788643177.5717256,0,0,135677,143771
1788643177.5717497,1,0,135677,143771
1788643177.571762,2,100,135037,143771
1788643177.5717738,3,0,4,143771
1788643178.6613734,0,0,135677,143771
1788643178.6613984,1,0,135677,143771
1788643178.6614108,2,100,135037,143771
1788643178.6614206,3,0,4,143771
1788643179.7864614,0,0,135677,143771
1788643179.7864852,1,0,135677,143771
1788643179.7864974,2,100,135037,143771
1788643179.7865083,3,0,4,143771
1788643180.8908806,0,0,135677,143771
1788643180.8909051,1,0,135677,143771
1788643180.8909173,2,100,135037,143771
1788643180.8909287,3,0,4,143771
1788643182.018353,0,0,135677,143771
1788643182.018377,1,0,135677,143771
1788643182.0183887,2,100,135037,143771
1788643182.0184,3,0,4,143771
1788643183.1268172,0,0,135677,143771
1788643183.1268413,1,0,135677,143771
1788643183.1268523,2,100,135037,143771
1788643183.1268625,3,0,4,143771
1788643184.2354527,0,0,135677,143771
1788643184.2354789,1,0,135677,143771
1788643184.235492,2,100,135037,143771
1788643184.2355034,3,0,4,143771
1788643185.3423996,0,0,135677,143771
1788643185.3424232,1,0,135677,143771
1788643185.342436,2,100,135037,143771
1788643185.3424466,3,0,4,143771
1788643186.4316845,0,0,135677,143771
1788643186.4317095,1,0,135677,143771
1788643186.4317217,2,92,135037,143771
1788643186.4317327,3,0,4,143771
1788643187.5193713,0,0,135677,143771
1788643187.519395,1,0,135677,143771
1788643187.5194066,2,100,135037,143771
1788643187.5194168,3,0,4,143771
1788643188.6461911,0,0,135677,143771
1788643188.646215,1,0,135677,143771
1788643188.646227,2,100,135037,143771
1788643188.6462379,3,0,4,143771
1788643189.7356803,0,0,135677,143771
1788643189.7357044,1,0,135677,143771
1788643189.7357166,2,100,135037,143771
1788643189.735727,3,0,4,143771
1788643190.8260112,0,0,135677,143771
1788643190.826036,1,0,135677,143771
1788643190.8260496,2,100,135037,143771
1788643190.8260612,3,0,4,143771
1788643191.9560084,0,0,135677,143771
1788643191.9560237,1,0,135677,143771
1788643191.9560306,2,100,135037,143771
1788643191.9560368,3,0,4,143771
1788643193.0439951,0,0,135677,143771
1788643193.0440097,1,0,135677,143771
1788643193.0440168,2,100,135037,143771
1788643193.044023,3,0,4,143771
1788643194.1510925,0,0,135677,143771
1788643194.1511173,1,0,135677,143771
1788643194.151129,2,100,135037,143771
1788643194.1511395,3,0,4,143771
1788643195.278624,0,0,135677,143771
1788643195.2786477,1,0,135677,143771
1788643195.2786605,2,100,135037,143771
1788643195.2786722,3,0,4,143771
1788643196.406321,0,0,135677,143771
1788643196.406345,1,0,135677,143771
1788643196.406357,2,100,135037,143771
1788643196.406368,3,0,4,143771
1788643197.5154507,0,0,135677,143771
1788643197.5154755,1,0,135677,143771
1788643197.5154874,2,100,135037,143771
1788643197.5154974,3,0,4,143771
1788643198.603495,0,0,135677,143771
1788643198.6035187,1,0,135677,143771
1788643198.6035318,2,100,135037,143771
1788643198.603543,3,0,4,143771
1788643199.6914656,0,0,135677,143771
1788643199.69149,1,0,135677,143771
1788643199.691502,2,100,135037,143771
1788643199.6915128,3,0,4,143771
1788643200.7805285,0,0,135677,143771
1788643200.780553,1,0,135677,143771
1788643200.7805653,2,100,135037,143771
1788643200.7805767,3,0,4,143771
1788643201.8674781,0,0,135677,143771
1788643201.8675027,1,0,135677,143771
1788643201.8675148,2,100,135037,143771
1788643201.867526,3,0,4,143771
1788643202.9956906,0,0,135677,143771
1788643202.9957154,1,0,135677,143771
1788643202.9957285,2,100,135037,143771
1788643202.99574,3,0,4,143771
1788643204.0859187,0,0,135677,143771
1788643204.0859435,1,0,135677,143771
1788643204.0859556,2,68,135037,143771
1788643204.0859666,3,0,4,143771
1788643205.1950824,0,0,135677,143771
1788643205.1951067,1,0,135677,143771
1788643205.1951187,2,100,135037,143771
1788643205.195129,3,0,4,143771
1788643206.3233147,0,0,135677,143771
1788643206.3233387,1,0,135677,143771
1788643206.3233511,2,100,135037,143771
1788643206.3233619,3,0,4,143771
1788643207.4115088,0,0,135677,143771
1788643207.4115336,1,0,135677,143771
1788643207.4115458,2,100,135037,143771
1788643207.411557,3,0,4,143771
1788643208.5186,0,0,135677,143771
1788643208.5186238,1,0,135677,143771
1788643208.5186365,2,100,135037,143771
1788643208.5186484,3,0,4,143771
1788643209.6081386,0,0,135677,143771
1788643209.6081624,1,0,135677,143771
1788643209.6081746,2,100,135037,143771
1788643209.6081853,3,0,4,143771
1788643210.7143598,0,0,135677,143771
1788643210.714384,1,0,135677,143771
1788643210.714396,2,100,135037,143771
1788643210.7144065,3,0,4,143771
1788643211.8037274,0,0,135677,143771
1788643211.8037517,1,0,135677,143771
1788643211.8037636,2,100,135037,143771
1788643211.8037744,3,0,4,143771
1788643212.9303002,0,0,135677,143771
1788643212.9303246,1,0,135677,143771
1788643212.9303374,2,100,135037,143771
1788643212.9303486,3,0,4,143771
1788643214.0604165,0,0,135677,143771
1788643214.0604405,1,0,135677,143771
1788643214.0604525,2,100,135037,143771
1788643214.0604632,3,0,4,143771
1788643215.1477392,0,0,135677,143771
1788643215.1477633,1,0,135677,143771
1788643215.147776,2,100,135037,143771
1788643215.1477876,3,0,4,143771
1788643216.2743363,0,0,135677,143771
1788643216.2743604,1,0,135677,143771
1788643216.2743728,2,100,135037,143771
1788643216.2743838,3,0,4,143771
1788643217.3820155,0,0,135677,143771
1788643217.3820393,1,0,135677,143771
1788643217.3820512,2,100,135037,143771
1788643217.3820617,3,0,4,143771
1788643218.4715686,0,0,135677,143771
1788643218.4715924,1,0,135677,143771
1788643218.4716036,2,100,135037,143771
1788643218.471614,3,0,4,143771
1788643219.5788834,0,0,135677,143771
1788643219.5789075,1,0,135677,143771
1788643219.5789196,2,100,135037,143771
1788643219.5789306,3,0,4,143771
1788643220.6876383,0,0,135677,143771
1788643220.6876523,1,0,135677,143771
1788643220.687659,2,100,135037,143771
1788643220.6876647,3,0,4,143771
1788643221.8143384,0,0,135677,143771
1788643221.8143535,1,0,135677,143771
1788643221.8143609,2,100,135037,143771
1788643221.8143675,3,0,4,143771
1788643222.9388497,0,0,135677,143771
1788643222.9388642,1,0,135677,143771
1788643222.9388711,2,100,135037,143771
1788643222.9388766,3,0,4,143771
1788643224.0628455,0,0,135677,143771
1788643224.0628603,1,0,135677,143771
1788643224.0628674,2,100,135037,143771
1788643224.0628738,3,0,4,143771
1788643225.1478543,0,0,135677,143771
1788643225.1478686,1,0,135677,143771
1788643225.1478755,2,100,135037,143771
1788643225.147882,3,0,4,143771
1788643226.2350032,0,0,135677,143771
1788643226.2350283,1,0,135677,143771
1788643226.2350416,2,100,135037,143771
1788643226.2350528,3,0,4,143771
1788643227.3239472,0,0,135677,143771
1788643227.3239706,1,0,135677,143771
1788643227.323983,2,100,135037,143771
1788643227.3239934,3,0,4,143771
1788643228.4506288,0,0,135677,143771
1788643228.450654,1,0,135677,143771
1788643228.4506667,2,100,135037,143771
1788643228.4506774,3,0,4,143771
1788643229.5581894,0,0,135677,143771
1788643229.558214,1,0,135677,143771
1788643229.558226,2,100,135037,143771
1788643229.5582356,3,0,4,143771
1788643230.6864092,0,0,135677,143771
1788643230.686434,1,0,135677,143771
1788643230.6864467,2,100,135037,143771
1788643230.6864583,3,0,4,143771
1788643231.794047,0,0,135677,143771
1788643231.794071,1,0,135677,143771
1788643231.7940829,2,62,135037,143771
1788643231.7940938,3,0,4,143771
1788643232.9026225,0,0,135677,143771
1788643232.9026463,1,0,135677,143771
1788643232.902658,2,100,135037,143771
1788643232.9026685,3,0,4,143771
1788643234.0299852,0,0,135677,143771
1788643234.0300097,1,0,135677,143771
1788643234.0300229,2,79,135037,143771
1788643234.0300338,3,0,4,143771
1788643235.1198351,0,0,135677,143771
1788643235.1198595,1,0,135677,143771
1788643235.1198733,2,100,135037,143771
1788643235.1198843,3,0,4,143771
1788643236.2075918,0,0,135677,143771
1788643236.207616,1,0,135677,143771
1788643236.2076278,2,100,135037,143771
1788643236.2076387,3,0,4,143771
1788643237.314562,0,0,135677,143771
1788643237.3145857,1,0,135677,143771
1788643237.3145986,2,100,135037,143771
1788643237.3146098,3,0,4,143771
1788643238.4426308,0,0,135677,143771
1788643238.442655,1,0,135677,143771
1788643238.4426675,2,100,135037,143771
1788643238.442679,3,0,4,143771
1788643239.5312257,0,0,135677,143771
1788643239.5312495,1,0,135677,143771
1788643239.5312617,2,100,135037,143771
1788643239.5312724,3,0,4,143771
1788643240.6384933,0,0,135677,143771
1788643240.6385176,1,0,135677,143771
1788643240.6385298,2,100,135037,143771
1788643240.6385405,3,0,4,143771
1788643241.7470918,0,0,135677,143771
1788643241.7471168,1,0,135677,143771
1788643241.7471285,2,100,135037,143771
1788643241.7471397,3,0,4,143771
1788643242.8356123,0,0,135677,143771
1788643242.8356357,1,0,135677,143771
1788643242.8356483,2,100,135037,143771
1788643242.8356588,3,0,4,143771
1788643243.9421077,0,0,135677,143771
1788643243.9421318,1,0,135677,143771
1788643243.9421444,2,73,135037,143771
1788643243.942156,3,0,4,143771
1788643245.0503988,0,0,135677,143771
1788643245.0504234,1,0,135677,143771
1788643245.0504353,2,100,135037,143771
1788643245.050446,3,0,4,143771
1788643246.1595798,0,0,135677,143771
1788643246.159604,1,0,135677,143771
1788643246.159616,2,100,135037,143771
1788643246.159627,3,0,4,143771
1788643247.32858,0,0,135677,143771
1788643247.3286045,1,0,135677,143771
1788643247.3286176,2,100,135037,143771
1788643247.328629,3,0,4,143771
1788643248.454866,0,0,135677,143771
1788643248.4548898,1,0,135677,143771
1788643248.4549031,2,100,135037,143771
1788643248.4549148,3,0,4,143771
1788643249.5433903,0,0,135677,143771
1788643249.5434144,1,0,135677,143771
1788643249.5434263,2,100,135037,143771
1788643249.5434368,3,0,4,143771
1788643250.6324337,0,0,135677,143771
1788643250.6324577,1,0,135677,143771
1788643250.6324697,2,100,135037,143771
1788643250.632481,3,0,4,143771
1788643251.759647,0,0,135677,143771
1788643251.7596714,1,0,135677,143771
1788643251.759684,2,100,135037,143771
1788643251.7596946,3,0,4,143771
1788643252.8667774,0,0,135677,143771
1788643252.8668015,1,0,135677,143771
1788643252.8668137,2,100,135037,143771
1788643252.8668242,3,0,4,143771
1788643253.9749546,0,0,135677,143771
1788643253.9749782,1,0,135677,143771
1788643253.9749904,2,100,135037,143771
1788643253.9750001,3,0,4,143771
1788643255.0641015,0,0,135677,143771
1788643255.064126,1,0,135677,143771
1788643255.0641384,2,100,135037,143771
1788643255.0641496,3,0,4,143771
1788643256.1522803,0,0,135677,143771
1788643256.152305,1,0,135677,143771
1788643256.1523166,2,87,135037,143771
1788643256.1523275,3,0,4,143771
1788643257.2587516,0,0,135677,143771
1788643257.2587764,1,0,135677,143771
1788643257.258789,2,100,135037,143771
1788643257.258801,3,0,4,143771
1788643258.3668604,0,0,135677,143771
1788643258.366884,1,0,135677,143771
1788643258.366896,2,100,135037,143771
1788643258.3669055,3,0,4,143771
1788643259.4552848,0,0,135677,143771
1788643259.455309,1,0,135677,143771
1788643259.4553213,2,97,135037,143771
1788643259.4553325,3,0,4,143771
1788643260.5443084,0,0,135677,143771
1788643260.5443323,1,0,135677,143771
1788643260.5443444,2,100,135037,143771
1788643260.544355,3,0,4,143771
1788643261.670866,0,0,135677,143771
1788643261.6708906,1,0,135677,143771
1788643261.6709042,2,100,135037,143771
1788643261.6709156,3,0,4,143771
1788643262.7982304,0,0,135677,143771
1788643262.7982554,1,0,135677,143771
1788643262.7982676,2,67,135037,143771
1788643262.7982779,3,0,4,143771
1788643263.8879142,0,0,135677,143771
1788643263.8879385,1,0,135677,143771
1788643263.8879504,2,100,135037,143771
1788643263.8879614,3,0,4,143771
1788643265.0146666,0,0,135677,143771
1788643265.014691,1,0,135677,143771
1788643265.0147028,2,73,135037,143771
1788643265.0147133,3,0,4,143771
1788643266.1037133,0,0,135677,143771
1788643266.1037374,1,0,135677,143771
1788643266.10375,2,99,135037,143771
1788643266.103761,3,0,4,143771
1788643267.193632,0,0,135677,143771
1788643267.1936557,1,0,135677,143771
1788643267.1936684,2,100,135037,143771
1788643267.1936796,3,0,4,143771
1788643268.280118,0,0,135677,143771
1788643268.2801425,1,0,135677,143771
1788643268.2801554,2,100,135037,143771
1788643268.2801657,3,0,4,143771
1788643269.4058416,0,0,135677,143771
1788643269.4058669,1,0,135677,143771
1788643269.4058793,2,100,135037,143771
1788643269.4058902,3,0,4,143771
1788643270.5109622,0,0,135677,143771
1788643270.5109868,1,0,135677,143771
1788643270.5109994,2,100,135037,143771
1788643270.51101,3,0,4,143771
1788643271.6346705,0,0,135677,143771
1788643271.6346958,1,0,135677,143771
1788643271.6347082,2,100,135037,143771
1788643271.6347191,3,0,4,143771
1788643272.7256534,0,0,135677,143771
1788643272.725678,1,0,135677,143771
1788643272.7256901,2,100,135037,143771
1788643272.725701,3,0,4,143771
1788643273.8510633,0,0,135677,143771
1788643273.851088,1,0,135677,143771
1788643273.8511007,2,100,135037,143771
1788643273.8511121,3,0,4,143771
1788643274.9585948,0,0,135677,143771
1788643274.958619,1,0,135677,143771
1788643274.9586315,2,100,135037,143771
1788643274.958642,3,0,4,143771
1788643276.088422,0,0,135677,143771
1788643276.088446,1,0,135677,143771
1788643276.0884578,2,100,135037,143771
1788643276.088469,3,0,4,143771
1788643277.1760778,0,0,135677,143771
1788643277.1761029,1,0,135677,143771
1788643277.1761153,2,59,135037,143771
1788643277.1761258,3,0,4,143771
1788643278.3031864,0,0,135677,143771
1788643278.3032107,1,0,135677,143771
1788643278.3032231,2,100,135037,143771
1788643278.3032334,3,0,4,143771
1788643279.427702,0,0,135677,143771
1788643279.4277256,1,0,135677,143771
1788643279.427739,2,100,135037,143771
1788643279.4277494,3,0,4,143771
1788643280.55432,0,0,135677,143771
1788643280.5543437,1,0,135677,143771
1788643280.5543566,2,100,135037,143771
1788643280.5543678,3,0,4,143771
1788643281.6447985,0,0,135677,143771
1788643281.644823,1,0,135677,143771
1788643281.644835,2,64,135037,143771
1788643281.6448457,3,0,4,143771
1788643282.7509005,0,0,135677,143771
1788643282.750925,1,0,135677,143771
1788643282.7509382,2,100,135037,143771
1788643282.7509494,3,0,4,143771
1788643283.8546271,0,0,135677,143771
1788643283.8546517,1,0,135677,143771
1788643283.8546648,2,100,135037,143771
1788643283.854676,3,0,4,143771
1788643284.9627533,0,0,135677,143771
1788643284.9627786,1,0,135677,143771
1788643284.9627907,2,100,135037,143771
1788643284.9628012,3,0,4,143771
1788643286.0672295,0,0,135677,143771
1788643286.0672538,1,0,135677,143771
1788643286.0672655,2,100,135037,143771
1788643286.067277,3,0,4,143771
1788643287.1561587,0,0,135677,143771
1788643287.1561828,1,0,135677,143771
1788643287.1561944,2,100,135037,143771
1788643287.1562057,3,0,4,143771
1788643288.2635908,0,0,135677,143771
1788643288.263616,1,0,135677,143771
1788643288.263628,2,100,135037,143771
1788643288.2636378,3,0,4,143771
1788643289.3536596,0,0,135677,143771
1788643289.3536835,1,0,135677,143771
1788643289.3536954,2,100,135037,143771
1788643289.353706,3,0,4,143771
1788643290.4794488,0,0,135677,143771
1788643290.479473,1,0,135677,143771
1788643290.479485,2,100,135037,143771
1788643290.4794955,3,0,4,143771
1788643291.606512,0,0,135677,143771
1788643291.6065357,1,0,135677,143771
1788643291.6065476,2,100,135037,143771
1788643291.6065578,3,0,4,143771
1788643292.6956007,0,0,135677,143771
1788643292.6956244,1,0,135677,143771
1788643292.695637,2,52,135037,143771
1788643292.6956477,3,0,4,143771
1788643293.783676,0,0,135677,143771
1788643293.7837,1,0,135677,143771
1788643293.7837117,2,97,135037,143771
1788643293.7837222,3,0,4,143771
1788643294.8719149,0,0,135677,143771
1788643294.8719387,1,0,135677,143771
1788643294.8719509,2,100,135037,143771
1788643294.871962,3,0,4,143771
1788643295.99888,0,0,135677,143771
1788643295.9989033,1,0,135677,143771
1788643295.9989164,2,100,135037,143771
1788643295.9989266,3,0,4,143771
1788643297.106261,0,0,135677,143771
1788643297.106285,1,0,135677,143771
1788643297.1062975,2,100,135037,143771
1788643297.1063094,3,0,4,143771
1788643298.2153733,0,0,135677,143771
1788643298.2153974,1,0,135677,143771
1788643298.21541,2,100,135037,143771
1788643298.2154207,3,0,4,143771
1788643299.303678,0,0,135677,143771
1788643299.3037024,1,0,135677,143771
1788643299.303715,2,100,135037,143771
1788643299.3037257,3,0,4,143771
1788643300.430766,0,0,135677,143771
1788643300.4307902,1,0,135677,143771
1788643300.430803,2,100,135037,143771
1788643300.4308126,3,0,4,143771
1788643301.5537126,0,0,135677,143771
1788643301.5537376,1,0,135677,143771
1788643301.5537498,2,83,135037,143771
1788643301.5537608,3,0,4,143771
1788643302.6397333,0,0,135677,143771
1788643302.6397579,1,0,135677,143771
1788643302.63977,2,100,135037,143771
1788643302.6397815,3,0,4,143771
1788643303.727698,0,0,135677,143771
1788643303.7277222,1,0,135677,143771
1788643303.7277343,2,100,135037,143771
1788643303.727745,3,0,4,143771
1788643304.8550634,0,0,135677,143771
1788643304.8550885,1,0,135677,143771
1788643304.8551013,2,100,135037,143771
1788643304.8551126,3,0,4,143771
1788643305.9622195,0,0,135677,143771
1788643305.9622436,1,0,135677,143771
1788643305.962256,2,100,135037,143771
1788643305.9622664,3,0,4,143771
1788643307.0668352,0,0,135677,143771
1788643307.0668595,1,0,135677,143771
1788643307.0668716,2,100,135037,143771
1788643307.0668828,3,0,4,143771
1788643308.195482,0,0,135677,143771
1788643308.1955059,1,0,135677,143771
1788643308.1955183,2,100,135037,143771
1788643308.1955297,3,0,4,143771
1788643309.2834215,0,0,135677,143771
1788643309.2834463,1,0,135677,143771
1788643309.2834587,2,96,135037,143771
1788643309.2834706,3,0,4,143771
1788643310.419159,0,0,135677,143771
1788643310.419183,1,0,135677,143771
1788643310.4191954,2,100,135037,143771
1788643310.419207,3,0,4,143771
1788643311.5268257,0,0,135677,143771
1788643311.5268507,1,0,135677,143771
1788643311.5268638,2,100,135037,143771
1788643311.5268748,3,0,4,143771
1788643312.6553924,0,0,135677,143771
1788643312.6554172,1,0,135677,143771
1788643312.6554296,2,100,135037,143771
1788643312.6554403,3,0,4,143771
1788643313.7839203,0,0,135677,143771
1788643313.7839448,1,0,135677,143771
1788643313.7839572,2,100,135037,143771
1788643313.7839677,3,0,4,143771
1788643314.8718555,0,0,135677,143771
1788643314.8718793,1,0,135677,143771
1788643314.871892,2,100,135037,143771
1788643314.8719034,3,0,4,143771
1788643315.9595659,0,0,135677,143771
1788643315.95959,1,0,135677,143771
1788643315.959602,2,100,135037,143771
1788643315.959613,3,0,4,143771
1788643317.0473287,0,0,135677,143771
1788643317.0473528,1,0,135677,143771
1788643317.0473661,2,100,135037,143771
1788643317.0473773,3,0,4,143771
1788643318.1554642,0,0,135677,143771
1788643318.1554885,1,0,135677,143771
1788643318.1555007,2,100,135037,143771
1788643318.1555119,3,0,4,143771
1788643319.2841034,0,0,135677,143771
1788643319.284128,1,0,135677,143771
1788643319.28414,2,100,135037,143771
1788643319.2841513,3,0,4,143771
1788643320.3912857,0,0,135677,143771
1788643320.3913097,1,0,135677,143771
1788643320.3913221,2,100,135037,143771
1788643320.3913326,3,0,4,143771
1788643321.474216,0,0,135677,143771
1788643321.4742396,1,0,135677,143771
1788643321.4742515,2,90,135037,143771
1788643321.474262,3,0,4,143771
1788643322.5600004,0,0,135677,143771
1788643322.5600247,1,0,135677,143771
1788643322.560037,2,100,135037,143771
1788643322.5600476,3,0,4,143771
1788643323.6481667,0,0,135677,143771
1788643323.6481912,1,0,135677,143771
1788643323.6482036,2,93,135037,143771
1788643323.6482139,3,0,4,143771
1788643324.8266838,0,0,135677,143771
1788643324.8267076,1,0,135677,143771
1788643324.8267195,2,100,135037,143771
1788643324.82673,3,0,4,143771
1788643325.9553928,0,0,135677,143771
1788643325.9554167,1,0,135677,143771
1788643325.955429,2,100,135037,143771
1788643325.9554398,3,0,4,143771
1788643327.083991,0,0,135677,143771
1788643327.0840147,1,0,135677,143771
1788643327.0840268,2,100,135037,143771
1788643327.0840368,3,0,4,143771
1788643328.1715815,0,0,135677,143771
1788643328.171606,1,0,135677,143771
1788643328.1716187,2,100,135037,143771
1788643328.1716304,3,0,4,143771
1788643329.2595644,0,0,135677,143771
1788643329.259588,1,0,135677,143771
1788643329.2596,2,100,135037,143771
1788643329.2596097,3,0,4,143771
1788643330.3670843,0,0,135677,143771
1788643330.3671083,1,0,135677,143771
1788643330.3671212,2,100,135037,143771
1788643330.3671327,3,0,4,143771
1788643331.495264,0,0,135677,143771
1788643331.4952781,1,0,135677,143771
1788643331.4952848,2,100,135037,143771
1788643331.4952905,3,0,4,143771
1788643332.5858774,0,0,135677,143771
1788643332.5859017,1,0,135677,143771
1788643332.5859141,2,80,135037,143771
1788643332.5859246,3,0,4,143771
1788643333.6717684,0,0,135677,143771
1788643333.6717918,1,0,135677,143771
1788643333.6718042,2,70,135037,143771
1788643333.6718147,3,0,4,143771
1788643334.7796283,0,0,135677,143771
1788643334.7796528,1,0,135677,143771
1788643334.7796655,2,100,135037,143771
1788643334.779676,3,0,4,143771
1788643335.8679981,0,0,135677,143771
1788643335.8680224,1,0,135677,143771
1788643335.8680348,2,88,135037,143771
1788643335.868045,3,0,4,143771
1788643336.9953659,0,0,135677,143771
1788643336.99539,1,0,135677,143771
1788643336.9954028,2,100,135037,143771
1788643336.995414,3,0,4,143771
1788643338.1228075,0,0,135677,143771
1788643338.1228325,1,0,135677,143771
1788643338.1228464,2,100,135037,143771
1788643338.1228576,3,0,4,143771
1788643339.2077072,0,0,135677,143771
1788643339.207732,1,0,135677,143771
1788643339.207744,2,100,135037,143771
1788643339.2077537,3,0,4,143771
1788643340.3354154,0,0,135677,143771
1788643340.33544,1,0,135677,143771
1788643340.3354526,2,100,135037,143771
1788643340.3354638,3,0,4,143771
1788643341.462021,0,0,135677,143771
1788643341.4620454,1,0,135677,143771
1788643341.462058,2,100,135037,143771
1788643341.462069,3,0,4,143771
1788643342.5700533,0,0,135677,143771
1788643342.5700777,1,0,135677,143771
1788643342.5700903,2,100,135037,143771
1788643342.5701015,3,0,4,143771
1788643343.6596737,0,0,135677,143771
1788643343.659698,1,0,135677,143771
1788643343.6597102,2,100,135037,143771
1788643343.659722,3,0,4,143771
1788643344.7666855,0,0,135677,143771
1788643344.7667103,1,0,135677,143771
1788643344.7667232,2,100,135037,143771
1788643344.7667346,3,0,4,143771
1788643345.8750546,0,0,135677,143771
1788643345.8750787,1,0,135677,143771
1788643345.8750913,2,100,135037,143771
1788643345.8751028,3,0,4,143771
1788643347.002312,0,0,135677,143771
1788643347.002336,1,0,135677,143771
1788643347.0023482,2,100,135037,143771
1788643347.00236,3,0,4,143771
1788643348.1271083,0,0,135677,143771
1788643348.1271434,1,0,135677,143771
1788643348.1271553,2,100,135037,143771
1788643348.127167,3,0,4,143771
1788643349.2543209,0,0,135677,143771
1788643349.2543445,1,0,135677,143771
1788643349.2543566,2,100,135037,143771
1788643349.2543669,3,0,4,143771
1788643350.3579934,0,0,135677,143771
1788643350.358008,1,0,135677,143771
1788643350.358015,2,100,135037,143771
1788643350.358021,3,0,4,143771
1788643351.467273,0,0,135677,143771
1788643351.467297,1,0,135677,143771
1788643351.467309,2,100,135037,143771
1788643351.4673197,3,0,4,143771
1788643352.5554419,0,0,135677,143771
1788643352.5554662,1,0,135677,143771
1788643352.555478,2,100,135037,143771
1788643352.555489,3,0,4,143771
1788643353.6613307,0,0,135677,143771
1788643353.6613548,1,0,135677,143771
1788643353.661367,2,100,135037,143771
1788643353.6613781,3,0,4,143771
1788643354.7476883,0,0,135677,143771
1788643354.7477126,1,0,135677,143771
1788643354.7477255,2,80,135037,143771
1788643354.747737,3,0,4,143771
1788643355.8540342,0,0,135677,143771
1788643355.854058,1,0,135677,143771
1788643355.8540697,2,100,135037,143771
1788643355.8540804,3,0,4,143771
1788643356.958031,0,0,135677,143771
1788643356.9580538,1,0,135677,143771
1788643356.9580662,2,67,135037,143771
1788643356.9580767,3,0,4,143771
1788643358.043604,0,0,135677,143771
1788643358.0436275,1,0,135677,143771
1788643358.0436401,2,100,135037,143771
1788643358.0436516,3,0,4,143771
1788643359.1311884,0,0,135677,143771
1788643359.1312125,1,0,135677,143771
1788643359.1312246,2,100,135037,143771
1788643359.1312346,3,0,4,143771
1788643360.2384586,0,0,135677,143771
1788643360.2384827,1,0,135677,143771
1788643360.2384944,2,100,135037,143771
1788643360.2385046,3,0,4,143771
1788643361.3664355,0,0,135677,143771
1788643361.3664591,1,0,135677,143771
1788643361.3664715,2,72,135037,143771
1788643361.366482,3,0,4,143771
1788643362.4741118,0,0,135677,143771
1788643362.4741356,1,0,135677,143771
1788643362.474147,2,100,135037,143771
1788643362.474157,3,0,4,143771
1788643363.5986998,0,0,135677,143771
1788643363.5987198,1,0,135677,143771
1788643363.5987296,2,100,135037,143771
1788643363.598739,3,0,4,143771
1788643364.6885226,0,0,135677,143771
1788643364.688546,1,0,135677,143771
1788643364.688557,2,58,135037,143771
1788643364.6885664,3,0,4,143771
1788643365.8155792,0,0,135677,143771
1788643365.8156035,1,0,135677,143771
1788643365.8156157,2,100,135037,143771
1788643365.8156269,3,0,4,143771
1788643366.904099,0,0,135677,143771
1788643366.9041224,1,0,135677,143771
1788643366.9041352,2,100,135037,143771
1788643366.9041457,3,0,4,143771
1788643368.030745,0,0,135677,143771
1788643368.0307689,1,0,135677,143771
1788643368.0307822,2,100,135037,143771
1788643368.0307937,3,0,4,143771
1788643369.1200445,0,0,135677,143771
1788643369.1200686,1,0,135677,143771
1788643369.1200814,2,100,135037,143771
1788643369.1200926,3,0,4,143771
1788643370.225834,0,0,135677,143771
1788643370.2258484,1,0,135677,143771
1788643370.2258556,2,100,135037,143771
1788643370.2258618,3,0,4,143771
1788643371.3511577,0,0,135677,143771
1788643371.3511817,1,0,135677,143771
1788643371.351194,2,100,135037,143771
1788643371.3512042,3,0,4,143771
1788643372.4394257,0,0,135677,143771
1788643372.4394507,1,0,135677,143771
1788643372.439463,2,100,135037,143771
1788643372.4394736,3,0,4,143771
1788643373.5457888,0,0,135677,143771
1788643373.545813,1,0,135677,143771
1788643373.5458245,2,57,135037,143771
1788643373.5458355,3,0,4,143771
1788643374.631539,0,0,135677,143771
1788643374.6315632,1,0,135677,143771
1788643374.6315753,2,81,135037,143771
1788643374.6315851,3,0,4,143771
1788643375.7195117,0,0,135677,143771
1788643375.719536,1,0,135677,143771
1788643375.719549,2,100,135037,143771
1788643375.71956,3,0,4,143771
1788643376.8075857,0,0,135677,143771
1788643376.80761,1,0,135677,143771
1788643376.8076227,2,100,135037,143771
1788643376.8076339,3,0,4,143771
1788643377.89608,0,0,135677,143771
1788643377.8961043,1,0,135677,143771
1788643377.896117,2,100,135037,143771
1788643377.8961277,3,0,4,143771
1788643379.0030146,0,0,135677,143771
1788643379.0030398,1,0,135677,143771
1788643379.0030522,2,100,135037,143771
1788643379.0030632,3,0,4,143771
1788643380.1309323,0,0,135677,143771
1788643380.130957,1,0,135677,143771
1788643380.1309695,2,100,135037,143771
1788643380.1309805,3,0,4,143771
1788643381.258093,0,0,135677,143771
1788643381.2581174,1,0,135677,143771
1788643381.25813,2,100,135037,143771
1788643381.258141,3,0,4,143771
1788643382.366805,0,0,135677,143771
1788643382.3668292,1,0,135677,143771
1788643382.3668413,2,100,135037,143771
1788643382.3668523,3,0,4,143771
1788643383.4947712,0,0,135677,143771
1788643383.4947956,1,0,135677,143771
1788643383.494807,2,100,135037,143771
1788643383.494818,3,0,4,143771
1788643384.6033905,0,0,135677,143771
1788643384.6034153,1,0,135677,143771
1788643384.6034276,2,100,135037,143771
1788643384.6034384,3,0,4,143771
1788643385.6921113,0,0,135677,143771
1788643385.692136,1,0,135677,143771
1788643385.6921482,2,100,135037,143771
1788643385.6921592,3,0,4,143771
1788643386.8177967,0,0,135677,143771
1788643386.8178203,1,0,135677,143771
1788643386.8178332,2,100,135037,143771
1788643386.8178442,3,0,4,143771
1788643387.9219954,0,0,135677,143771
1788643387.9220195,1,0,135677,143771
1788643387.9220319,2,100,135037,143771
1788643387.9220433,3,0,4,143771
1788643389.0077708,0,0,135677,143771
1788643389.0077956,1,0,135677,143771
1788643389.0078075,2,72,135037,143771
1788643389.0078187,3,0,4,143771
1788643390.1139057,0,0,135677,143771
1788643390.11393,1,0,135677,143771
1788643390.1139426,2,100,135037,143771
1788643390.1139534,3,0,4,143771
1788643391.2042685,0,0,135677,143771
1788643391.2042935,1,0,135677,143771
1788643391.204305,2,100,135037,143771
1788643391.204315,3,0,4,143771
1788643392.2920225,0,0,135677,143771
1788643392.2920463,1,0,135677,143771
1788643392.2920585,2,100,135037,143771
1788643392.292069,3,0,4,143771
1788643393.398323,0,0,135677,143771
1788643393.3983464,1,0,135677,143771
1788643393.3983593,2,100,135037,143771
1788643393.39837,3,0,4,143771
1788643394.529667,0,0,135677,143771
1788643394.5297017,1,0,135677,143771
1788643394.5297236,2,100,135037,143771
1788643394.529742,3,0,4,143771
1788643395.6348753,0,0,135677,143771
1788643395.634897,1,0,135677,143771
1788643395.6349072,2,83,135037,143771
1788643395.634916,3,0,4,143771
1788643396.742785,0,0,135677,143771
1788643396.7428088,1,0,135677,143771
1788643396.7428215,2,50,135037,143771
1788643396.7428327,3,0,4,143771
1788643397.8503418,0,0,135677,143771
1788643397.8503656,1,0,135677,143771
1788643397.850378,2,100,135037,143771
1788643397.8503883,3,0,4,143771
1788643398.9741442,0,0,135677,143771
1788643398.9741683,1,0,135677,143771
1788643398.974181,2,100,135037,143771
1788643398.9741914,3,0,4,143771
1788643400.098337,0,0,135677,143771
1788643400.098361,1,0,135677,143771
1788643400.0983727,2,100,135037,143771
1788643400.0983825,3,0,4,143771
1788643401.2268922,0,0,135677,143771
1788643401.2269163,1,0,135677,143771
1788643401.226929,2,100,135037,143771
1788643401.2269397,3,0,4,143771
1788643402.368003,0,0,135677,143771
1788643402.3680267,1,0,135677,143771
1788643402.368039,2,99,135037,143771
1788643402.3680482,3,0,4,143771
1788643403.4741578,0,0,135677,143771
1788643403.4741824,1,0,135677,143771
1788643403.474195,2,63,135037,143771
1788643403.474206,3,0,4,143771
1788643404.6034524,0,0,135677,143771
1788643404.6034727,1,0,135677,143771
1788643404.6034849,2,100,135037,143771
1788643404.6034958,3,0,4,143771
1788643405.7314878,0,0,135677,143771
1788643405.7315118,1,0,135677,143771
1788643405.7315245,2,100,135037,143771
1788643405.7315354,3,0,4,143771
1788643406.8602698,0,0,135677,143771
1788643406.8602943,1,0,135677,143771
1788643406.8603072,2,100,135037,143771
1788643406.8603172,3,0,4,143771
1788643407.9866333,0,0,135677,143771
1788643407.9866576,1,0,135677,143771
1788643407.9866703,2,100,135037,143771
1788643407.9866817,3,0,4,143771
1788643409.1145484,0,0,135677,143771
1788643409.1145728,1,0,135677,143771
1788643409.1145856,2,100,135037,143771
1788643409.1145964,3,0,4,143771
1788643410.242414,0,0,135677,143771
1788643410.2424376,1,0,135677,143771
1788643410.2424502,2,100,135037,143771
1788643410.2424605,3,0,4,143771
1788643411.3712187,0,0,135677,143771
1788643411.3712432,1,0,135677,143771
1788643411.3712556,2,100,135037,143771
1788643411.3712664,3,0,4,143771
1788643412.479081,0,0,135677,143771
1788643412.4791048,1,0,135677,143771
1788643412.4791176,2,100,135037,143771
1788643412.479128,3,0,4,143771
1788643413.5682213,0,0,135677,143771
1788643413.5682456,1,0,135677,143771
1788643413.5682585,2,100,135037,143771
1788643413.568269,3,0,4,143771
1788643414.6960862,0,0,135677,143771
1788643414.6961105,1,0,135677,143771
1788643414.6961226,2,100,135037,143771
1788643414.696134,3,0,4,143771
1788643415.8233764,0,0,135677,143771
1788643415.8234007,1,0,135677,143771
1788643415.8234136,2,100,135037,143771
1788643415.8234243,3,0,4,143771
1788643416.9514697,0,0,135677,143771
1788643416.9514937,1,0,135677,143771
1788643416.9515064,2,100,135037,143771
1788643416.951517,3,0,4,143771
1788643418.079484,0,0,135677,143771
1788643418.0795085,1,0,135677,143771
1788643418.079522,2,100,135037,143771
1788643418.0795321,3,0,4,143771
1788643419.2063258,0,0,135677,143771
1788643419.2063513,1,0,135677,143771
1788643419.2063644,2,100,135037,143771
1788643419.206375,3,0,4,143771
1788643420.3353727,0,0,135677,143771
1788643420.3353968,1,0,135677,143771
1788643420.335409,2,100,135037,143771
1788643420.335419,3,0,4,143771
1788643421.4550343,0,0,135677,143771
1788643421.455059,1,0,135677,143771
1788643421.4550717,2,100,135037,143771
1788643421.4550822,3,0,4,143771
1788643422.5819356,0,0,135677,143771
1788643422.5819666,1,0,135677,143771
1788643422.5819838,2,100,135037,143771
1788643422.5819993,3,0,4,143771
1788643423.71008,0,0,135677,143771
1788643423.7101033,1,0,135677,143771
1788643423.7101161,2,100,135037,143771
1788643423.7101274,3,0,4,143771
1788643424.8000112,0,0,135677,143771
1788643424.8000355,1,0,135677,143771
1788643424.8000486,2,100,135037,143771
1788643424.8000603,3,0,4,143771
1788643425.8874543,0,0,135677,143771
1788643425.8874784,1,0,135677,143771
1788643425.887491,2,100,135037,143771
1788643425.8875015,3,0,4,143771
1788643426.9946377,0,0,135677,143771
1788643426.9946613,1,0,135677,143771
1788643426.9946733,2,100,135037,143771
1788643426.9946828,3,0,4,143771
1788643428.1223178,0,0,135677,143771
1788643428.1223419,1,0,135677,143771
1788643428.1223536,2,100,135037,143771
1788643428.1223648,3,0,4,143771
1788643429.2119772,0,0,135677,143771
1788643429.2120013,1,0,135677,143771
1788643429.2120137,2,100,135037,143771
1788643429.2120247,3,0,4,143771
1788643430.299192,0,0,135677,143771
1788643430.2992158,1,0,135677,143771
1788643430.2992284,2,75,135037,143771
1788643430.2992387,3,0,4,143771
1788643431.4059906,0,0,135677,143771
1788643431.4060147,1,0,135677,143771
1788643431.4060266,2,100,135037,143771
1788643431.4060364,3,0,4,143771
1788643432.5355191,0,0,135677,143771
1788643432.5355427,1,0,135677,143771
1788643432.5355546,2,100,135037,143771
1788643432.5355651,3,0,4,143771
1788643433.6239061,0,0,135677,143771
1788643433.6239297,1,0,135677,143771
1788643433.6239417,2,85,135037,143771
1788643433.6239517,3,0,4,143771
1788643434.7145736,0,0,135677,143771
1788643434.714598,1,0,135677,143771
1788643434.7146103,2,100,135037,143771
1788643434.7146215,3,0,4,143771
1788643435.8039894,0,0,135677,143771
1788643435.8040133,1,0,135677,143771
1788643435.8040252,2,100,135037,143771
1788643435.8040352,3,0,4,143771
1788643436.9301314,0,0,135677,143771
1788643436.930156,1,0,135677,143771
1788643436.9301689,2,100,135037,143771
1788643436.93018,3,0,4,143771
1788643438.0588527,0,0,135677,143771
1788643438.0588768,1,0,135677,143771
1788643438.0588884,2,100,135037,143771
1788643438.0588992,3,0,4,143771
1788643439.185992,0,0,135677,143771
1788643439.1860158,1,0,135677,143771
1788643439.186029,2,100,135037,143771
1788643439.18604,3,0,4,143771
1788643440.2898772,0,0,135677,143771
1788643440.2899013,1,0,135677,143771
1788643440.2899134,2,100,135037,143771
1788643440.2899241,3,0,4,143771
1788643441.4138622,0,0,135677,143771
1788643441.4138865,1,0,135677,143771
1788643441.413899,2,100,135037,143771
1788643441.4139097,3,0,4,143771
1788643442.4996936,0,0,135677,143771
1788643442.499718,1,0,135677,143771
1788643442.4997299,2,62,135037,143771
1788643442.4997404,3,0,4,143771
1788643443.606334,0,0,135677,143771
1788643443.6063576,1,0,135677,143771
1788643443.60637,2,76,135037,143771
1788643443.6063814,3,0,4,143771
1788643444.7344315,0,0,135677,143771
1788643444.734455,1,0,135677,143771
1788643444.734467,2,100,135037,143771
1788643444.7344775,3,0,4,143771
1788643445.823772,0,0,135677,143771
1788643445.823796,1,0,135677,143771
1788643445.823807,2,100,135037,143771
1788643445.823817,3,0,4,143771
1788643446.911933,0,0,135677,143771
1788643446.911957,1,0,135677,143771
1788643446.911969,2,100,135037,143771
1788643446.91198,3,0,4,143771
1788643448.0383563,0,0,135677,143771
1788643448.0383806,1,0,135677,143771
1788643448.038393,2,100,135037,143771
1788643448.0384045,3,0,4,143771
1788643449.1623604,0,0,135677,143771
1788643449.1623847,1,0,135677,143771
1788643449.1623971,2,100,135037,143771
1788643449.1624079,3,0,4,143771
1788643450.2521145,0,0,135677,143771
1788643450.2521386,1,0,135677,143771
1788643450.2521505,2,100,135037,143771
1788643450.252162,3,0,4,143771
1788643451.3398147,0,0,135677,143771
1788643451.339839,1,0,135677,143771
1788643451.3398519,2,100,135037,143771
1788643451.339863,3,0,4,143771
1788643452.427699,0,0,135677,143771
1788643452.4277227,1,0,135677,143771
1788643452.4277353,2,100,135037,143771
1788643452.4277463,3,0,4,143771
1788643453.515182,0,0,135677,143771
1788643453.5152059,1,0,135677,143771
1788643453.5152178,2,100,135037,143771
1788643453.5152287,3,0,4,143771
1788643454.6224053,0,0,135677,143771
1788643454.6224294,1,0,135677,143771
1788643454.6224415,2,100,135037,143771
1788643454.6224525,3,0,4,143771
1788643455.750344,0,0,135677,143771
1788643455.7503672,1,0,135677,143771
1788643455.7503798,2,100,135037,143771
1788643455.7503903,3,0,4,143771
1788643456.8752205,0,0,135677,143771
1788643456.8752449,1,0,135677,143771
1788643456.8752573,2,100,135037,143771
1788643456.875268,3,0,4,143771
1788643458.0026712,0,0,135677,143771
1788643458.0026958,1,0,135677,143771
1788643458.0027077,2,100,135037,143771
1788643458.0027187,3,0,4,143771
1788643459.110538,0,0,135677,143771
1788643459.1105616,1,0,135677,143771
1788643459.1105742,2,100,135037,143771
1788643459.1105862,3,0,4,143771
1788643460.238574,0,0,135677,143771
1788643460.2385979,1,0,135677,143771
1788643460.2386115,2,100,135037,143771
1788643460.2386222,3,0,4,143771
1788643461.3276465,0,0,135677,143771
1788643461.3276706,1,0,135677,143771
1788643461.3276832,2,100,135037,143771
1788643461.3276947,3,0,4,143771
1788643462.455786,0,0,135677,143771
1788643462.455809,1,0,135677,143771
1788643462.4558208,2,100,135037,143771
1788643462.455831,3,0,4,143771
1788643463.5842392,0,0,135677,143771
1788643463.5842633,1,0,135677,143771
1788643463.5842755,2,100,135037,143771
1788643463.5842862,3,0,4,143771
1788643464.710939,0,0,135677,143771
1788643464.7109625,1,0,135677,143771
1788643464.7109756,2,100,135037,143771
1788643464.710987,3,0,4,143771
1788643465.8183367,0,0,135677,143771
1788643465.8183603,1,0,135677,143771
1788643465.8183732,2,100,135037,143771
1788643465.8183837,3,0,4,143771
1788643466.9477365,0,0,135677,143771
1788643466.9477603,1,0,135677,143771
1788643466.9477723,2,100,135037,143771
1788643466.9477828,3,0,4,143771
1788643468.054344,0,0,135677,143771
1788643468.0543678,1,0,135677,143771
1788643468.0543807,2,100,135037,143771
1788643468.0543919,3,0,4,143771
1788643469.141175,0,0,135677,143771
1788643469.1411986,1,0,135677,143771
1788643469.1412318,2,100,135037,143771
1788643469.141243,3,0,4,143771
1788643470.2666554,0,0,135677,143771
1788643470.2666802,1,0,135677,143771
1788643470.266693,2,69,135037,143771
1788643470.2667043,3,0,4,143771
1788643471.3952732,0,0,135677,143771
1788643471.395297,1,0,135677,143771
1788643471.3953083,2,100,135037,143771
1788643471.3953187,3,0,4,143771
1788643472.5034914,0,0,135677,143771
1788643472.5035155,1,0,135677,143771
1788643472.5035276,2,100,135037,143771
1788643472.5035386,3,0,4,143771
1788643473.611396,0,0,135677,143771
1788643473.6114197,1,0,135677,143771
1788643473.611432,2,100,135037,143771
1788643473.6114423,3,0,4,143771
1788643474.7392828,0,0,135677,143771
1788643474.7393079,1,0,135677,143771
1788643474.7393203,2,100,135037,143771
1788643474.7393315,3,0,4,143771
1788643475.8274086,0,0,135677,143771
1788643475.8274329,1,0,135677,143771
1788643475.827445,2,93,135037,143771
1788643475.827456,3,0,4,143771
1788643476.9339442,0,0,135677,143771
1788643476.9339688,1,0,135677,143771
1788643476.9339814,2,66,135037,143771
1788643476.9339926,3,0,4,143771
1788643478.0623121,0,0,135677,143771
1788643478.0623364,1,0,135677,143771
1788643478.0623488,2,96,135037,143771
1788643478.062359,3,0,4,143771
1788643479.1546173,0,0,135677,143771
1788643479.1546412,1,0,135677,143771
1788643479.1546543,2,100,135037,143771
1788643479.1546652,3,0,4,143771
1788643480.2838075,0,0,135677,143771
1788643480.2838318,1,0,135677,143771
1788643480.2838438,2,100,135037,143771
1788643480.283855,3,0,4,143771
1788643481.4149213,0,0,135677,143771
1788643481.4149456,1,0,135677,143771
1788643481.4149575,2,100,135037,143771
1788643481.414968,3,0,4,143771
1788643482.522768,0,0,135677,143771
1788643482.5227919,1,0,135677,143771
1788643482.5228047,2,100,135037,143771
1788643482.522816,3,0,4,143771
1788643483.6117327,0,0,135677,143771
1788643483.6117566,1,0,135677,143771
1788643483.6117687,2,100,135037,143771
1788643483.61178,3,0,4,143771
1788643484.7175505,0,0,135677,143771
1788643484.7175748,1,0,135677,143771
1788643484.7175877,2,100,135037,143771
1788643484.7175984,3,0,4,143771
1788643485.8231325,0,0,135677,143771
1788643485.823156,1,0,135677,143771
1788643485.823168,2,100,135037,143771
1788643485.8231788,3,0,4,143771
1788643486.911936,0,0,135677,143771
1788643486.9119604,1,0,135677,143771
1788643486.9119732,2,100,135037,143771
1788643486.9119842,3,0,4,143771
1788643488.0185287,0,0,135677,143771
1788643488.0185525,1,0,135677,143771
1788643488.018565,2,100,135037,143771
1788643488.0185754,3,0,4,143771
1788643489.1032555,0,0,135677,143771
1788643489.1032798,1,0,135677,143771
1788643489.103292,2,100,135037,143771
1788643489.1033027,3,0,4,143771
1788643490.2298236,0,0,135677,143771
1788643490.2298472,1,0,135677,143771
1788643490.2298596,2,100,135037,143771
1788643490.2298706,3,0,4,143771
1788643491.315923,0,0,135677,143771
1788643491.3159466,1,0,135677,143771
1788643491.3159585,2,100,135037,143771
1788643491.315969,3,0,4,143771
1788643492.4037657,0,0,135677,143771
1788643492.40379,1,0,135677,143771
1788643492.4038033,2,64,135037,143771
1788643492.4038146,3,0,4,143771
1788643493.5300846,0,0,135677,143771
1788643493.530109,1,0,135677,143771
1788643493.530122,2,100,135037,143771
1788643493.530133,3,0,4,143771
1788643494.6171057,0,0,135677,143771
1788643494.6171298,1,0,135677,143771
1788643494.617142,2,100,135037,143771
1788643494.617153,3,0,4,143771
1788643495.7063782,0,0,135677,143771
1788643495.706403,1,0,135677,143771
1788643495.706415,2,98,135037,143771
1788643495.7064257,3,0,4,143771
1788643496.8315306,0,0,135677,143771
1788643496.8315551,1,0,135677,143771
1788643496.8315675,2,100,135037,143771
1788643496.831579,3,0,4,143771
1788643497.938566,0,0,135677,143771
1788643497.9385903,1,0,135677,143771
1788643497.938603,2,100,135037,143771
1788643497.9386132,3,0,4,143771
1788643499.0470827,0,0,135677,143771
1788643499.047108,1,0,135677,143771
1788643499.04712,2,100,135037,143771
1788643499.047131,3,0,4,143771
1788643500.1744058,0,0,135677,143771
1788643500.1744301,1,0,135677,143771
1788643500.1744428,2,100,135037,143771
1788643500.1744542,3,0,4,143771
1788643501.3029966,0,0,135677,143771
1788643501.3030217,1,0,135677,143771
1788643501.3030345,2,100,135037,143771
1788643501.3030457,3,0,4,143771
1788643502.41172,0,0,135677,143771
1788643502.4117432,1,0,135677,143771
1788643502.4117558,2,100,135037,143771
1788643502.4117663,3,0,4,143771
1788643503.5402496,0,0,135677,143771
1788643503.5402741,1,0,135677,143771
1788643503.5402868,2,100,135037,143771
1788643503.5402982,3,0,4,143771
1788643504.6278257,0,0,135677,143771
1788643504.6278503,1,0,135677,143771
1788643504.6278622,2,100,135037,143771
1788643504.6278734,3,0,4,143771
1788643505.7343833,0,0,135677,143771
1788643505.7344074,1,0,135677,143771
1788643505.7344203,2,100,135037,143771
1788643505.7344315,3,0,4,143771
1788643506.8628232,0,0,135677,143771
1788643506.862847,1,0,135677,143771
1788643506.8628592,2,89,135037,143771
1788643506.8628697,3,0,4,143771
1788643507.9911265,0,0,135677,143771
1788643507.9911506,1,0,135677,143771
1788643507.9911637,2,100,135037,143771
1788643507.9911745,3,0,4,143771
1788643509.0798378,0,0,135677,143771
1788643509.0798626,1,0,135677,143771
1788643509.079876,2,100,135037,143771
1788643509.0798874,3,0,4,143771
1788643510.1872814,0,0,135677,143771
1788643510.1873057,1,0,135677,143771
1788643510.1873183,2,100,135037,143771
1788643510.1873298,3,0,4,143771
1788643511.2961922,0,0,135677,143771
1788643511.2962162,1,0,135677,143771
1788643511.2962291,2,84,135037,143771
1788643511.2962396,3,0,4,143771
1788643512.4031596,0,0,135677,143771
1788643512.4031851,1,0,135677,143771
1788643512.4031978,2,100,135037,143771
1788643512.4032094,3,0,4,143771
1788643513.531937,0,0,135677,143771
1788643513.5319605,1,0,135677,143771
1788643513.5319738,2,100,135037,143771
1788643513.5319858,3,0,4,143771
1788643514.6213424,0,0,135677,143771
1788643514.6213667,1,0,135677,143771
1788643514.6213791,2,100,135037,143771
1788643514.62139,3,0,4,143771
1788643515.7268553,0,0,135677,143771
1788643515.7268791,1,0,135677,143771
1788643515.7268915,2,76,135037,143771
1788643515.726902,3,0,4,143771
1788643516.8159816,0,0,135677,143771
1788643516.816006,1,0,135677,143771
1788643516.816018,2,66,135037,143771
1788643516.816029,3,0,4,143771
1788643517.942263,0,0,135677,143771
1788643517.9422872,1,0,135677,143771
1788643517.9422994,2,100,135037,143771
1788643517.9423099,3,0,4,143771
1788643519.0659912,0,0,135677,143771
1788643519.0660152,1,0,135677,143771
1788643519.0660274,2,71,135037,143771
1788643519.0660386,3,0,4,143771
1788643520.173861,0,0,135677,143771
1788643520.1738849,1,0,135677,143771
1788643520.1738982,2,100,135037,143771
1788643520.1739087,3,0,4,143771
1788643521.2601533,0,0,135677,143771
1788643521.2601779,1,0,135677,143771
1788643521.2601907,2,100,135037,143771
1788643521.260202,3,0,4,143771
1788643522.3861358,0,0,135677,143771
1788643522.3861601,1,0,135677,143771
1788643522.3861725,2,100,135037,143771
1788643522.386184,3,0,4,143771
1788643523.5103512,0,0,135677,143771
1788643523.5103757,1,0,135677,143771
1788643523.5103889,2,100,135037,143771
1788643523.5104003,3,0,4,143771
1788643524.6143653,0,0,135677,143771
1788643524.6143894,1,0,135677,143771
1788643524.614402,2,100,135037,143771
1788643524.6144133,3,0,4,143771
1788643525.7392235,0,0,135677,143771
1788643525.739248,1,0,135677,143771
1788643525.739261,2,100,135037,143771
1788643525.7392724,3,0,4,143771
1788643526.8281674,0,0,135677,143771
1788643526.8281918,1,0,135677,143771
1788643526.8282037,2,100,135037,143771
1788643526.828215,3,0,4,143771
1788643527.9545093,0,0,135677,143771
1788643527.9545224,1,0,135677,143771
1788643527.954529,2,100,135037,143771
1788643527.954535,3,0,4,143771
1788643529.0396256,0,0,135677,143771
1788643529.0396497,1,0,135677,143771
1788643529.0396624,2,65,135037,143771
1788643529.0396733,3,0,4,143771
1788643530.1473598,0,0,135677,143771
1788643530.1473842,1,0,135677,143771
1788643530.1473966,2,100,135037,143771
1788643530.1474075,3,0,4,143771
1788643531.2549553,0,0,135677,143771
1788643531.2549794,1,0,135677,143771
1788643531.2549922,2,100,135037,143771
1788643531.2550037,3,0,4,143771
1788643532.3825877,0,0,135677,143771
1788643532.3826118,1,0,135677,143771
1788643532.3826241,2,100,135037,143771
1788643532.3826344,3,0,4,143771
1788643533.4860609,0,0,135677,143771
1788643533.4860852,1,0,135677,143771
1788643533.4860973,2,100,135037,143771
1788643533.4861088,3,0,4,143771
1788643534.5939362,0,0,135677,143771
1788643534.5939605,1,0,135677,143771
1788643534.5939732,2,100,135037,143771
1788643534.5939848,3,0,4,143771
1788643535.6793609,0,0,135677,143771
1788643535.679385,1,0,135677,143771
1788643535.679397,2,100,135037,143771
1788643535.6794078,3,0,4,143771
1788643536.767516,0,0,135677,143771
1788643536.7675402,1,0,135677,143771
1788643536.767554,2,100,135037,143771
1788643536.7675648,3,0,4,143771
1788643537.894987,0,0,135677,143771
1788643537.8950112,1,0,135677,143771
1788643537.8950236,2,100,135037,143771
1788643537.895035,3,0,4,143771
1788643538.98395,0,0,135677,143771
1788643538.9839737,1,0,135677,143771
1788643538.9839864,2,100,135037,143771
1788643538.9839983,3,0,4,143771
1788643540.1103227,0,0,135677,143771
1788643540.1103473,1,0,135677,143771
1788643540.1103601,2,100,135037,143771
1788643540.1103718,3,0,4,143771
1788643541.239459,0,0,135677,143771
1788643541.239483,1,0,135677,143771
1788643541.2394946,2,100,135037,143771
1788643541.2395062,3,0,4,143771
1788643542.3729837,0,0,135677,143771
1788643542.3729982,1,0,135677,143771
1788643542.3730052,2,100,135037,143771
1788643542.3730118,3,0,4,143771
1788643543.4990962,0,0,135677,143771
1788643543.4991205,1,0,135677,143771
1788643543.4991333,2,100,135037,143771
1788643543.499162,3,0,4,143771
1788643544.627233,0,0,135677,143771
1788643544.6272566,1,0,135677,143771
1788643544.6272688,2,100,135037,143771
1788643544.6272798,3,0,4,143771
1788643545.755331,0,0,135677,143771
1788643545.7553546,1,0,135677,143771
1788643545.7553673,2,100,135037,143771
1788643545.7553782,3,0,4,143771
1788643546.8834968,0,0,135677,143771
1788643546.8835208,1,0,135677,143771
1788643546.8835337,2,100,135037,143771
1788643546.8835452,3,0,4,143771
1788643547.9912524,0,0,135677,143771
1788643547.991267,1,0,135677,143771
1788643547.9912746,2,100,135037,143771
1788643547.9912813,3,0,4,143771
1788643549.1188295,0,0,135677,143771
1788643549.118854,1,0,135677,143771
1788643549.1188667,2,100,135037,143771
1788643549.1188781,3,0,4,143771
1788643550.2059338,0,0,135677,143771
1788643550.2059584,1,0,135677,143771
1788643550.205971,2,100,135037,143771
1788643550.2059822,3,0,4,143771
1788643551.331541,0,0,135677,143771
1788643551.331565,1,0,135677,143771
1788643551.3315768,2,100,135037,143771
1788643551.3315883,3,0,4,143771
1788643552.4394686,0,0,135677,143771
1788643552.439493,1,0,135677,143771
1788643552.4395049,2,100,135037,143771
1788643552.4395168,3,0,4,143771
1788643553.547599,0,0,135677,143771
1788643553.5476227,1,0,135677,143771
1788643553.5476356,2,100,135037,143771
1788643553.5476463,3,0,4,143771
1788643554.6755993,0,0,135677,143771
1788643554.6756234,1,0,135677,143771
1788643554.675636,2,100,135037,143771
1788643554.6756468,3,0,4,143771
1788643555.7842598,0,0,135677,143771
1788643555.7842839,1,0,135677,143771
1788643555.784296,2,100,135037,143771
1788643555.7843068,3,0,4,143771
1788643556.9337564,0,0,135677,143771
1788643556.933781,1,0,135677,143771
1788643556.933794,2,100,135037,143771
1788643556.933805,3,0,4,143771
1788643558.0596924,0,0,135677,143771
1788643558.0597172,1,0,135677,143771
1788643558.0597305,2,100,135037,143771
1788643558.0597417,3,0,4,143771
1788643559.1897666,0,0,135677,143771
1788643559.1897907,1,0,135677,143771
1788643559.1898038,2,100,135037,143771
1788643559.1898148,3,0,4,143771
1788643560.2964585,0,0,135677,143771
1788643560.296483,1,0,135677,143771
1788643560.2964954,2,100,135037,143771
1788643560.2965066,3,0,4,143771
1788643561.423763,0,0,135677,143771
1788643561.423787,1,0,135677,143771
1788643561.4237993,2,100,135037,143771
1788643561.4238105,3,0,4,143771
1788643562.5321891,0,0,135677,143771
1788643562.5322132,1,0,135677,143771
1788643562.5322258,2,100,135037,143771
1788643562.5322366,3,0,4,143771
1788643563.6396964,0,0,135677,143771
1788643563.6397204,1,0,135677,143771
1788643563.6397336,2,100,135037,143771
1788643563.639745,3,0,4,143771
1788643564.7675018,0,0,135677,143771
1788643564.767526,1,0,135677,143771
1788643564.767538,2,100,135037,143771
1788643564.7675486,3,0,4,143771
1788643565.8959453,0,0,135677,143771
1788643565.8959699,1,0,135677,143771
1788643565.895982,2,100,135037,143771
1788643565.895993,3,0,4,143771
1788643567.0239127,0,0,135677,143771
1788643567.0239375,1,0,135677,143771
1788643567.0239506,2,100,135037,143771
1788643567.0239623,3,0,4,143771
1788643568.1520796,0,0,135677,143771
1788643568.1520944,1,0,135677,143771
1788643568.1521015,2,100,135037,143771
1788643568.152108,3,0,4,143771
1788643569.2801688,0,0,135677,143771
1788643569.2801933,1,0,135677,143771
1788643569.2802064,2,100,135037,143771
1788643569.2802188,3,0,4,143771
1788643570.4081173,0,0,135677,143771
1788643570.4081426,1,0,135677,143771
1788643570.4081562,2,100,135037,143771
1788643570.4081686,3,0,4,143771
1788643571.5362236,0,0,135677,143771
1788643571.5362482,1,0,135677,143771
1788643571.5362604,2,100,135037,143771
1788643571.5362716,3,0,4,143771
1788643572.6639395,0,0,135677,143771
1788643572.6639643,1,0,135677,143771
1788643572.6639767,2,100,135037,143771
1788643572.6639879,3,0,4,143771
1788643573.7723165,0,0,135677,143771
1788643573.7723403,1,0,135677,143771
1788643573.772353,2,100,135037,143771
1788643573.7723644,3,0,4,143771
1788643574.8998497,0,0,135677,143771
1788643574.8998737,1,0,135677,143771
1788643574.8998866,2,100,135037,143771
1788643574.8998983,3,0,4,143771
1788643576.0079234,0,0,135677,143771
1788643576.0079486,1,0,135677,143771
1788643576.0079613,2,100,135037,143771
1788643576.0079722,3,0,4,143771
1788643577.135873,0,0,135677,143771
1788643577.1358974,1,0,135677,143771
1788643577.1359105,2,100,135037,143771
1788643577.135922,3,0,4,143771
1788643578.26397,0,0,135677,143771
1788643578.2639937,1,0,135677,143771
1788643578.2640064,2,100,135037,143771
1788643578.2640185,3,0,4,143771
1788643579.372001,0,0,135677,143771
1788643579.3720245,1,0,135677,143771
1788643579.372038,2,100,135037,143771
1788643579.3720486,3,0,4,143771
1788643580.4801133,0,0,135677,143771
1788643580.4801366,1,0,135677,143771
1788643580.4801488,2,100,135037,143771
1788643580.4801593,3,0,4,143771
1788643581.570721,0,0,135677,143771
1788643581.5707457,1,0,135677,143771
1788643581.570758,2,100,135037,143771
1788643581.5707693,3,0,4,143771
1788643582.7008908,0,0,135677,143771
1788643582.7009158,1,0,135677,143771
1788643582.700928,2,100,135037,143771
1788643582.700939,3,0,4,143771
1788643583.8082142,0,0,135677,143771
1788643583.8082392,1,0,135677,143771
1788643583.8082519,2,100,135037,143771
1788643583.808263,3,0,4,143771
1788643584.936432,0,0,135677,143771
1788643584.9364555,1,0,135677,143771
1788643584.9364684,2,100,135037,143771
1788643584.9364793,3,0,4,143771
1788643586.0272746,0,0,135677,143771
1788643586.0272992,1,0,135677,143771
1788643586.027312,2,100,135037,143771
1788643586.0273228,3,0,4,143771
1788643587.1364806,0,0,135677,143771
1788643587.1365047,1,0,135677,143771
1788643587.136517,2,100,135037,143771
1788643587.1365285,3,0,4,143771
1788643588.243999,0,0,135677,143771
1788643588.2440228,1,0,135677,143771
1788643588.2440362,2,100,135037,143771
1788643588.2440476,3,0,4,143771
1788643589.3495662,0,0,135677,143771
1788643589.3495915,1,0,135677,143771
1788643589.3496027,2,0,135037,143771
1788643589.349613,3,0,4,143771
1788643590.454603,0,0,135677,143771
1788643590.454627,1,0,135677,143771
1788643590.4546394,2,0,135037,143771
1788643590.4546504,3,0,4,143771
1788643591.5698304,0,0,135677,143771
1788643591.5698457,1,0,135677,143771
1788643591.5698524,2,0,135037,143771
1788643591.569858,3,0,1,143771
