timestamp,gpu_index,gpu_utilization,memory_used,memory_total
1788641071.0676146,0,0,135675,143771
1788641071.0676472,1,0,135675,143771
1788641071.0676575,2,100,133669,143771
1788641071.067665,3,0,4,143771
1788641072.1766891,0,0,135675,143771
1788641072.17673,1,35,135675,143771
1788641072.1767437,2,100,133669,143771
1788641072.1767552,3,0,4,143771
1788641073.306802,0,0,135675,143771
1788641073.3068256,1,0,135675,143771
1788641073.3068388,2,100,133669,143771
1788641073.3068495,3,0,4,143771
1788641074.4003851,0,0,135675,143771
1788641074.4004087,1,0,135675,143771
1788641074.4004216,2,100,133669,143771
1788641074.4004326,3,0,4,143771
1788641075.4916935,0,0,135675,143771
1788641075.4917178,1,0,135675,143771
1788641075.4917307,2,100,133669,143771
1788641075.4917412,3,0,4,143771
1788641076.582325,0,15,135675,143771
1788641076.5823495,1,0,135675,143771
1788641076.5823634,2,100,133669,143771
1788641076.5823748,3,0,4,143771
1788641077.7126758,0,27,135675,143771
1788641077.7127006,1,84,135675,143771
1788641077.7127137,2,100,133669,143771
1788641077.7127244,3,0,4,143771
1788641078.8427925,0,9,135675,143771
1788641078.842817,1,47,135675,143771
1788641078.8428307,2,100,133669,143771
1788641078.8428423,3,0,4,143771
1788641079.972009,0,0,135675,143771
1788641079.972033,1,58,135675,143771
1788641079.9720464,2,100,133669,143771
1788641079.9720576,3,0,4,143771
1788641081.0994675,0,20,135675,143771
1788641081.0994923,1,72,135675,143771
1788641081.099506,2,100,133669,143771
1788641081.0995173,3,0,4,143771
1788641082.2267706,0,37,135675,143771
1788641082.2267962,1,34,135675,143771
1788641082.2268093,2,100,133669,143771
1788641082.2268198,3,0,4,143771
1788641083.3542645,0,0,135675,143771
1788641083.3542886,1,0,135675,143771
1788641083.3543012,2,100,133669,143771
1788641083.354313,3,0,4,143771
1788641084.4641225,0,15,135675,143771
1788641084.464148,1,5,135675,143771
1788641084.464161,2,100,133669,143771
1788641084.4641724,3,0,4,143771
1788641085.5915344,0,0,135675,143771
1788641085.5915592,1,5,135675,143771
1788641085.5915716,2,100,133669,143771
1788641085.5915823,3,0,4,143771
1788641086.704225,0,43,135675,143771
1788641086.7042513,1,4,135675,143771
1788641086.7042644,2,100,133669,143771
1788641086.704276,3,0,4,143771
1788641087.8118289,0,12,135675,143771
1788641087.8118534,1,18,135675,143771
1788641087.8118656,2,100,133669,143771
1788641087.811876,3,0,4,143771
1788641088.939635,0,29,135675,143771
1788641088.939662,1,18,135675,143771
1788641088.939675,2,100,133669,143771
1788641088.9396856,3,0,4,143771
1788641090.0675974,0,0,135675,143771
1788641090.0676215,1,0,135675,143771
1788641090.0676343,2,100,133669,143771
1788641090.067645,3,0,4,143771
1788641091.1953564,0,9,135675,143771
1788641091.1953814,1,37,135675,143771
1788641091.1953945,2,100,133669,143771
1788641091.1954052,3,0,4,143771
1788641092.3228867,0,11,135675,143771
1788641092.3229127,1,0,135675,143771
1788641092.322926,2,100,133669,143771
1788641092.3229368,3,0,4,143771
1788641093.451039,0,2,135675,143771
1788641093.451064,1,0,135675,143771
1788641093.451076,2,100,133669,143771
1788641093.451087,3,0,4,143771
1788641094.5785625,0,9,135675,143771
1788641094.578587,1,17,135675,143771
1788641094.5785997,2,100,133669,143771
1788641094.5786102,3,0,4,143771
1788641095.706644,0,32,135675,143771
1788641095.7066689,1,61,135675,143771
1788641095.7066824,2,100,133669,143771
1788641095.7066946,3,0,4,143771
1788641096.8157992,0,0,135675,143771
1788641096.815825,1,0,135675,143771
1788641096.815837,2,100,133669,143771
1788641096.8158479,3,0,4,143771
1788641097.9035554,0,0,135675,143771
1788641097.9035804,1,16,135675,143771
1788641097.9035933,2,97,133669,143771
1788641097.9036038,3,0,4,143771
1788641099.0318751,0,5,135675,143771
1788641099.0318995,1,18,135675,143771
1788641099.0319126,2,100,133669,143771
1788641099.031922,3,0,4,143771
1788641100.139834,0,25,135675,143771
1788641100.1398585,1,20,135675,143771
1788641100.1398716,2,98,133669,143771
1788641100.1398823,3,0,4,143771
1788641101.2667592,0,0,135675,143771
1788641101.2667847,1,1,135675,143771
1788641101.266797,2,96,133669,143771
1788641101.2668068,3,0,4,143771
1788641102.395331,0,14,135675,143771
1788641102.3953557,1,18,135675,143771
1788641102.3953679,2,96,133671,143771
1788641102.3953788,3,0,4,143771
1788641103.5069013,0,4,135675,143771
1788641103.506927,1,10,135675,143771
1788641103.5069392,2,100,133671,143771
1788641103.50695,3,0,4,143771
1788641104.6358464,0,0,135675,143771
1788641104.6358712,1,12,135675,143771
1788641104.6358843,2,100,133671,143771
1788641104.635895,3,0,4,143771
1788641105.7633333,0,3,135675,143771
1788641105.763358,1,0,135675,143771
1788641105.7633698,2,100,133671,143771
1788641105.7633798,3,0,4,143771
1788641106.8912523,0,0,135675,143771
1788641106.8912787,1,29,135675,143771
1788641106.8912926,2,100,133671,143771
1788641106.891305,3,0,4,143771
1788641107.9807808,0,28,135675,143771
1788641107.9808054,1,36,135675,143771
1788641107.9808183,2,100,133671,143771
1788641107.9808288,3,0,4,143771
1788641109.1072133,0,0,135675,143771
1788641109.1072376,1,0,135675,143771
1788641109.1072493,2,100,133671,143771
1788641109.1072605,3,0,4,143771
1788641110.2443528,0,1,135675,143771
1788641110.244379,1,34,135675,143771
1788641110.2443929,2,100,133671,143771
1788641110.2444046,3,0,4,143771
1788641111.3724964,0,14,135675,143771
1788641111.3725207,1,0,135675,143771
1788641111.372533,2,100,133671,143771
1788641111.3725436,3,0,4,143771
1788641112.4995522,0,14,135675,143771
1788641112.4995778,1,18,135675,143771
1788641112.4995904,2,100,133671,143771
1788641112.4996016,3,0,4,143771
1788641113.6274104,0,24,135675,143771
1788641113.627435,1,18,135675,143771
1788641113.6274486,2,100,133671,143771
1788641113.6274598,3,0,4,143771
1788641114.755196,0,17,135675,143771
1788641114.7552202,1,36,135675,143771
1788641114.7552335,2,100,133671,143771
1788641114.7552447,3,0,4,143771
1788641115.8820057,0,0,135675,143771
1788641115.8820293,1,0,135675,143771
1788641115.8820417,2,100,133671,143771
1788641115.8820524,3,0,4,143771
1788641117.0107305,0,14,135675,143771
1788641117.0107555,1,0,135675,143771
1788641117.0107675,2,100,133671,143771
1788641117.0107777,3,0,4,143771
1788641118.1195533,0,0,135675,143771
1788641118.1195774,1,0,135675,143771
1788641118.11959,2,100,133671,143771
1788641118.1196005,3,0,4,143771
1788641119.2451532,0,28,135675,143771
1788641119.2451787,1,55,135675,143771
1788641119.2451916,2,100,133671,143771
1788641119.2452025,3,0,4,143771
1788641120.3719547,0,0,135675,143771
1788641120.371979,1,0,135675,143771
1788641120.3719916,2,100,133671,143771
1788641120.3720024,3,0,4,143771
1788641121.499567,0,51,135675,143771
1788641121.4995909,1,59,135675,143771
1788641121.4996035,2,100,133671,143771
1788641121.499614,3,0,4,143771
1788641122.6274612,0,3,135675,143771
1788641122.6274853,1,0,135675,143771
1788641122.6274974,2,100,133671,143771
1788641122.6275077,3,0,4,143771
1788641123.7554855,0,32,135675,143771
1788641123.7555103,1,5,135675,143771
1788641123.755522,2,99,133671,143771
1788641123.755532,3,0,4,143771
1788641124.8856432,0,0,135675,143771
1788641124.885667,1,7,135675,143771
1788641124.885679,2,100,133671,143771
1788641124.88569,3,0,4,143771
1788641125.9908593,0,0,135675,143771
1788641125.990883,1,0,135675,143771
1788641125.990895,2,100,133671,143771
1788641125.9909053,3,0,4,143771
1788641127.1178353,0,0,135675,143771
1788641127.1178606,1,0,135675,143771
1788641127.1178727,2,100,133671,143771
1788641127.1178834,3,0,4,143771
1788641128.2426684,0,14,135675,143771
1788641128.2426925,1,25,135675,143771
1788641128.2427053,2,100,133671,143771
1788641128.242717,3,0,4,143771
1788641129.3697438,0,28,135675,143771
1788641129.3697684,1,0,135675,143771
1788641129.3697805,2,100,133671,143771
1788641129.369791,3,0,4,143771
1788641130.493811,0,17,135675,143771
1788641130.493835,1,0,135675,143771
1788641130.493848,2,100,133671,143771
1788641130.4938588,3,0,4,143771
1788641131.6178777,0,0,135675,143771
1788641131.6179013,1,0,135675,143771
1788641131.6179135,2,100,133671,143771
1788641131.6179242,3,0,4,143771
1788641132.7220676,0,0,135675,143771
1788641132.7220914,1,18,135675,143771
1788641132.7221043,2,100,133671,143771
1788641132.7221153,3,0,4,143771
1788641133.8505137,0,27,135675,143771
1788641133.8505378,1,18,135675,143771
1788641133.8505497,2,100,133671,143771
1788641133.8505616,3,0,4,143771
1788641134.9395783,0,0,135675,143771
1788641134.939602,1,0,135675,143771
1788641134.9396148,2,100,133671,143771
1788641134.9396265,3,0,4,143771
1788641136.0658803,0,0,135675,143771
1788641136.0659056,1,18,135675,143771
1788641136.0659182,2,100,133671,143771
1788641136.0659294,3,0,4,143771
1788641137.194291,0,41,135675,143771
1788641137.1943154,1,13,135675,143771
1788641137.1943295,2,100,133671,143771
1788641137.1943412,3,0,4,143771
1788641138.3238919,0,14,135675,143771
1788641138.3239162,1,41,135675,143771
1788641138.3239279,2,100,133671,143771
1788641138.3239377,3,0,4,143771
1788641139.4381514,0,0,135675,143771
1788641139.4381773,1,18,135675,143771
1788641139.43819,2,82,133671,143771
1788641139.4382017,3,0,4,143771
1788641140.5637007,0,0,135675,143771
1788641140.5637262,1,19,135675,143771
1788641140.56374,2,100,133671,143771
1788641140.5637517,3,0,4,143771
1788641141.6922398,0,14,135675,143771
1788641141.6922655,1,0,135675,143771
1788641141.6922784,2,83,133671,143771
1788641141.692289,3,0,4,143771
1788641142.8194897,0,0,135675,143771
1788641142.819515,1,18,135675,143771
1788641142.8195267,2,100,133671,143771
1788641142.8195374,3,0,4,143771
1788641143.9075727,0,14,135675,143771
1788641143.9075992,1,0,135675,143771
1788641143.9076118,2,100,133671,143771
1788641143.9076238,3,0,4,143771
1788641145.035825,0,0,135675,143771
1788641145.0358493,1,18,135675,143771
1788641145.0358622,2,100,133671,143771
1788641145.0358725,3,0,4,143771
1788641146.1422725,0,0,135675,143771
1788641146.1422992,1,0,135675,143771
1788641146.1423128,2,100,133671,143771
1788641146.1423242,3,0,4,143771
1788641147.2720609,0,14,135675,143771
1788641147.2720864,1,48,135675,143771
1788641147.272098,2,100,133671,143771
1788641147.272108,3,0,4,143771
1788641148.3990655,0,0,135675,143771
1788641148.3990912,1,69,135675,143771
1788641148.3991044,2,100,133671,143771
1788641148.3991158,3,0,4,143771
1788641149.5271974,0,0,135675,143771
1788641149.5272217,1,0,135675,143771
1788641149.5272343,2,100,133671,143771
1788641149.5272453,3,0,4,143771
1788641150.6343374,0,0,135675,143771
1788641150.6343627,1,0,135675,143771
1788641150.634376,2,87,133671,143771
1788641150.634386,3,0,4,143771
1788641151.742437,0,0,135675,143771
1788641151.7424605,1,16,135675,143771
1788641151.742473,2,100,133671,143771
1788641151.7424824,3,0,4,143771
1788641152.851339,0,0,135675,143771
1788641152.8513632,1,0,135675,143771
1788641152.851376,2,100,133671,143771
1788641152.8513868,3,0,4,143771
1788641153.9395137,0,5,135675,143771
1788641153.9395382,1,18,135675,143771
1788641153.9395504,2,100,133671,143771
1788641153.9395611,3,0,4,143771
1788641155.0460236,0,0,135675,143771
1788641155.046049,1,0,135675,143771
1788641155.0460613,2,80,133671,143771
1788641155.046072,3,0,4,143771
1788641156.1756914,0,14,135675,143771
1788641156.175716,1,22,135675,143771
1788641156.1757271,2,100,133671,143771
1788641156.1757379,3,0,4,143771
1788641157.299533,0,39,135675,143771
1788641157.2995594,1,32,135675,143771
1788641157.299573,2,100,133671,143771
1788641157.299584,3,0,4,143771
1788641158.4073818,0,0,135675,143771
1788641158.4074078,1,35,135675,143771
1788641158.4074206,2,100,133671,143771
1788641158.4074318,3,0,4,143771
1788641159.499267,0,64,135675,143771
1788641159.4992921,1,67,135675,143771
1788641159.4993055,2,100,133671,143771
1788641159.4993157,3,0,4,143771
1788641160.6283212,0,4,135675,143771
1788641160.628346,1,18,135675,143771
1788641160.6283586,2,100,133671,143771
1788641160.6283708,3,0,4,143771
1788641161.7575293,0,14,135675,143771
1788641161.757555,1,0,135675,143771
1788641161.757567,2,82,133671,143771
1788641161.7575774,3,0,4,143771
1788641162.8842354,0,28,135675,143771
1788641162.8842607,1,36,135675,143771
1788641162.8842742,2,100,133671,143771
1788641162.8842854,3,0,4,143771
1788641164.0114677,0,29,135675,143771
1788641164.0114925,1,0,135675,143771
1788641164.0115042,2,100,133671,143771
1788641164.0115142,3,0,4,143771
1788641165.140409,0,0,135675,143771
1788641165.140433,1,2,135675,143771
1788641165.1404455,2,100,133671,143771
1788641165.140457,3,0,4,143771
1788641166.267642,0,19,135675,143771
1788641166.2676666,1,18,135675,143771
1788641166.2676795,2,100,133671,143771
1788641166.267691,3,0,4,143771
1788641167.395351,0,0,135675,143771
1788641167.395375,1,0,135675,143771
1788641167.3953881,2,100,133671,143771
1788641167.3953996,3,0,4,143771
1788641168.5237484,0,0,135675,143771
1788641168.5237737,1,39,135675,143771
1788641168.5237849,2,98,133671,143771
1788641168.5237947,3,0,4,143771
1788641169.6145384,0,12,135675,143771
1788641169.614565,1,15,135675,143771
1788641169.6145773,2,100,133671,143771
1788641169.614589,3,0,4,143771
1788641170.742645,0,0,135675,143771
1788641170.7426693,1,0,135675,143771
1788641170.7426822,2,100,133671,143771
1788641170.7426937,3,0,4,143771
1788641171.871209,0,0,135675,143771
1788641171.8712337,1,19,135675,143771
1788641171.8712473,2,100,133671,143771
1788641171.871258,3,0,4,143771
1788641172.998486,0,29,135675,143771
1788641172.9985096,1,25,135675,143771
1788641172.9985216,2,100,133671,143771
1788641172.9985313,3,0,4,143771
1788641174.1106205,0,0,135675,143771
1788641174.1106453,1,0,135675,143771
1788641174.1106575,2,100,133671,143771
1788641174.110669,3,0,4,143771
1788641175.1999092,0,14,135675,143771
1788641175.1999345,1,8,135675,143771
1788641175.1999464,2,100,133671,143771
1788641175.1999567,3,0,4,143771
1788641176.3269987,0,14,135675,143771
1788641176.3270245,1,0,135675,143771
1788641176.3270373,2,100,133671,143771
1788641176.3270478,3,0,4,143771
1788641177.4565148,0,29,135675,143771
1788641177.4565399,1,0,135675,143771
1788641177.456552,2,100,133671,143771
1788641177.456563,3,0,4,143771
1788641178.5434473,0,0,135675,143771
1788641178.543472,1,0,135675,143771
1788641178.5434847,2,98,133671,143771
1788641178.5434964,3,0,4,143771
1788641179.6722457,0,0,135675,143771
1788641179.6722705,1,18,135675,143771
1788641179.6722834,2,100,133671,143771
1788641179.6722941,3,0,4,143771
1788641180.8002458,0,14,135675,143771
1788641180.8002708,1,0,135675,143771
1788641180.800284,2,100,133671,143771
1788641180.8002946,3,0,4,143771
1788641181.9282584,0,14,135675,143771
1788641181.928283,1,36,135675,143771
1788641181.9282942,2,100,133671,143771
1788641181.9283042,3,0,4,143771
1788641183.0154448,0,26,135675,143771
1788641183.0154722,1,18,135675,143771
1788641183.0154846,2,100,133671,143771
1788641183.0154958,3,0,4,143771
1788641184.1036425,0,14,135675,143771
1788641184.1036675,1,0,135675,143771
1788641184.1036794,2,100,133671,143771
1788641184.10369,3,0,4,143771
1788641185.2303386,0,0,135675,143771
1788641185.230363,1,0,135675,143771
1788641185.2303758,2,65,133671,143771
1788641185.2303865,3,0,4,143771
1788641186.3387663,0,14,135675,143771
1788641186.3387907,1,18,135675,143771
1788641186.3388023,2,100,133671,143771
1788641186.3388128,3,0,4,143771
1788641187.47095,0,0,135675,143771
1788641187.470974,1,0,135675,143771
1788641187.470986,2,100,133671,143771
1788641187.4709966,3,0,4,143771
1788641188.5598133,0,15,135675,143771
1788641188.5598376,1,13,135675,143771
1788641188.5598505,2,100,133671,143771
1788641188.559861,3,0,4,143771
1788641189.6865234,0,48,135675,143771
1788641189.686549,1,8,135675,143771
1788641189.686561,2,83,133671,143771
1788641189.6865716,3,0,4,143771
1788641190.8152578,0,28,135675,143771
1788641190.815283,1,29,135675,143771
1788641190.815295,2,100,133671,143771
1788641190.8153052,3,0,4,143771
1788641191.9238408,0,16,135675,143771
1788641191.923866,1,10,135675,143771
1788641191.9238784,2,100,133671,143771
1788641191.9238892,3,0,4,143771
1788641193.0510128,0,28,135675,143771
1788641193.051037,1,37,135675,143771
1788641193.0510492,2,100,133671,143771
1788641193.05106,3,0,4,143771
1788641194.1421397,0,14,135675,143771
1788641194.1421642,1,18,135675,143771
1788641194.1421766,2,100,133671,143771
1788641194.1421876,3,0,4,143771
1788641195.2738638,0,43,135675,143771
1788641195.2738886,1,38,135675,143771
1788641195.2739005,2,100,133671,143771
1788641195.2739115,3,0,4,143771
1788641196.3796105,0,0,135675,143771
1788641196.379635,1,18,135675,143771
1788641196.3796487,2,100,133671,143771
1788641196.3796606,3,0,4,143771
1788641197.5075054,0,0,135675,143771
1788641197.507531,1,0,135675,143771
1788641197.507543,2,100,133671,143771
1788641197.507553,3,0,4,143771
1788641198.6354198,0,0,135675,143771
1788641198.635464,1,0,135675,143771
1788641198.6354768,2,100,133671,143771
1788641198.6354883,3,0,4,143771
1788641199.7428396,0,0,135675,143771
1788641199.742864,1,0,135675,143771
1788641199.7428753,2,100,133671,143771
1788641199.742886,3,0,4,143771
1788641200.8714793,0,0,135675,143771
1788641200.871503,1,0,135675,143771
1788641200.871516,2,100,133671,143771
1788641200.8715272,3,0,4,143771
1788641201.9783626,0,0,135675,143771
1788641201.9783862,1,0,135675,143771
1788641201.9783988,2,100,133671,143771
1788641201.9784095,3,0,4,143771
1788641203.086279,0,0,135675,143771
1788641203.0863035,1,0,135675,143771
1788641203.0863168,2,100,133671,143771
1788641203.086328,3,0,4,143771
1788641204.214566,0,0,135675,143771
1788641204.2145896,1,0,135675,143771
1788641204.2146025,2,89,133671,143771
1788641204.2146132,3,0,4,143771
1788641205.303781,0,0,135675,143771
1788641205.303805,1,0,135675,143771
1788641205.303817,2,100,133671,143771
1788641205.303828,3,0,4,143771
1788641206.3921044,0,0,135675,143771
1788641206.3921292,1,0,135675,143771
1788641206.3921428,2,100,133671,143771
1788641206.3921552,3,0,4,143771
1788641207.4997313,0,0,135675,143771
1788641207.4997556,1,0,135675,143771
1788641207.4997678,2,96,133671,143771
1788641207.499779,3,0,4,143771
1788641208.5876515,0,0,135675,143771
1788641208.5876768,1,0,135675,143771
1788641208.5876884,2,100,133671,143771
1788641208.5877,3,0,4,143771
1788641209.6751623,0,0,135675,143771
1788641209.6751878,1,0,135675,143771
1788641209.675201,2,76,133671,143771
1788641209.675213,3,0,4,143771
1788641210.7634933,0,0,135675,143771
1788641210.763519,1,0,135675,143771
1788641210.7635324,2,100,133671,143771
1788641210.7635438,3,0,4,143771
1788641211.8520567,0,0,135675,143771
1788641211.8520813,1,0,135675,143771
1788641211.8520935,2,100,133671,143771
1788641211.8521047,3,0,4,143771
1788641212.9790993,0,0,135675,143771
1788641212.9791245,1,0,135675,143771
1788641212.979138,2,100,133671,143771
1788641212.9791496,3,0,4,143771
1788641214.0679753,0,0,135675,143771
1788641214.068,1,0,135675,143771
1788641214.0680113,2,100,133671,143771
1788641214.0680227,3,0,4,143771
1788641215.156128,0,0,135675,143771
1788641215.1561527,1,0,135675,143771
1788641215.1561654,2,96,133671,143771
1788641215.1561768,3,0,4,143771
1788641216.262036,0,0,135675,143771
1788641216.2620614,1,0,135675,143771
1788641216.262075,2,100,133671,143771
1788641216.262086,3,0,4,143771
1788641217.3516521,0,0,135675,143771
1788641217.3516767,1,0,135675,143771
1788641217.351689,2,100,133671,143771
1788641217.3516998,3,0,4,143771
1788641218.4787562,0,0,135675,143771
1788641218.4787805,1,0,135675,143771
1788641218.4787931,2,100,133671,143771
1788641218.4788039,3,0,4,143771
1788641219.5641935,0,0,135675,143771
1788641219.5642178,1,0,135675,143771
1788641219.5642302,2,100,133671,143771
1788641219.5642412,3,0,4,143771
1788641220.6709564,0,0,135675,143771
1788641220.6709812,1,0,135675,143771
1788641220.6709936,2,100,133671,143771
1788641220.6710045,3,0,4,143771
1788641221.778404,0,0,135675,143771
1788641221.778429,1,0,135675,143771
1788641221.7784417,2,90,133671,143771
1788641221.7784534,3,0,4,143771
1788641222.9059489,0,0,135675,143771
1788641222.9059732,1,0,135675,143771
1788641222.9059858,2,100,133671,143771
1788641222.9060106,3,0,4,143771
1788641224.0099115,0,0,135675,143771
1788641224.0099356,1,0,135675,143771
1788641224.0099485,2,100,133671,143771
1788641224.0099595,3,0,4,143771
1788641225.0954263,0,0,135675,143771
1788641225.095451,1,0,135675,143771
1788641225.0954635,2,100,133671,143771
1788641225.0954742,3,0,4,143771
1788641226.2226164,0,0,135675,143771
1788641226.2226412,1,0,135675,143771
1788641226.2226534,2,77,133671,143771
1788641226.2226639,3,0,4,143771
1788641227.346267,0,0,135675,143771
1788641227.3462913,1,0,135675,143771
1788641227.346304,2,100,133671,143771
1788641227.3463147,3,0,4,143771
1788641228.4355774,0,0,135675,143771
1788641228.435602,1,0,135675,143771
1788641228.4356136,2,100,133671,143771
1788641228.435625,3,0,4,143771
1788641229.5621078,0,0,135675,143771
1788641229.5621328,1,0,135675,143771
1788641229.5621455,2,92,133671,143771
1788641229.5621562,3,0,4,143771
1788641230.6863315,0,0,135675,143771
1788641230.6863563,1,0,135675,143771
1788641230.6863685,2,100,133671,143771
1788641230.6863794,3,0,4,143771
1788641231.7900393,0,0,135675,143771
1788641231.7900643,1,0,135675,143771
1788641231.7900767,2,100,133671,143771
1788641231.7900875,3,0,4,143771
1788641232.8940306,0,0,135675,143771
1788641232.894055,1,0,135675,143771
1788641232.8940673,2,83,133671,143771
1788641232.8940783,3,0,4,143771
1788641233.9986105,0,0,135675,143771
1788641233.998635,1,0,135675,143771
1788641233.9986475,2,100,133671,143771
1788641233.9986584,3,0,4,143771
1788641235.1224556,0,0,135675,143771
1788641235.1224804,1,0,135675,143771
1788641235.1224933,2,100,133671,143771
1788641235.1225042,3,0,4,143771
1788641236.247165,0,0,135675,143771
1788641236.24719,1,0,135675,143771
1788641236.2472014,2,98,133671,143771
1788641236.2472122,3,0,4,143771
1788641237.3557148,0,0,135675,143771
1788641237.3557394,1,0,135675,143771
1788641237.3557518,2,100,133671,143771
1788641237.3557627,3,0,4,143771
1788641238.4441643,0,0,135675,143771
1788641238.4441886,1,0,135675,143771
1788641238.4442008,2,100,133671,143771
1788641238.4442122,3,0,4,143771
1788641239.5510833,0,0,135675,143771
1788641239.5511074,1,0,135675,143771
1788641239.5511198,2,100,133671,143771
1788641239.5511308,3,0,4,143771
1788641240.6782966,0,0,135675,143771
1788641240.678321,1,0,135675,143771
1788641240.6783333,2,100,133671,143771
1788641240.6783442,3,0,4,143771
1788641241.80679,0,0,135675,143771
1788641241.8068135,1,0,135675,143771
1788641241.8068264,2,100,133671,143771
1788641241.8068368,3,0,4,143771
1788641242.8916867,0,0,135675,143771
1788641242.891711,1,0,135675,143771
1788641242.891723,2,68,133671,143771
1788641242.8917332,3,0,4,143771
1788641243.9983766,0,0,135675,143771
1788641243.9984012,1,0,135675,143771
1788641243.998414,2,84,133671,143771
1788641243.9984245,3,0,4,143771
1788641245.0835617,0,0,135675,143771
1788641245.0835855,1,0,135675,143771
1788641245.0835977,2,100,133671,143771
1788641245.0836084,3,0,4,143771
1788641246.2109237,0,0,135675,143771
1788641246.2109475,1,0,135675,143771
1788641246.2109592,2,100,133671,143771
1788641246.2109704,3,0,4,143771
1788641247.2998369,0,0,135675,143771
1788641247.2998607,1,0,135675,143771
1788641247.2998724,2,100,133671,143771
1788641247.2998838,3,0,4,143771
1788641248.4075618,0,0,135675,143771
1788641248.4075863,1,0,135675,143771
1788641248.4075985,2,100,133671,143771
1788641248.4076087,3,0,4,143771
1788641249.4959025,0,0,135675,143771
1788641249.4959273,1,0,135675,143771
1788641249.4959402,2,100,133671,143771
1788641249.4959512,3,0,4,143771
1788641250.6219196,0,0,135675,143771
1788641250.6219444,1,0,135675,143771
1788641250.6219563,2,98,133671,143771
1788641250.621967,3,0,4,143771
1788641251.7112877,0,0,135675,143771
1788641251.711312,1,0,135675,143771
1788641251.711324,2,83,133671,143771
1788641251.7113345,3,0,4,143771
1788641252.7999885,0,0,135675,143771
1788641252.800013,1,0,135675,143771
1788641252.8000255,2,100,133671,143771
1788641252.8000364,3,0,4,143771
1788641253.8877268,0,0,135675,143771
1788641253.887751,1,0,135675,143771
1788641253.887763,2,100,133671,143771
1788641253.887774,3,0,4,143771
1788641254.9939208,0,0,135675,143771
1788641254.9939451,1,0,135675,143771
1788641254.993957,2,91,134577,143771
1788641254.9939678,3,0,4,143771
1788641256.1178877,0,0,135675,143771
1788641256.117912,1,0,135675,143771
1788641256.1179235,2,100,134577,143771
1788641256.1179347,3,0,4,143771
1788641257.223102,0,0,135675,143771
1788641257.223127,1,0,135675,143771
1788641257.2231386,2,100,134577,143771
1788641257.2231493,3,0,4,143771
1788641258.3309066,0,0,135675,143771
1788641258.3309321,1,0,135675,143771
1788641258.3309445,2,100,134577,143771
1788641258.330955,3,0,4,143771
1788641259.4382606,0,0,135675,143771
1788641259.4382849,1,0,135675,143771
1788641259.438297,2,84,134577,143771
1788641259.4383073,3,0,4,143771
1788641260.54647,0,0,135675,143771
1788641260.5464938,1,0,135675,143771
1788641260.546506,2,100,134577,143771
1788641260.5465176,3,0,4,143771
1788641261.6709967,0,0,135675,143771
1788641261.6710212,1,0,135675,143771
1788641261.6710339,2,100,134577,143771
1788641261.6710455,3,0,4,143771
1788641262.759666,0,0,135675,143771
1788641262.7596905,1,0,135675,143771
1788641262.7597036,2,100,134577,143771
1788641262.7597144,3,0,4,143771
1788641263.8476973,0,0,135675,143771
1788641263.8477216,1,0,135675,143771
1788641263.8477337,2,100,135485,143771
1788641263.8477447,3,0,4,143771
1788641264.9539492,0,0,135675,143771
1788641264.9539733,1,0,135675,143771
1788641264.9539855,2,100,135485,143771
1788641264.9539967,3,0,4,143771
1788641266.0573623,0,0,135675,143771
1788641266.0573874,1,0,135675,143771
1788641266.0574,2,100,135485,143771
1788641266.057411,3,0,4,143771
1788641267.1630845,0,0,135675,143771
1788641267.1631083,1,0,135675,143771
1788641267.1631207,2,100,136423,143771
1788641267.163131,3,0,4,143771
1788641268.251374,0,0,135675,143771
1788641268.2513976,1,0,135675,143771
1788641268.2514093,2,100,136423,143771
1788641268.2514203,3,0,4,143771
1788641269.3782153,0,0,135675,143771
1788641269.3782394,1,0,135675,143771
1788641269.3782518,2,100,136423,143771
1788641269.3782623,3,0,4,143771
1788641270.5069892,0,0,135675,143771
1788641270.507014,1,0,135675,143771
1788641270.5070267,2,100,136423,143771
1788641270.5070384,3,0,4,143771
1788641271.6142182,0,0,135675,143771
1788641271.6142428,1,0,135675,143771
1788641271.614256,2,68,137385,143771
1788641271.6142662,3,0,4,143771
1788641272.7225828,0,0,135675,143771
1788641272.7226079,1,0,135675,143771
1788641272.7226205,2,100,137385,143771
1788641272.7226315,3,0,4,143771
1788641273.8477905,0,0,135675,143771
1788641273.8478148,1,0,135675,143771
1788641273.8478274,2,100,137385,143771
1788641273.8478384,3,0,4,143771
1788641274.9356983,0,0,135675,143771
1788641274.9357219,1,0,135675,143771
1788641274.935735,2,100,137385,143771
1788641274.9357455,3,0,4,143771
1788641276.0628064,0,0,135675,143771
1788641276.0628304,1,0,135675,143771
1788641276.062843,2,85,137385,143771
1788641276.0628533,3,0,4,143771
1788641277.1708539,0,0,135675,143771
1788641277.1708777,1,0,135675,143771
1788641277.17089,2,100,137385,143771
1788641277.170901,3,0,4,143771
1788641278.2787125,0,0,135675,143771
1788641278.2787368,1,0,135675,143771
1788641278.278749,2,100,137385,143771
1788641278.27876,3,0,4,143771
1788641279.3679354,0,0,135675,143771
1788641279.3679597,1,0,135675,143771
1788641279.3679717,2,43,137385,143771
1788641279.367982,3,0,4,143771
1788641280.499247,0,0,135675,143771
1788641280.4992707,1,0,135675,143771
1788641280.4992828,2,100,137385,143771
1788641280.499294,3,0,4,143771
1788641281.6278808,0,0,135675,143771
1788641281.6279056,1,0,135675,143771
1788641281.6279185,2,100,137385,143771
1788641281.6279297,3,0,4,143771
1788641282.7154617,0,0,135675,143771
1788641282.7154868,1,0,135675,143771
1788641282.7154994,2,93,137385,143771
1788641282.715511,3,0,4,143771
1788641283.823413,0,0,135675,143771
1788641283.823428,1,0,135675,143771
1788641283.8234346,2,100,137385,143771
1788641283.8234408,3,0,4,143771
1788641284.913255,0,0,135675,143771
1788641284.9132786,1,0,135675,143771
1788641284.913291,2,64,137385,143771
1788641284.9133012,3,0,4,143771
1788641286.0379117,0,0,135675,143771
1788641286.0379353,1,0,135675,143771
1788641286.0379474,2,80,137385,143771
1788641286.0379581,3,0,4,143771
1788641287.1272159,0,0,135675,143771
1788641287.12724,1,0,135675,143771
1788641287.1272516,2,98,137385,143771
1788641287.127277,3,0,4,143771
1788641288.2542033,0,0,135675,143771
1788641288.2542222,1,0,135675,143771
1788641288.2542315,2,100,137385,143771
1788641288.2542393,3,0,4,143771
1788641289.3395047,0,0,135675,143771
1788641289.3395288,1,0,135675,143771
1788641289.3395412,2,100,137385,143771
1788641289.3395517,3,0,4,143771
1788641290.4275808,0,0,135675,143771
1788641290.4276054,1,0,135675,143771
1788641290.4276175,2,100,137385,143771
1788641290.427629,3,0,4,143771
1788641291.5157375,0,0,135675,143771
1788641291.5157623,1,0,135675,143771
1788641291.5157747,2,100,137385,143771
1788641291.5157857,3,0,4,143771
1788641292.6033688,0,0,135675,143771
1788641292.6033933,1,0,135675,143771
1788641292.6034052,2,100,137385,143771
1788641292.6034157,3,0,4,143771
1788641293.6913683,0,0,135675,143771
1788641293.6913931,1,0,135675,143771
1788641293.6914053,2,100,137385,143771
1788641293.6914165,3,0,4,143771
1788641294.8174024,0,0,135675,143771
1788641294.8174264,1,0,135675,143771
1788641294.8174384,2,100,137385,143771
1788641294.8174489,3,0,4,143771
1788641295.9422965,0,0,135675,143771
1788641295.9423208,1,0,135675,143771
1788641295.9423337,2,100,137385,143771
1788641295.9423447,3,0,4,143771
1788641297.0318987,0,0,135675,143771
1788641297.0319235,1,0,135675,143771
1788641297.0319352,2,100,137385,143771
1788641297.0319462,3,0,4,143771
1788641298.1383452,0,0,135675,143771
1788641298.1383693,1,0,135675,143771
1788641298.1383815,2,100,137385,143771
1788641298.138392,3,0,4,143771
1788641299.246995,0,0,135675,143771
1788641299.247019,1,0,135675,143771
1788641299.2470322,2,100,137385,143771
1788641299.2470436,3,0,4,143771
1788641300.3746579,0,0,135675,143771
1788641300.374682,1,0,135675,143771
1788641300.3746946,2,100,137385,143771
1788641300.3747063,3,0,4,143771
1788641301.4599335,0,0,135675,143771
1788641301.4599583,1,0,135675,143771
1788641301.4599707,2,100,137385,143771
1788641301.4599812,3,0,4,143771
1788641302.5863495,0,0,135675,143771
1788641302.5863738,1,0,135675,143771
1788641302.5863867,2,100,137385,143771
1788641302.5863974,3,0,4,143771
1788641303.6755598,0,0,135675,143771
1788641303.675578,1,0,135675,143771
1788641303.6755872,2,100,137385,143771
1788641303.675595,3,0,4,143771
1788641304.763395,0,0,135675,143771
1788641304.7634194,1,0,135675,143771
1788641304.763432,2,100,137385,143771
1788641304.763443,3,0,4,143771
1788641305.8901687,0,0,135675,143771
1788641305.8901932,1,0,135675,143771
1788641305.8902059,2,100,137385,143771
1788641305.890217,3,0,4,143771
1788641306.9810858,0,0,135675,143771
1788641306.9811099,1,0,135675,143771
1788641306.981123,2,100,137385,143771
1788641306.9811344,3,0,4,143771
1788641308.0868325,0,0,135675,143771
1788641308.0868573,1,0,135675,143771
1788641308.0868692,2,100,137385,143771
1788641308.0868804,3,0,4,143771
1788641309.1756382,0,0,135675,143771
1788641309.1756628,1,0,135675,143771
1788641309.175675,2,81,137385,143771
1788641309.175686,3,0,4,143771
1788641310.3022146,0,0,135675,143771
1788641310.3022404,1,0,135675,143771
1788641310.3022528,2,85,137385,143771
1788641310.3022633,3,0,4,143771
1788641311.429887,0,0,135675,143771
1788641311.429911,1,0,135675,143771
1788641311.4299228,2,100,138351,143771
1788641311.4299338,3,0,4,143771
1788641312.5758998,0,0,135675,143771
1788641312.5759234,1,0,135675,143771
1788641312.5759363,2,78,138351,143771
1788641312.5759478,3,0,4,143771
1788641313.7032013,0,0,135675,143771
1788641313.7032273,1,0,135675,143771
1788641313.7032402,2,100,138351,143771
1788641313.7032516,3,0,4,143771
1788641314.8127985,0,0,135675,143771
1788641314.8128235,1,0,135675,143771
1788641314.812836,2,100,138351,143771
1788641314.8128467,3,0,4,143771
1788641315.9390848,0,0,135675,143771
1788641315.9391093,1,0,135675,143771
1788641315.9391217,2,94,138351,143771
1788641315.9391322,3,0,4,143771
1788641317.047091,0,0,135675,143771
1788641317.0471146,1,0,135675,143771
1788641317.0471272,2,92,138351,143771
1788641317.0471385,3,0,4,143771
1788641318.1541932,0,0,135675,143771
1788641318.1542177,1,0,135675,143771
1788641318.1542296,2,55,138351,143771
1788641318.1542406,3,0,4,143771
1788641319.2619991,0,0,135675,143771
1788641319.2620237,1,0,135675,143771
1788641319.2620363,2,100,138351,143771
1788641319.2620468,3,0,4,143771
1788641320.386171,0,0,135675,143771
1788641320.3861954,1,0,135675,143771
1788641320.386208,2,100,138351,143771
1788641320.3862188,3,0,4,143771
1788641321.4717274,0,0,135675,143771
1788641321.4717517,1,0,135675,143771
1788641321.4717646,2,100,138351,143771
1788641321.4717753,3,0,4,143771
1788641322.5618749,0,0,135675,143771
1788641322.5618992,1,0,135675,143771
1788641322.5619118,2,100,138351,143771
1788641322.561923,3,0,4,143771
1788641323.651943,0,0,135675,143771
1788641323.6519668,1,0,135675,143771
1788641323.6519794,2,85,138351,143771
1788641323.65199,3,0,4,143771
1788641324.7584882,0,0,135675,143771
1788641324.7585132,1,0,135675,143771
1788641324.7585263,2,85,138351,143771
1788641324.7585363,3,0,4,143771
1788641325.844266,0,0,135675,143771
1788641325.8442895,1,0,135675,143771
1788641325.8443024,2,100,138351,143771
1788641325.8443136,3,0,4,143771
1788641326.9316757,0,0,135675,143771
1788641326.9317,1,0,135675,143771
1788641326.931712,2,100,138351,143771
1788641326.9317236,3,0,4,143771
1788641328.0584939,0,0,135675,143771
1788641328.0585194,1,0,135675,143771
1788641328.058532,2,98,138351,143771
1788641328.0585423,3,0,4,143771
1788641329.1861677,0,0,135675,143771
1788641329.1861928,1,0,135675,143771
1788641329.1862047,2,100,138351,143771
1788641329.1862156,3,0,4,143771
1788641330.3115492,0,0,135675,143771
1788641330.3115737,1,0,135675,143771
1788641330.3115864,2,100,138351,143771
1788641330.3115973,3,0,4,143771
1788641331.438134,0,0,135675,143771
1788641331.438158,1,0,135675,143771
1788641331.4381704,2,100,138351,143771
1788641331.4381824,3,0,4,143771
1788641332.5236993,0,0,135675,143771
1788641332.5237236,1,0,135675,143771
1788641332.523736,2,54,138351,143771
1788641332.523746,3,0,4,143771
1788641333.6508093,0,0,135675,143771
1788641333.6508336,1,0,135675,143771
1788641333.6508467,2,100,138351,143771
1788641333.6508572,3,0,4,143771
1788641334.7396352,0,0,135675,143771
1788641334.7396595,1,0,135675,143771
1788641334.7396717,2,58,139357,143771
1788641334.7396832,3,0,4,143771
1788641335.8276398,0,0,135675,143771
1788641335.8276641,1,0,135675,143771
1788641335.827676,2,94,139357,143771
1788641335.8276863,3,0,4,143771
1788641336.9154787,0,0,135675,143771
1788641336.9155033,1,0,135675,143771
1788641336.9155157,2,100,139357,143771
1788641336.9155264,3,0,4,143771
1788641338.0035136,0,0,135675,143771
1788641338.0035384,1,0,135675,143771
1788641338.0035508,2,100,139357,143771
1788641338.003561,3,0,4,143771
1788641339.1316798,0,0,135675,143771
1788641339.1316948,1,0,135675,143771
1788641339.1317022,2,100,139357,143771
1788641339.1317086,3,0,4,143771
1788641340.2194657,0,0,135675,143771
1788641340.2194898,1,0,135675,143771
1788641340.2195015,2,100,139357,143771
1788641340.219513,3,0,4,143771
1788641341.3076289,0,0,135675,143771
1788641341.3076813,1,0,135675,143771
1788641341.3076932,2,91,139357,143771
1788641341.3077035,3,0,4,143771
1788641342.4149327,0,0,135675,143771
1788641342.4149573,1,0,135675,143771
1788641342.4149687,2,100,139357,143771
1788641342.4149797,3,0,4,143771
1788641343.5036008,0,0,135675,143771
1788641343.5036254,1,0,135675,143771
1788641343.5036378,2,100,139357,143771
1788641343.5036485,3,0,4,143771
1788641344.630978,0,0,135675,143771
1788641344.6310024,1,0,135675,143771
1788641344.6310155,2,100,140415,143771
1788641344.6310265,3,0,4,143771
1788641345.7198904,0,0,135675,143771
1788641345.719915,1,0,135675,143771
1788641345.7199273,2,100,140415,143771
1788641345.7199378,3,0,4,143771
1788641346.826438,0,0,135675,143771
1788641346.8264625,1,0,135675,143771
1788641346.8264756,2,100,141579,143771
1788641346.8264863,3,0,4,143771
1788641347.9591272,0,0,135675,143771
1788641347.9591513,1,0,135675,143771
1788641347.9591646,2,100,141579,143771
1788641347.9591753,3,0,4,143771
1788641349.047812,0,0,135675,143771
1788641349.047836,1,0,135675,143771
1788641349.047848,2,100,141579,143771
1788641349.0478585,3,0,4,143771
1788641350.1359327,0,0,135675,143771
1788641350.1359575,1,0,135675,143771
1788641350.1359699,2,100,141579,143771
1788641350.1359801,3,0,4,143771
1788641351.2626936,0,0,135675,143771
1788641351.2627187,1,0,135675,143771
1788641351.2627313,2,100,141579,143771
1788641351.2627559,3,0,4,143771
1788641352.3518677,0,0,135675,143771
1788641352.3518927,1,0,135675,143771
1788641352.3519056,2,100,141579,143771
1788641352.3519166,3,0,4,143771
1788641353.4395118,0,0,135675,143771
1788641353.4395359,1,0,135675,143771
1788641353.4395483,2,71,141579,143771
1788641353.4395592,3,0,4,143771
1788641354.5666175,0,0,135675,143771
1788641354.5666418,1,0,135675,143771
1788641354.5666542,2,100,141579,143771
1788641354.5666642,3,0,4,143771
1788641355.655656,0,0,135675,143771
1788641355.6556804,1,0,135675,143771
1788641355.6556928,2,100,141579,143771
1788641355.6557033,3,0,4,143771
1788641356.762444,0,0,135675,143771
1788641356.762468,1,0,135675,143771
1788641356.76248,2,88,141579,143771
1788641356.7624905,3,0,4,143771
1788641357.8903666,0,0,135675,143771
1788641357.8903913,1,0,135675,143771
1788641357.8904035,2,100,141579,143771
1788641357.890415,3,0,4,143771
1788641358.9798014,0,0,135675,143771
1788641358.9798257,1,0,135675,143771
1788641358.9798377,2,100,141579,143771
1788641358.9798489,3,0,4,143771
1788641360.0678957,0,0,135675,143771
1788641360.0679207,1,0,135675,143771
1788641360.0679328,2,100,141579,143771
1788641360.0679433,3,0,4,143771
1788641361.174756,0,0,135675,143771
1788641361.1747806,1,0,135675,143771
1788641361.1747935,2,100,141579,143771
1788641361.1748044,3,0,4,143771
1788641362.2981133,0,0,135675,143771
1788641362.2981381,1,0,135675,143771
1788641362.2981498,2,100,141579,143771
1788641362.2981608,3,0,4,143771
1788641363.3835626,0,0,135675,143771
1788641363.3835866,1,0,135675,143771
1788641363.3835993,2,100,141579,143771
1788641363.3836105,3,0,4,143771
1788641364.5098965,0,0,135675,143771
1788641364.5099206,1,0,135675,143771
1788641364.509933,2,100,141579,143771
1788641364.5099435,3,0,4,143771
1788641365.5959778,0,0,135675,143771
1788641365.596002,1,0,135675,143771
1788641365.5960152,2,100,141579,143771
1788641365.596027,3,0,4,143771
1788641366.7216783,0,0,135675,143771
1788641366.7217023,1,0,135675,143771
1788641366.7217155,2,89,141579,143771
1788641366.7217264,3,0,4,143771
1788641367.8084953,0,0,135675,143771
1788641367.8085196,1,0,135675,143771
1788641367.8085318,2,91,141579,143771
1788641367.8085418,3,0,4,143771
1788641368.9354694,0,0,135675,143771
1788641368.935494,1,0,135675,143771
1788641368.9355056,2,100,141579,143771
1788641368.935516,3,0,4,143771
1788641370.0237215,0,0,135675,143771
1788641370.0237463,1,0,135675,143771
1788641370.0237594,2,100,141579,143771
1788641370.0237708,3,0,4,143771
1788641371.1512506,0,0,135675,143771
1788641371.1512747,1,0,135675,143771
1788641371.1512876,2,100,141579,143771
1788641371.1512988,3,0,4,143771
1788641372.2788713,0,0,135675,143771
1788641372.2788959,1,0,135675,143771
1788641372.2789083,2,100,141579,143771
1788641372.278919,3,0,4,143771
1788641373.4056358,0,0,135675,143771
1788641373.4056606,1,0,135675,143771
1788641373.4056733,2,100,141579,143771
1788641373.4056842,3,0,4,143771
1788641374.5303729,0,0,135675,143771
1788641374.5303972,1,0,135675,143771
1788641374.5304096,2,100,141579,143771
1788641374.5304208,3,0,4,143771
1788641375.6231794,0,0,135675,143771
1788641375.6231935,1,0,135675,143771
1788641375.6232004,2,98,141579,143771
1788641375.6232066,3,0,4,143771
1788641376.750983,0,0,135675,143771
1788641376.7510083,1,0,135675,143771
1788641376.7510204,2,100,141579,143771
1788641376.7510316,3,0,4,143771
1788641377.8786516,0,0,135675,143771
1788641377.878676,1,0,135675,143771
1788641377.878688,2,100,141579,143771
1788641377.8786986,3,0,4,143771
1788641378.9867737,0,0,135675,143771
1788641378.9867978,1,0,135675,143771
1788641378.9868104,2,100,141579,143771
1788641378.9868214,3,0,4,143771
1788641380.0756118,0,0,135675,143771
1788641380.0756361,1,0,135675,143771
1788641380.0756493,2,100,141579,143771
1788641380.075661,3,0,4,143771
1788641381.1823237,0,0,135675,143771
1788641381.1823487,1,0,135675,143771
1788641381.182361,2,97,141579,143771
1788641381.1823714,3,0,4,143771
1788641382.2725923,0,0,135675,143771
1788641382.272617,1,0,135675,143771
1788641382.2726293,2,100,141579,143771
1788641382.2726405,3,0,4,143771
1788641383.3600163,0,0,135675,143771
1788641383.3600407,1,0,135675,143771
1788641383.360053,2,100,141579,143771
1788641383.360064,3,0,4,143771
1788641384.4476109,0,0,135675,143771
1788641384.4476354,1,0,135675,143771
1788641384.4476483,2,100,141579,143771
1788641384.447659,3,0,4,143771
1788641385.5753841,0,0,135675,143771
1788641385.5754085,1,0,135675,143771
1788641385.5754209,2,100,141579,143771
1788641385.575431,3,0,4,143771
1788641386.6633527,0,0,135675,143771
1788641386.663378,1,0,135675,143771
1788641386.6633902,2,100,141579,143771
1788641386.6634014,3,0,4,143771
1788641387.791282,0,0,135675,143771
1788641387.791306,1,0,135675,143771
1788641387.791318,2,100,141579,143771
1788641387.7913284,3,0,4,143771
1788641388.9545505,0,0,135675,143771
1788641388.954575,1,0,135675,143771
1788641388.9545872,2,100,141579,143771
1788641388.9545987,3,0,4,143771
1788641390.083931,0,0,135675,143771
1788641390.0839558,1,0,135675,143771
1788641390.0839684,2,100,141579,143771
1788641390.0839794,3,0,4,143771
1788641391.1717653,0,0,135675,143771
1788641391.1717906,1,0,135675,143771
1788641391.171803,2,100,141579,143771
1788641391.1718135,3,0,4,143771
1788641392.298304,0,0,135675,143771
1788641392.2983272,1,0,135675,143771
1788641392.29834,2,100,141579,143771
1788641392.2983508,3,0,4,143771
1788641393.3897648,0,0,135675,143771
1788641393.3897893,1,0,135675,143771
1788641393.3898013,2,66,141579,143771
1788641393.389812,3,0,4,143771
1788641394.4760482,0,0,135675,143771
1788641394.476072,1,0,135675,143771
1788641394.4760842,2,99,141579,143771
1788641394.4760954,3,0,4,143771
1788641395.5637052,0,0,135675,143771
1788641395.56373,1,0,135675,143771
1788641395.5637424,2,100,141579,143771
1788641395.5637527,3,0,4,143771
1788641396.690188,0,0,135675,143771
1788641396.690212,1,0,135675,143771
1788641396.6902244,2,87,141579,143771
1788641396.6902356,3,0,4,143771
1788641397.7963774,0,0,135675,143771
1788641397.7964027,1,0,135675,143771
1788641397.7964153,2,100,141579,143771
1788641397.7964265,3,0,4,143771
1788641398.9030318,0,0,135675,143771
1788641398.9030566,1,0,135675,143771
1788641398.9030693,2,100,141579,143771
1788641398.9030802,3,0,4,143771
1788641400.030968,0,0,135675,143771
1788641400.030993,1,0,135675,143771
1788641400.0310051,2,100,141579,143771
1788641400.0310163,3,0,4,143771
1788641401.15815,0,0,135675,143771
1788641401.1581733,1,0,135675,143771
1788641401.1581862,2,100,141579,143771
1788641401.158198,3,0,4,143771
1788641402.2857056,0,0,135675,143771
1788641402.28573,1,0,135675,143771
1788641402.2857418,2,81,141579,143771
1788641402.2857533,3,0,4,143771
1788641403.410495,0,0,135675,143771
1788641403.4105196,1,0,135675,143771
1788641403.4105332,2,100,141579,143771
1788641403.4105446,3,0,4,143771
1788641404.4999967,0,0,135675,143771
1788641404.5000212,1,0,135675,143771
1788641404.5000339,2,100,141579,143771
1788641404.5000453,3,0,4,143771
1788641405.6068985,0,0,135675,143771
1788641405.6069329,1,0,135675,143771
1788641405.6069455,2,100,141579,143771
1788641405.6069562,3,0,4,143771
1788641406.7138638,0,0,135675,143771
1788641406.7138882,1,0,135675,143771
1788641406.713901,2,100,141579,143771
1788641406.7139127,3,0,4,143771
1788641407.8415093,0,0,135675,143771
1788641407.8415346,1,0,135675,143771
1788641407.8415473,2,100,141579,143771
1788641407.8415582,3,0,4,143771
1788641408.9298766,0,0,135675,143771
1788641408.9299011,1,0,135675,143771
1788641408.9299135,2,100,141579,143771
1788641408.929924,3,0,4,143771
1788641410.0380523,0,0,135675,143771
1788641410.0380766,1,0,135675,143771
1788641410.0380886,2,100,141579,143771
1788641410.0380995,3,0,4,143771
1788641411.147639,0,0,135675,143771
1788641411.1476638,1,0,135675,143771
1788641411.1476762,2,94,141579,143771
1788641411.1476865,3,0,4,143771
1788641412.235771,0,0,135675,143771
1788641412.2357948,1,0,135675,143771
1788641412.2358077,2,100,141579,143771
1788641412.2358177,3,0,4,143771
1788641413.3429909,0,0,135675,143771
1788641413.343016,1,0,135675,143771
1788641413.3430288,2,100,141579,143771
1788641413.34304,3,0,4,143771
1788641414.4523015,0,0,135675,143771
1788641414.4523258,1,0,135675,143771
1788641414.4523387,2,100,141579,143771
1788641414.4523497,3,0,4,143771
1788641415.579288,0,0,135675,143771
1788641415.579312,1,0,135675,143771
1788641415.5793242,2,100,141579,143771
1788641415.5793374,3,0,4,143771
1788641416.667555,0,0,135675,143771
1788641416.6675694,1,0,135675,143771
1788641416.6675766,2,100,141579,143771
1788641416.6675828,3,0,4,143771
1788641417.7955961,0,0,135675,143771
1788641417.7956204,1,0,135675,143771
1788641417.7956326,2,100,141579,143771
1788641417.7956436,3,0,4,143771
1788641418.9234428,0,0,135675,143771
1788641418.9234672,1,0,135675,143771
1788641418.92348,2,100,141579,143771
1788641418.9234905,3,0,4,143771
1788641420.0117164,0,0,135675,143771
1788641420.0117407,1,0,135675,143771
1788641420.0117528,2,84,141579,143771
1788641420.011763,3,0,4,143771
1788641421.0995553,0,0,135675,143771
1788641421.0995798,1,0,135675,143771
1788641421.0995922,2,61,141579,143771
1788641421.099603,3,0,4,143771
1788641422.2265153,0,0,135675,143771
1788641422.2265399,1,0,135675,143771
1788641422.226552,2,100,141579,143771
1788641422.2265623,3,0,4,143771
1788641423.3156638,0,0,135675,143771
1788641423.3156881,1,0,135675,143771
1788641423.3157008,2,100,141579,143771
1788641423.3157115,3,0,4,143771
1788641424.422661,0,0,135675,143771
1788641424.4226847,1,0,135675,143771
1788641424.4226973,2,100,141579,143771
1788641424.4227085,3,0,4,143771
1788641425.5504239,0,0,135675,143771
1788641425.5504482,1,0,135675,143771
1788641425.55046,2,100,141579,143771
1788641425.5504704,3,0,4,143771
1788641426.6786702,0,0,135675,143771
1788641426.6786938,1,0,135675,143771
1788641426.678707,2,100,141579,143771
1788641426.6787176,3,0,4,143771
1788641427.8130405,0,0,135675,143771
1788641427.8130643,1,0,135675,143771
1788641427.8130765,2,100,141579,143771
1788641427.8130877,3,0,4,143771
1788641428.899625,0,0,135675,143771
1788641428.8996494,1,0,135675,143771
1788641428.8996618,2,100,141579,143771
1788641428.8996727,3,0,4,143771
1788641430.0262866,0,0,135675,143771
1788641430.026311,1,0,135675,143771
1788641430.0263228,2,100,141579,143771
1788641430.026334,3,0,4,143771
1788641431.1156256,0,0,135675,143771
1788641431.115651,1,0,135675,143771
1788641431.1156628,2,100,141579,143771
1788641431.1156733,3,0,4,143771
1788641432.2229424,0,0,135675,143771
1788641432.2229664,1,0,135675,143771
1788641432.2229786,2,100,141579,143771
1788641432.222989,3,0,4,143771
1788641433.3511083,0,0,135675,143771
1788641433.3511324,1,0,135675,143771
1788641433.3511446,2,100,141579,143771
1788641433.351156,3,0,4,143771
1788641434.439592,0,0,135675,143771
1788641434.4396164,1,0,135675,143771
1788641434.4396298,2,100,141579,143771
1788641434.4396408,3,0,4,143771
1788641435.5277367,0,0,135675,143771
1788641435.5277607,1,0,135675,143771
1788641435.527774,2,90,141579,143771
1788641435.5277853,3,0,4,143771
1788641436.6343756,0,0,135675,143771
1788641436.6344,1,0,135675,143771
1788641436.6344123,2,97,141579,143771
1788641436.6344237,3,0,4,143771
1788641437.7628229,0,0,135675,143771
1788641437.7628467,1,0,135675,143771
1788641437.7628589,2,100,141579,143771
1788641437.7628698,3,0,4,143771
1788641438.8517594,0,0,135675,143771
1788641438.8517835,1,0,135675,143771
1788641438.851796,2,100,141579,143771
1788641438.8518062,3,0,4,143771
1788641439.959144,0,0,135675,143771
1788641439.9591677,1,0,135675,143771
1788641439.9591806,2,100,141579,143771
1788641439.9591916,3,0,4,143771
1788641441.0867116,0,0,135675,143771
1788641441.086736,1,0,135675,143771
1788641441.086748,2,100,141579,143771
1788641441.0867584,3,0,4,143771
1788641442.191307,0,0,135675,143771
1788641442.1913316,1,0,135675,143771
1788641442.1913447,2,85,141579,143771
1788641442.1913555,3,0,4,143771
1788641443.2986836,0,0,135675,143771
1788641443.2987082,1,0,135675,143771
1788641443.2987213,2,83,141579,143771
1788641443.2987323,3,0,4,143771
1788641444.4069405,0,0,135675,143771
1788641444.4069648,1,0,135675,143771
1788641444.4069772,2,100,141579,143771
1788641444.4069881,3,0,4,143771
1788641445.4917855,0,0,135675,143771
1788641445.4917998,1,0,135675,143771
1788641445.4918067,2,100,141579,143771
1788641445.4918134,3,0,4,143771
1788641446.5797625,0,0,135675,143771
1788641446.5797868,1,0,135675,143771
1788641446.5797994,2,100,141579,143771
1788641446.5798106,3,0,4,143771
1788641447.6863022,0,0,135675,143771
1788641447.6863258,1,0,135675,143771
1788641447.6863377,2,99,141579,143771
1788641447.6863477,3,0,4,143771
1788641448.7949936,0,0,135675,143771
1788641448.795018,1,0,135675,143771
1788641448.7950304,2,100,141579,143771
1788641448.7950413,3,0,4,143771
1788641449.9232762,0,0,135675,143771
1788641449.9233,1,0,135675,143771
1788641449.9233117,2,100,141579,143771
1788641449.9233232,3,0,4,143771
1788641451.0114055,0,0,135675,143771
1788641451.0114305,1,0,135675,143771
1788641451.0114436,2,100,141579,143771
1788641451.0114546,3,0,4,143771
1788641452.1001656,0,0,135675,143771
1788641452.1001902,1,0,135675,143771
1788641452.100203,2,100,141579,143771
1788641452.1002138,3,0,4,143771
1788641453.2274704,0,0,135675,143771
1788641453.2274947,1,0,135675,143771
1788641453.2275074,2,73,141579,143771
1788641453.2275183,3,0,4,143771
1788641454.3182065,0,0,135675,143771
1788641454.3182304,1,0,135675,143771
1788641454.3182425,2,95,141579,143771
1788641454.3182535,3,0,4,143771
1788641455.4419878,0,0,135675,143771
1788641455.4420118,1,0,135675,143771
1788641455.4420242,2,86,141579,143771
1788641455.4420352,3,0,4,143771
1788641456.5659206,0,0,135675,143771
1788641456.5659451,1,0,135675,143771
1788641456.5659575,2,100,141579,143771
1788641456.565968,3,0,4,143771
1788641457.6755128,0,0,135675,143771
1788641457.6755369,1,0,135675,143771
1788641457.6755495,2,100,141579,143771
1788641457.67556,3,0,4,143771
1788641458.8024373,0,0,135675,143771
1788641458.8024614,1,0,135675,143771
1788641458.8024743,2,100,141579,143771
1788641458.8024852,3,0,4,143771
1788641459.8924181,0,0,135675,143771
1788641459.8924422,1,0,135675,143771
1788641459.8924541,2,100,141579,143771
1788641459.8924649,3,0,4,143771
1788641460.9795928,0,0,135675,143771
1788641460.9796448,1,0,135675,143771
1788641460.9796576,2,74,141579,143771
1788641460.9796684,3,0,4,143771
1788641462.068058,0,0,135675,143771
1788641462.0680826,1,0,135675,143771
1788641462.0680954,2,100,141579,143771
1788641462.068106,3,0,4,143771
1788641463.1954248,0,0,135675,143771
1788641463.1954482,1,0,135675,143771
1788641463.1954603,2,100,141579,143771
1788641463.1954718,3,0,4,143771
1788641464.3029263,0,0,135675,143771
1788641464.3029506,1,0,135675,143771
1788641464.3029628,2,100,141579,143771
1788641464.3029737,3,0,4,143771
1788641465.4111564,0,0,135675,143771
1788641465.4111807,1,0,135675,143771
1788641465.4111938,2,100,141579,143771
1788641465.4112048,3,0,4,143771
1788641466.535839,0,0,135675,143771
1788641466.5358634,1,0,135675,143771
1788641466.535876,2,100,141579,143771
1788641466.5358868,3,0,4,143771
1788641467.6428463,0,0,135675,143771
1788641467.642871,1,0,135675,143771
1788641467.6428828,2,100,141579,143771
1788641467.642894,3,0,4,143771
1788641468.7705858,0,0,135675,143771
1788641468.77061,1,0,135675,143771
1788641468.7706218,2,100,141579,143771
1788641468.770633,3,0,4,143771
1788641469.8789523,0,0,135675,143771
1788641469.8789766,1,0,135675,143771
1788641469.878989,2,100,141579,143771
1788641469.879,3,0,4,143771
1788641471.005935,0,0,135675,143771
1788641471.0059593,1,0,135675,143771
1788641471.005972,2,100,141579,143771
1788641471.0059826,3,0,4,143771
1788641472.0953844,0,0,135675,143771
1788641472.0954084,1,0,135675,143771
1788641472.0954204,2,100,141579,143771
1788641472.0954316,3,0,4,143771
1788641473.2024906,0,0,135675,143771
1788641473.202515,1,0,135675,143771
1788641473.2025273,2,100,141579,143771
1788641473.2025385,3,0,4,143771
1788641474.3102746,0,0,135675,143771
1788641474.3102992,1,0,135675,143771
1788641474.310312,2,100,141579,143771
1788641474.3103223,3,0,4,143771
1788641475.418467,0,0,135675,143771
1788641475.4184911,1,0,135675,143771
1788641475.4185038,2,77,141579,143771
1788641475.4185145,3,0,4,143771
1788641476.5262663,0,0,135675,143771
1788641476.5262902,1,0,135675,143771
1788641476.5263028,2,100,141579,143771
1788641476.5263143,3,0,4,143771
1788641477.6110566,0,0,135675,143771
1788641477.6110806,1,0,135675,143771
1788641477.6110933,2,100,141579,143771
1788641477.6111042,3,0,4,143771
1788641478.6998467,0,0,135675,143771
1788641478.6998715,1,0,135675,143771
1788641478.699884,2,100,141579,143771
1788641478.6998956,3,0,4,143771
1788641479.7875993,0,0,135675,143771
1788641479.7876232,1,0,135675,143771
1788641479.787635,2,93,141579,143771
1788641479.787646,3,0,4,143771
1788641480.9143047,0,0,135675,143771
1788641480.9143293,1,0,135675,143771
1788641480.9143414,2,92,141579,143771
1788641480.9143522,3,0,4,143771
1788641481.9998395,0,0,135675,143771
1788641481.9998639,1,0,135675,143771
1788641481.999876,2,100,141579,143771
1788641481.9998868,3,0,4,143771
1788641483.0870938,0,0,135675,143771
1788641483.087118,1,0,135675,143771
1788641483.0871298,2,100,141579,143771
1788641483.0871406,3,0,4,143771
1788641484.194277,0,0,135675,143771
1788641484.1943011,1,0,135675,143771
1788641484.1943142,2,100,141579,143771
1788641484.1943247,3,0,4,143771
1788641485.2793822,0,0,135675,143771
1788641485.2794063,1,0,135675,143771
1788641485.2794187,2,100,141579,143771
1788641485.2794304,3,0,4,143771
1788641486.387089,0,0,135675,143771
1788641486.3871129,1,0,135675,143771
1788641486.3871255,2,100,141579,143771
1788641486.387137,3,0,4,143771
1788641487.5152411,0,0,135675,143771
1788641487.515266,1,0,135675,143771
1788641487.515278,2,100,141579,143771
1788641487.515289,3,0,4,143771
1788641488.643217,0,0,135675,143771
1788641488.6432414,1,0,135675,143771
1788641488.6432548,2,100,141579,143771
1788641488.6432657,3,0,4,143771
1788641489.731461,0,0,135675,143771
1788641489.7314844,1,0,135675,143771
1788641489.7314973,2,100,141579,143771
1788641489.7315085,3,0,4,143771
1788641490.819763,0,0,135675,143771
1788641490.819787,1,0,135675,143771
1788641490.819799,2,100,141579,143771
1788641490.8198102,3,0,4,143771
1788641491.9083679,0,0,135675,143771
1788641491.9083924,1,0,135675,143771
1788641491.9084053,2,100,141579,143771
1788641491.9084158,3,0,4,143771
1788641493.0144353,0,0,135675,143771
1788641493.0144596,1,0,135675,143771
1788641493.0144727,2,96,141579,143771
1788641493.0144832,3,0,4,143771
1788641494.1230009,0,0,135675,143771
1788641494.1230247,1,0,135675,143771
1788641494.1230369,2,100,141579,143771
1788641494.1230483,3,0,4,143771
1788641495.250193,0,0,135675,143771
1788641495.250217,1,0,135675,143771
1788641495.2502286,2,86,141579,143771
1788641495.2502403,3,0,4,143771
1788641496.3794973,0,0,135675,143771
1788641496.3795214,1,0,135675,143771
1788641496.3795345,2,100,141579,143771
1788641496.3795455,3,0,4,143771
1788641497.4675794,0,0,135675,143771
1788641497.4676034,1,0,135675,143771
1788641497.4676163,2,87,141579,143771
1788641497.4676268,3,0,4,143771
1788641498.601168,0,0,135675,143771
1788641498.6011915,1,0,135675,143771
1788641498.6012042,2,100,141579,143771
1788641498.6012385,3,0,4,143771
1788641499.7073743,0,0,135675,143771
1788641499.7073987,1,0,135675,143771
1788641499.707411,2,100,141579,143771
1788641499.7074218,3,0,4,143771
1788641500.7965214,0,0,135675,143771
1788641500.7965462,1,0,135675,143771
1788641500.7965589,2,100,141579,143771
1788641500.7965698,3,0,4,143771
1788641501.8835356,0,0,135675,143771
1788641501.8835602,1,0,135675,143771
1788641501.883573,2,100,141579,143771
1788641501.8835843,3,0,4,143771
1788641502.9724064,0,0,135675,143771
1788641502.9724307,1,0,135675,143771
1788641502.9724433,2,100,141579,143771
1788641502.972454,3,0,4,143771
1788641504.077457,0,0,135675,143771
1788641504.0774808,1,0,135675,143771
1788641504.0774934,2,100,141579,143771
1788641504.0775049,3,0,4,143771
1788641505.1632693,0,0,135675,143771
1788641505.1632938,1,0,135675,143771
1788641505.1633065,2,100,141579,143771
1788641505.1633177,3,0,4,143771
1788641506.2515612,0,0,135675,143771
1788641506.2515857,1,0,135675,143771
1788641506.251599,2,44,141579,143771
1788641506.2516096,3,0,4,143771
1788641507.3586745,0,0,135675,143771
1788641507.3586981,1,0,135675,143771
1788641507.3587103,2,100,141579,143771
1788641507.3587213,3,0,4,143771
1788641508.4664319,0,0,135675,143771
1788641508.4664557,1,0,135675,143771
1788641508.4664688,2,94,141579,143771
1788641508.4664807,3,0,4,143771
1788641509.5754404,0,0,135675,143771
1788641509.5754547,1,0,135675,143771
1788641509.575462,2,65,141579,143771
1788641509.5754683,3,0,4,143771
1788641510.7032158,0,0,135675,143771
1788641510.703242,1,0,135675,143771
1788641510.703254,2,100,141579,143771
1788641510.7032642,3,0,4,143771
1788641511.8109834,0,0,135675,143771
1788641511.8110085,1,0,135675,143771
1788641511.811021,2,54,141579,143771
1788641511.8110316,3,0,4,143771
1788641512.9185905,0,0,135675,143771
1788641512.9186153,1,0,135675,143771
1788641512.9186275,2,100,141579,143771
1788641512.9186382,3,0,4,143771
1788641514.0077682,0,0,135675,143771
1788641514.0077925,1,0,135675,143771
1788641514.0078049,2,100,141579,143771
1788641514.0078154,3,0,4,143771
1788641515.1353345,0,0,135675,143771
1788641515.135359,1,0,135675,143771
1788641515.135371,2,100,141579,143771
1788641515.1353812,3,0,4,143771
1788641516.2245107,0,0,135675,143771
1788641516.224535,1,0,135675,143771
1788641516.2245474,2,100,141579,143771
1788641516.2245584,3,0,4,143771
1788641517.3116093,0,0,135675,143771
1788641517.3116336,1,0,135675,143771
1788641517.3116462,2,100,141579,143771
1788641517.311658,3,0,4,143771
1788641518.4185104,0,0,135675,143771
1788641518.4185352,1,0,135675,143771
1788641518.4185503,2,100,141579,143771
1788641518.418562,3,0,4,143771
1788641519.5431204,0,0,135675,143771
1788641519.5431468,1,0,135675,143771
1788641519.543159,2,100,141579,143771
1788641519.5431693,3,0,4,143771
1788641520.650398,0,0,135675,143771
1788641520.6504223,1,0,135675,143771
1788641520.6504345,2,100,141579,143771
1788641520.650446,3,0,4,143771
1788641521.77424,0,0,135675,143771
1788641521.7742753,1,0,135675,143771
1788641521.774295,2,100,141579,143771
1788641521.7743137,3,0,4,143771
1788641522.8828495,0,0,135675,143771
1788641522.8828743,1,0,135675,143771
1788641522.8828862,2,100,141579,143771
1788641522.8828964,3,0,4,143771
1788641524.0115042,0,0,135675,143771
1788641524.0115283,1,0,135675,143771
1788641524.0115414,2,100,141579,143771
1788641524.011552,3,0,4,143771
1788641525.1185396,0,0,135675,143771
1788641525.1185641,1,0,135675,143771
1788641525.1185763,2,100,141579,143771
1788641525.1185865,3,0,4,143771
1788641526.246368,0,0,135675,143771
1788641526.2463915,1,0,135675,143771
1788641526.2464044,2,93,141579,143771
1788641526.2464154,3,0,4,143771
1788641527.3539996,0,0,135675,143771
1788641527.3540254,1,0,135675,143771
1788641527.354038,2,100,141579,143771
1788641527.3540492,3,0,4,143771
1788641528.4626312,0,0,135675,143771
1788641528.4626558,1,0,135675,143771
1788641528.4626687,2,100,141579,143771
1788641528.4626791,3,0,4,143771
1788641529.5518548,0,0,135675,143771
1788641529.5518763,1,0,135675,143771
1788641529.5518868,2,100,141579,143771
1788641529.5518968,3,0,4,143771
1788641530.6581252,0,0,135675,143771
1788641530.658149,1,0,135675,143771
1788641530.6581612,2,100,141579,143771
1788641530.6581724,3,0,4,143771
1788641531.747639,0,0,135675,143771
1788641531.747663,1,0,135675,143771
1788641531.7476754,2,100,141579,143771
1788641531.7476866,3,0,4,143771
1788641532.8356023,0,0,135675,143771
1788641532.8356192,1,0,135675,143771
1788641532.835628,2,100,141579,143771
1788641532.8356352,3,0,4,143771
1788641533.9428687,0,0,135675,143771
1788641533.9428887,1,0,135675,143771
1788641533.9428983,2,98,141579,143771
1788641533.9429069,3,0,4,143771
1788641535.050509,0,0,135675,143771
1788641535.0505335,1,0,135675,143771
1788641535.0505462,2,100,141579,143771
1788641535.0505576,3,0,4,143771
1788641536.1394901,0,0,135675,143771
1788641536.1395056,1,0,135675,143771
1788641536.1395135,2,100,141579,143771
1788641536.13952,3,0,4,143771
1788641537.247068,0,0,135675,143771
1788641537.247093,1,0,135675,143771
1788641537.2471051,2,100,141579,143771
1788641537.247116,3,0,4,143771
1788641538.3378088,0,0,135675,143771
1788641538.337833,1,0,135675,143771
1788641538.337845,2,100,141579,143771
1788641538.3378563,3,0,4,143771
1788641539.447011,0,0,135675,143771
1788641539.447035,1,0,135675,143771
1788641539.4470477,2,90,141579,143771
1788641539.4470596,3,0,4,143771
1788641540.5746257,0,0,135675,143771
1788641540.5746498,1,0,135675,143771
1788641540.5746624,2,79,141579,143771
1788641540.5746722,3,0,4,143771
1788641541.697976,0,0,135675,143771
1788641541.6980004,1,0,135675,143771
1788641541.6980135,2,100,141579,143771
1788641541.6980247,3,0,4,143771
1788641542.7875965,0,0,135675,143771
1788641542.7876205,1,0,135675,143771
1788641542.7876332,2,86,141579,143771
1788641542.7876453,3,0,4,143771
1788641543.9288297,0,0,135675,143771
1788641543.928854,1,0,135675,143771
1788641543.9288661,2,100,141579,143771
1788641543.9288776,3,0,4,143771
1788641545.034379,0,0,135675,143771
1788641545.034403,1,0,135675,143771
1788641545.0344152,2,100,141579,143771
1788641545.0344274,3,0,4,143771
1788641546.1422565,0,0,135675,143771
1788641546.1422808,1,0,135675,143771
1788641546.1422927,2,100,141579,143771
1788641546.1423032,3,0,4,143771
1788641547.2503703,0,0,135675,143771
1788641547.250394,1,0,135675,143771
1788641547.2504058,2,100,141579,143771
1788641547.250417,3,0,4,143771
1788641548.3359017,0,0,135675,143771
1788641548.3359265,1,0,135675,143771
1788641548.3359382,2,100,141579,143771
1788641548.3359494,3,0,4,143771
1788641549.4425347,0,0,135675,143771
1788641549.442559,1,0,135675,143771
1788641549.4425714,2,100,141579,143771
1788641549.4425826,3,0,4,143771
1788641550.5314336,0,0,135675,143771
1788641550.531458,1,0,135675,143771
1788641550.5314703,2,100,141579,143771
1788641550.5314808,3,0,4,143771
1788641551.6395159,0,0,135675,143771
1788641551.6395402,1,0,135675,143771
1788641551.6395526,2,87,141579,143771
1788641551.6395638,3,0,4,143771
1788641552.7669096,0,0,135675,143771
1788641552.7669342,1,0,135675,143771
1788641552.7669468,2,100,141579,143771
1788641552.7669582,3,0,4,143771
1788641553.8572955,0,0,135675,143771
1788641553.8573198,1,0,135675,143771
1788641553.8573325,2,100,141579,143771
1788641553.857343,3,0,4,143771
1788641554.982221,0,0,135675,143771
1788641554.982245,1,0,135675,143771
1788641554.9822576,2,100,141579,143771
1788641554.9822688,3,0,4,143771
1788641556.0718172,0,0,135675,143771
1788641556.071841,1,0,135675,143771
1788641556.0718534,2,100,141579,143771
1788641556.0718648,3,0,4,143771
1788641557.1598065,0,0,135675,143771
1788641557.1598315,1,0,135675,143771
1788641557.1598444,2,100,141579,143771
1788641557.1598558,3,0,4,143771
1788641558.2474766,0,0,135675,143771
1788641558.2475007,1,0,135675,143771
1788641558.247513,2,100,141579,143771
1788641558.2475243,3,0,4,143771
1788641559.3549132,0,0,135675,143771
1788641559.3549376,1,0,135675,143771
1788641559.3549502,2,100,141579,143771
1788641559.354961,3,0,4,143771
1788641560.4820812,0,0,135675,143771
1788641560.4821053,1,0,135675,143771
1788641560.482118,2,100,142829,143771
1788641560.4821289,3,0,4,143771
1788641561.5714598,0,0,135675,143771
1788641561.5714846,1,0,135675,143771
1788641561.5714972,2,100,142829,143771
1788641561.5715082,3,0,4,143771
1788641562.6973379,0,0,135675,143771
1788641562.6973624,1,0,135675,143771
1788641562.6973748,2,100,142829,143771
1788641562.6973846,3,0,4,143771
1788641563.803241,0,0,135675,143771
1788641563.8032653,1,0,135675,143771
1788641563.8032784,2,100,142829,143771
1788641563.8032892,3,0,4,143771
1788641564.8912947,0,0,135675,143771
1788641564.8913195,1,0,135675,143771
1788641564.891332,2,78,142829,143771
1788641564.8913429,3,0,4,143771
1788641565.979351,0,0,135675,143771
1788641565.979375,1,0,135675,143771
1788641565.9793868,2,100,142829,143771
1788641565.9793987,3,0,4,143771
1788641567.105483,0,0,135675,143771
1788641567.105508,1,0,135675,143771
1788641567.1055207,2,100,142829,143771
1788641567.1055317,3,0,4,143771
1788641568.1915653,0,0,135675,143771
1788641568.1915894,1,0,135675,143771
1788641568.191602,2,100,142829,143771
1788641568.1916127,3,0,4,143771
1788641569.2797568,0,0,135675,143771
1788641569.279782,1,0,135675,143771
1788641569.2797945,2,100,132331,143771
1788641569.2798073,3,0,4,143771
1788641570.3855577,0,0,135675,143771
1788641570.385582,1,0,135675,143771
1788641570.3855944,2,100,133641,143771
1788641570.3856063,3,0,4,143771
1788641571.4904344,0,0,135675,143771
1788641571.4904592,1,0,135675,143771
1788641571.4904716,2,100,133641,143771
1788641571.4904823,3,0,4,143771
1788641572.6182299,0,0,135675,143771
1788641572.6182544,1,0,135675,143771
1788641572.618267,2,100,133643,143771
1788641572.6182787,3,0,4,143771
1788641573.7074864,0,0,135675,143771
1788641573.7075112,1,0,135675,143771
1788641573.7075236,2,100,133643,143771
1788641573.7075343,3,0,4,143771
1788641574.795303,0,0,135675,143771
1788641574.795327,1,0,135675,143771
1788641574.795339,2,100,133643,143771
1788641574.7953506,3,0,4,143771
1788641575.9022775,0,0,135675,143771
1788641575.902302,1,0,135675,143771
1788641575.9023137,2,100,133643,143771
1788641575.9023244,3,0,4,143771
1788641576.9926953,0,0,135675,143771
1788641576.9927197,1,0,135675,143771
1788641576.992732,2,100,133643,143771
1788641576.9927435,3,0,4,143771
1788641578.119465,0,0,135675,143771
1788641578.1194887,1,0,135675,143771
1788641578.119502,2,100,133643,143771
1788641578.119513,3,0,4,143771
1788641579.2465947,0,0,135675,143771
1788641579.2466197,1,0,135675,143771
1788641579.2466323,2,100,133643,143771
1788641579.2466435,3,0,4,143771
1788641580.3357646,0,0,135675,143771
1788641580.3357902,1,0,135675,143771
1788641580.335803,2,90,133643,143771
1788641580.3358135,3,0,4,143771
1788641581.4235134,0,0,135675,143771
1788641581.4235377,1,0,135675,143771
1788641581.4235506,2,100,135037,143771
1788641581.4235616,3,0,4,143771
1788641582.5500383,0,0,135675,143771
1788641582.5500627,1,0,135675,143771
1788641582.550075,2,100,135037,143771
1788641582.5500867,3,0,4,143771
1788641583.6593027,0,0,135675,143771
1788641583.659327,1,0,135675,143771
1788641583.659339,2,100,135037,143771
1788641583.6593494,3,0,4,143771
1788641584.7865918,0,0,135675,143771
1788641584.786616,1,0,135675,143771
1788641584.786628,2,100,135037,143771
1788641584.7866385,3,0,4,143771
1788641585.8752189,0,0,135675,143771
1788641585.875243,1,0,135675,143771
1788641585.8752556,2,100,135037,143771
1788641585.8752666,3,0,4,143771
1788641586.9632404,0,0,135675,143771
1788641586.9632647,1,0,135675,143771
1788641586.9632766,2,100,135037,143771
1788641586.9632878,3,0,4,143771
1788641588.0518398,0,0,135675,143771
1788641588.0518641,1,0,135675,143771
1788641588.0518768,2,92,135037,143771
1788641588.051888,3,0,4,143771
1788641589.178638,0,0,135675,143771
1788641589.178662,1,0,135675,143771
1788641589.1786745,2,100,135037,143771
1788641589.1786854,3,0,4,143771
1788641590.267767,0,0,135675,143771
1788641590.2677913,1,0,135675,143771
1788641590.2678037,2,100,135037,143771
1788641590.2678142,3,0,4,143771
1788641591.374013,0,0,135675,143771
1788641591.3740373,1,0,135675,143771
1788641591.3740501,2,100,135037,143771
1788641591.3740609,3,0,4,143771
1788641592.4626958,0,0,135675,143771
1788641592.4627202,1,0,135675,143771
1788641592.4627326,2,100,135037,143771
1788641592.4627438,3,0,4,143771
1788641593.5710235,0,0,135675,143771
1788641593.5710473,1,0,135675,143771
1788641593.57106,2,100,135037,143771
1788641593.5710707,3,0,4,143771
1788641594.6596236,0,0,135675,143771
1788641594.6596484,1,0,135675,143771
1788641594.659661,2,100,135037,143771
1788641594.659672,3,0,4,143771
1788641595.7875834,0,0,135675,143771
1788641595.7876072,1,0,135675,143771
1788641595.7876203,2,100,135037,143771
1788641595.7876315,3,0,4,143771
1788641596.8947024,0,0,135675,143771
1788641596.8947268,1,0,135675,143771
1788641596.8947396,2,100,135037,143771
1788641596.8947513,3,0,4,143771
1788641597.984966,0,0,135675,143771
1788641597.98499,1,0,135675,143771
1788641597.9850025,2,100,135037,143771
1788641597.9850147,3,0,4,143771
1788641599.0715325,0,0,135675,143771
1788641599.0715575,1,0,135675,143771
1788641599.0715709,2,100,135037,143771
1788641599.0715818,3,0,4,143771
1788641600.1572433,0,0,135675,143771
1788641600.157268,1,0,135675,143771
1788641600.1572802,2,79,135037,143771
1788641600.157292,3,0,4,143771
1788641601.2437515,0,0,135675,143771
1788641601.2437758,1,0,135675,143771
1788641601.243788,2,100,135037,143771
1788641601.2437987,3,0,4,143771
1788641602.3704953,0,0,135675,143771
1788641602.3705196,1,0,135675,143771
1788641602.370532,2,100,135037,143771
1788641602.3705437,3,0,4,143771
1788641603.4787688,0,0,135675,143771
1788641603.4787931,1,0,135675,143771
1788641603.4788065,2,100,135037,143771
1788641603.4788184,3,0,4,143771
1788641604.5862944,0,0,135675,143771
1788641604.5863194,1,0,135675,143771
1788641604.5863314,2,100,135037,143771
1788641604.5863428,3,0,4,143771
1788641605.677287,0,0,135675,143771
1788641605.677312,1,0,135675,143771
1788641605.6773245,2,100,135037,143771
1788641605.6773367,3,0,4,143771
1788641606.7822208,0,0,135675,143771
1788641606.7822452,1,0,135675,143771
1788641606.782258,2,93,135037,143771
1788641606.7822685,3,0,4,143771
1788641607.8908749,0,0,135675,143771
1788641607.8908997,1,0,135675,143771
1788641607.8909123,2,100,135037,143771
1788641607.890923,3,0,4,143771
1788641608.9796839,0,0,135675,143771
1788641608.9797082,1,0,135675,143771
1788641608.9797204,2,100,135037,143771
1788641608.9797316,3,0,4,143771
1788641610.0681612,0,0,135675,143771
1788641610.0681858,1,0,135675,143771
1788641610.0681984,2,100,135037,143771
1788641610.0682094,3,0,4,143771
1788641611.1753027,0,0,135675,143771
1788641611.1753275,1,0,135675,143771
1788641611.1753407,2,100,135037,143771
1788641611.1753514,3,0,4,143771
1788641612.2823086,0,0,135675,143771
1788641612.282333,1,0,135675,143771
1788641612.2823455,2,100,135037,143771
1788641612.2823563,3,0,4,143771
1788641613.3914218,0,0,135675,143771
1788641613.391446,1,0,135675,143771
1788641613.3914585,2,100,135037,143771
1788641613.3914695,3,0,4,143771
1788641614.5182667,0,0,135675,143771
1788641614.5182912,1,0,135675,143771
1788641614.5183043,2,100,135037,143771
1788641614.5183158,3,0,4,143771
1788641615.603792,0,0,135675,143771
1788641615.6038165,1,0,135675,143771
1788641615.603829,2,100,135037,143771
1788641615.6038396,3,0,4,143771
1788641616.6916475,0,0,135675,143771
1788641616.691672,1,0,135675,143771
1788641616.6916838,2,78,135037,143771
1788641616.6916945,3,0,4,143771
1788641617.8177135,0,0,135675,143771
1788641617.817737,1,0,135675,143771
1788641617.81775,2,100,135037,143771
1788641617.8177605,3,0,4,143771
1788641618.941975,0,0,135675,143771
1788641618.9419985,1,0,135675,143771
1788641618.942011,2,100,135037,143771
1788641618.9420223,3,0,4,143771
1788641620.031923,0,0,135675,143771
1788641620.0319476,1,0,135675,143771
1788641620.0319602,2,99,135037,143771
1788641620.0319707,3,0,4,143771
1788641621.1652668,0,0,135675,143771
1788641621.1652925,1,0,135675,143771
1788641621.165306,2,100,135037,143771
1788641621.1653166,3,0,4,143771
1788641622.251926,0,0,135675,143771
1788641622.25195,1,0,135675,143771
1788641622.2519617,2,100,135037,143771
1788641622.251973,3,0,4,143771
1788641623.3781488,0,0,135675,143771
1788641623.378173,1,0,135675,143771
1788641623.3781853,2,100,135037,143771
1788641623.3781967,3,0,4,143771
1788641624.4635923,0,0,135675,143771
1788641624.463616,1,0,135675,143771
1788641624.4636285,2,100,135037,143771
1788641624.4636395,3,0,4,143771
1788641625.5903728,0,0,135675,143771
1788641625.5903978,1,0,135675,143771
1788641625.5904107,2,100,135037,143771
1788641625.5904217,3,0,4,143771
1788641626.6755128,0,0,135675,143771
1788641626.675537,1,0,135675,143771
1788641626.6755497,2,100,135037,143771
1788641626.6755607,3,0,4,143771
1788641627.7824023,0,0,135675,143771
1788641627.7824264,1,0,135675,143771
1788641627.782439,2,100,135037,143771
1788641627.7824502,3,0,4,143771
1788641628.871509,0,0,135675,143771
1788641628.871533,1,0,135675,143771
1788641628.8715453,2,100,135037,143771
1788641628.8715563,3,0,4,143771
1788641629.959126,0,0,135675,143771
1788641629.959178,1,0,135675,143771
1788641629.9591908,2,100,135037,143771
1788641629.9592023,3,0,4,143771
1788641631.0658486,0,0,135675,143771
1788641631.0658734,1,0,135675,143771
1788641631.0658855,2,100,135037,143771
1788641631.0658965,3,0,4,143771
1788641632.1698253,0,0,135675,143771
1788641632.1698499,1,0,135675,143771
1788641632.1698625,2,100,135037,143771
1788641632.1698737,3,0,4,143771
1788641633.2602339,0,0,135675,143771
1788641633.2602587,1,0,135675,143771
1788641633.2602706,2,100,135037,143771
1788641633.2602813,3,0,4,143771
1788641634.3472018,0,0,135675,143771
1788641634.347227,1,0,135675,143771
1788641634.3472397,2,100,135037,143771
1788641634.3472505,3,0,4,143771
1788641635.4354997,0,0,135675,143771
1788641635.4355247,1,0,135675,143771
1788641635.4355366,2,66,135037,143771
1788641635.4355476,3,0,4,143771
1788641636.5632832,0,0,135675,143771
1788641636.563307,1,0,135675,143771
1788641636.5633194,2,100,135037,143771
1788641636.5633307,3,0,4,143771
1788641637.670402,0,0,135675,143771
1788641637.670426,1,0,135675,143771
1788641637.6704383,2,100,135037,143771
1788641637.6704497,3,0,4,143771
1788641638.7596118,0,0,135675,143771
1788641638.7596362,1,0,135675,143771
1788641638.7596488,2,100,135037,143771
1788641638.7596593,3,0,4,143771
1788641639.8476987,0,0,135675,143771
1788641639.8477228,1,0,135675,143771
1788641639.8477354,2,78,135037,143771
1788641639.8477461,3,0,4,143771
1788641640.955193,0,0,135675,143771
1788641640.9552176,1,0,135675,143771
1788641640.9552305,2,100,135037,143771
1788641640.9552412,3,0,4,143771
1788641642.0436823,0,0,135675,143771
1788641642.0437067,1,0,135675,143771
1788641642.0437188,2,100,135037,143771
1788641642.0437298,3,0,4,143771
1788641643.149974,0,0,135675,143771
1788641643.1499982,1,0,135675,143771
1788641643.15001,2,100,135037,143771
1788641643.1500206,3,0,4,143771
1788641644.2540255,0,0,135675,143771
1788641644.2540495,1,0,135675,143771
1788641644.2540622,2,100,135037,143771
1788641644.2540734,3,0,4,143771
1788641645.3779364,0,0,135675,143771
1788641645.3779607,1,0,135675,143771
1788641645.377973,2,76,135037,143771
1788641645.377984,3,0,4,143771
1788641646.507687,0,0,135675,143771
1788641646.5077217,1,0,135675,143771
1788641646.507743,2,100,135037,143771
1788641646.5077617,3,0,4,143771
1788641647.6349542,0,0,135675,143771
1788641647.6349788,1,0,135675,143771
1788641647.634991,2,67,135037,143771
1788641647.635001,3,0,4,143771
1788641648.7195585,0,0,135675,143771
1788641648.7195823,1,0,135675,143771
1788641648.7195942,2,100,135037,143771
1788641648.7196045,3,0,4,143771
1788641649.8277504,0,0,135675,143771
1788641649.8277743,1,0,135675,143771
1788641649.8277862,2,87,135037,143771
1788641649.8277972,3,0,4,143771
1788641650.9347749,0,0,135675,143771
1788641650.9347997,1,0,135675,143771
1788641650.934812,2,100,135037,143771
1788641650.9348226,3,0,4,143771
1788641652.0209272,0,0,135675,143771
1788641652.0209515,1,0,135675,143771
1788641652.0209649,2,100,135037,143771
1788641652.0209756,3,0,4,143771
1788641653.146717,0,0,135675,143771
1788641653.1467314,1,0,135675,143771
1788641653.1467388,2,100,135037,143771
1788641653.1467452,3,0,4,143771
1788641654.2712069,0,0,135675,143771
1788641654.271231,1,0,135675,143771
1788641654.271243,2,100,135037,143771
1788641654.2712538,3,0,4,143771
1788641655.3601036,0,0,135675,143771
1788641655.360129,1,0,135675,143771
1788641655.3601415,2,100,135037,143771
1788641655.3601525,3,0,4,143771
1788641656.4869015,0,0,135675,143771
1788641656.486926,1,0,135675,143771
1788641656.4869385,2,93,135037,143771
1788641656.4869494,3,0,4,143771
1788641657.614652,0,0,135675,143771
1788641657.6146758,1,0,135675,143771
1788641657.6146882,2,71,135037,143771
1788641657.6146986,3,0,4,143771
1788641658.7432828,0,0,135675,143771
1788641658.7433074,1,0,135675,143771
1788641658.7433195,2,100,135037,143771
1788641658.7433307,3,0,4,143771
1788641659.8697486,0,0,135675,143771
1788641659.8697724,1,0,135675,143771
1788641659.8697855,2,100,135037,143771
1788641659.8697965,3,0,4,143771
1788641660.9954665,0,0,135675,143771
1788641660.9954917,1,0,135675,143771
1788641660.9955044,2,98,135037,143771
1788641660.9955149,3,0,4,143771
1788641662.1035805,0,0,135675,143771
1788641662.1036053,1,0,135675,143771
1788641662.103618,2,100,135037,143771
1788641662.1036289,3,0,4,143771
1788641663.230171,0,0,135675,143771
1788641663.2301948,1,0,135675,143771
1788641663.230207,2,100,135037,143771
1788641663.2302182,3,0,4,143771
1788641664.3546069,0,0,135675,143771
1788641664.3546314,1,0,135675,143771
1788641664.3546443,2,100,135037,143771
1788641664.354655,3,0,4,143771
1788641665.4441879,0,0,135675,143771
1788641665.4442124,1,0,135675,143771
1788641665.444225,2,76,135037,143771
1788641665.4442348,3,0,4,143771
1788641666.5507162,0,0,135675,143771
1788641666.5507405,1,0,135675,143771
1788641666.5507529,2,100,135037,143771
1788641666.550764,3,0,4,143771
1788641667.6356697,0,0,135675,143771
1788641667.6356943,1,0,135675,143771
1788641667.635707,2,100,135037,143771
1788641667.6357179,3,0,4,143771
1788641668.7620382,0,0,135675,143771
1788641668.7620628,1,0,135675,143771
1788641668.7620757,2,100,135037,143771
1788641668.7620862,3,0,4,143771
1788641669.8480618,0,0,135675,143771
1788641669.8480866,1,0,135675,143771
1788641669.8480988,2,100,135037,143771
1788641669.8481095,3,0,4,143771
1788641670.974946,0,0,135675,143771
1788641670.9749703,1,0,135675,143771
1788641670.9749832,2,100,135037,143771
1788641670.974995,3,0,4,143771
1788641672.0635195,0,0,135675,143771
1788641672.063544,1,0,135675,143771
1788641672.063558,2,100,135037,143771
1788641672.0635695,3,0,4,143771
1788641673.189791,0,0,135675,143771
1788641673.1898146,1,0,135675,143771
1788641673.189827,2,100,135037,143771
1788641673.1898375,3,0,4,143771
1788641674.276157,0,0,135675,143771
1788641674.276181,1,0,135675,143771
1788641674.2761936,2,80,135037,143771
1788641674.2762043,3,0,4,143771
1788641675.4030516,0,0,135675,143771
1788641675.4030757,1,0,135675,143771
1788641675.403088,2,92,135037,143771
1788641675.403099,3,0,4,143771
1788641676.5312681,0,0,135675,143771
1788641676.5312927,1,0,135675,143771
1788641676.5313053,2,100,135037,143771
1788641676.5313168,3,0,4,143771
1788641677.6394403,0,0,135675,143771
1788641677.6394715,1,0,135675,143771
1788641677.6394882,2,71,135037,143771
1788641677.6395037,3,0,4,143771
1788641678.7674057,0,0,135675,143771
1788641678.7674303,1,0,135675,143771
1788641678.767443,2,100,135037,143771
1788641678.7674534,3,0,4,143771
1788641679.8944805,0,0,135675,143771
1788641679.8945043,1,0,135675,143771
1788641679.8945172,2,81,135037,143771
1788641679.894529,3,0,4,143771
1788641681.0231705,0,0,135675,143771
1788641681.0231955,1,0,135675,143771
1788641681.0232077,2,100,135037,143771
1788641681.0232193,3,0,4,143771
1788641682.130846,0,0,135675,143771
1788641682.1308713,1,0,135675,143771
1788641682.1308842,2,89,135037,143771
1788641682.1308944,3,0,4,143771
1788641683.2584796,0,0,135675,143771
1788641683.2585037,1,0,135675,143771
1788641683.2585166,2,100,135037,143771
1788641683.258527,3,0,4,143771
1788641684.3676474,0,0,135675,143771
1788641684.3676713,1,0,135675,143771
1788641684.3676836,2,100,135037,143771
1788641684.3676941,3,0,4,143771
1788641685.4945972,0,0,135675,143771
1788641685.4946215,1,0,135675,143771
1788641685.4946334,2,100,135037,143771
1788641685.4946442,3,0,4,143771
1788641686.583798,0,0,135675,143771
1788641686.5838215,1,0,135675,143771
1788641686.5838344,2,100,135037,143771
1788641686.583845,3,0,4,143771
1788641687.710903,0,0,135675,143771
1788641687.710927,1,0,135675,143771
1788641687.71094,2,100,135037,143771
1788641687.7109501,3,0,4,143771
1788641688.8385208,0,0,135675,143771
1788641688.8385446,1,0,135675,143771
1788641688.8385572,2,83,135037,143771
1788641688.8385682,3,0,4,143771
1788641689.9276307,0,0,135675,143771
1788641689.9276545,1,0,135675,143771
1788641689.9276671,2,94,135037,143771
1788641689.9276788,3,0,4,143771
1788641691.0535302,0,0,135675,143771
1788641691.0535545,1,0,135675,143771
1788641691.0535676,2,100,135037,143771
1788641691.0535781,3,0,4,143771
1788641692.1391008,0,0,135675,143771
1788641692.139125,1,0,135675,143771
1788641692.139137,2,100,135037,143771
1788641692.1391473,3,0,4,143771
1788641693.2465851,0,0,135675,143771
1788641693.2466087,1,0,135675,143771
1788641693.2466216,2,72,135037,143771
1788641693.2466328,3,0,4,143771
1788641694.374537,0,0,135675,143771
1788641694.3745608,1,0,135675,143771
1788641694.3745735,2,100,135037,143771
1788641694.374585,3,0,4,143771
1788641695.4635234,0,0,135675,143771
1788641695.4635475,1,0,135675,143771
1788641695.4635599,2,100,135037,143771
1788641695.46357,3,0,4,143771
1788641696.5696023,0,0,135675,143771
1788641696.5696259,1,0,135675,143771
1788641696.569639,2,100,135037,143771
1788641696.5696495,3,0,4,143771
1788641697.693846,0,0,135675,143771
1788641697.6938696,1,0,135675,143771
1788641697.6938825,2,100,135037,143771
1788641697.6938934,3,0,4,143771
1788641698.8400187,0,0,135675,143771
1788641698.8400435,1,0,135675,143771
1788641698.8400557,2,100,135037,143771
1788641698.8400671,3,0,4,143771
1788641699.9273334,0,0,135675,143771
1788641699.9273577,1,0,135675,143771
1788641699.9273703,2,70,135037,143771
1788641699.9273808,3,0,4,143771
1788641701.0157666,0,0,135675,143771
1788641701.0158184,1,0,135675,143771
1788641701.015831,2,100,135037,143771
1788641701.0158422,3,0,4,143771
1788641702.1030703,0,0,135675,143771
1788641702.1030948,1,0,135675,143771
1788641702.1031072,2,100,135037,143771
1788641702.1031187,3,0,4,143771
1788641703.2308273,0,0,135675,143771
1788641703.2308424,1,0,135675,143771
1788641703.2308495,2,100,135037,143771
1788641703.230856,3,0,4,143771
1788641704.359491,0,0,135675,143771
1788641704.3595164,1,0,135675,143771
1788641704.3595293,2,100,135037,143771
1788641704.3595397,3,0,4,143771
1788641705.4660466,0,0,135675,143771
1788641705.4660711,1,0,135675,143771
1788641705.4660835,2,100,135037,143771
1788641705.4660945,3,0,4,143771
1788641706.5944147,0,0,135675,143771
1788641706.594438,1,0,135675,143771
1788641706.5944512,2,100,135037,143771
1788641706.5944624,3,0,4,143771
1788641707.7296507,0,0,135675,143771
1788641707.7296758,1,0,135675,143771
1788641707.7296884,2,100,135037,143771
1788641707.7296999,3,0,4,143771
1788641708.8607771,0,0,135675,143771
1788641708.8607914,1,0,135675,143771
1788641708.8607984,2,100,135037,143771
1788641708.8608048,3,0,4,143771
1788641709.9876769,0,0,135675,143771
1788641709.9877012,1,0,135675,143771
1788641709.987714,2,97,135037,143771
1788641709.9877248,3,0,4,143771
1788641711.0943902,0,0,135675,143771
1788641711.0944154,1,0,135675,143771
1788641711.0944283,2,100,135037,143771
1788641711.0944393,3,0,4,143771
1788641712.183515,0,0,135675,143771
1788641712.1835387,1,0,135675,143771
1788641712.1835515,2,100,135037,143771
1788641712.1835625,3,0,4,143771
1788641713.310888,0,0,135675,143771
1788641713.3109124,1,0,135675,143771
1788641713.310925,2,100,135037,143771
1788641713.3109362,3,0,4,143771
1788641714.3989904,0,0,135675,143771
1788641714.3990145,1,0,135675,143771
1788641714.3990278,2,100,135037,143771
1788641714.3990388,3,0,4,143771
1788641715.5066283,0,0,135675,143771
1788641715.5066524,1,0,135675,143771
1788641715.5066655,2,100,135037,143771
1788641715.5066762,3,0,4,143771
1788641716.6347957,0,0,135675,143771
1788641716.6348193,1,0,135675,143771
1788641716.634832,2,100,135037,143771
1788641716.634843,3,0,4,143771
1788641717.7423966,0,0,135675,143771
1788641717.7424204,1,0,135675,143771
1788641717.7424324,2,100,135037,143771
1788641717.7424428,3,0,4,143771
1788641718.8712316,0,0,135675,143771
1788641718.8712568,1,0,135675,143771
1788641718.8712697,2,96,135037,143771
1788641718.8712804,3,0,4,143771
1788641719.9784946,0,0,135675,143771
1788641719.9785192,1,0,135675,143771
1788641719.9785316,2,100,135037,143771
1788641719.978542,3,0,4,143771
1788641721.0674934,0,0,135675,143771
1788641721.0675182,1,0,135675,143771
1788641721.0675309,2,92,135037,143771
1788641721.0675418,3,0,4,143771
1788641722.1946893,0,0,135675,143771
1788641722.1947134,1,0,135675,143771
1788641722.1947267,2,100,135037,143771
1788641722.1947367,3,0,4,143771
1788641723.2830098,0,0,135675,143771
1788641723.2830348,1,0,135675,143771
1788641723.2830477,2,100,135037,143771
1788641723.2830586,3,0,4,143771
1788641724.411598,0,0,135675,143771
1788641724.4116223,1,0,135675,143771
1788641724.411635,2,100,135037,143771
1788641724.4116461,3,0,4,143771
1788641725.5386968,0,0,135675,143771
1788641725.5387208,1,0,135675,143771
1788641725.5387332,2,100,135037,143771
1788641725.538745,3,0,4,143771
1788641726.6659315,0,0,135675,143771
1788641726.6659555,1,0,135675,143771
1788641726.6659684,2,100,135037,143771
1788641726.665979,3,0,4,143771
1788641727.7748222,0,0,135675,143771
1788641727.7748468,1,0,135675,143771
1788641727.7748594,2,100,135037,143771
1788641727.77487,3,0,4,143771
1788641728.9029632,0,0,135675,143771
1788641728.9029877,1,0,135675,143771
1788641728.9030006,2,100,135037,143771
1788641728.9030118,3,0,4,143771
1788641730.0299244,0,0,135675,143771
1788641730.0299492,1,0,135675,143771
1788641730.0299616,2,86,135037,143771
1788641730.0299726,3,0,4,143771
1788641731.15359,0,0,135675,143771
1788641731.1536136,1,0,135675,143771
1788641731.1536267,2,100,135037,143771
1788641731.1536374,3,0,4,143771
1788641732.2785823,0,0,135675,143771
1788641732.2786067,1,0,135675,143771
1788641732.2786188,2,100,135037,143771
1788641732.2786293,3,0,4,143771
1788641733.385462,0,0,135675,143771
1788641733.3854854,1,0,135675,143771
1788641733.3854985,2,100,135037,143771
1788641733.3855097,3,0,4,143771
1788641734.4900494,0,0,135675,143771
1788641734.4900737,1,0,135675,143771
1788641734.4900858,2,100,135037,143771
1788641734.4900968,3,0,4,143771
1788641735.619636,0,0,135675,143771
1788641735.6196594,1,0,135675,143771
1788641735.6196728,2,100,135037,143771
1788641735.6196833,3,0,4,143771
1788641736.7258325,0,0,135675,143771
1788641736.725857,1,0,135675,143771
1788641736.7258694,2,100,135037,143771
1788641736.72588,3,0,4,143771
1788641737.8303025,0,0,135675,143771
1788641737.8303256,1,0,135675,143771
1788641737.830338,2,100,135037,143771
1788641737.8303485,3,0,4,143771
1788641738.9555137,0,0,135675,143771
1788641738.9555385,1,0,135675,143771
1788641738.9555504,2,68,135037,143771
1788641738.9555614,3,0,4,143771
1788641740.0820744,0,0,135675,143771
1788641740.0820987,1,0,135675,143771
1788641740.0821111,2,100,135037,143771
1788641740.082122,3,0,4,143771
1788641741.1673877,0,0,135675,143771
1788641741.1674118,1,0,135675,143771
1788641741.167424,2,98,135037,143771
1788641741.1674345,3,0,4,143771
1788641742.2552643,0,0,135675,143771
1788641742.2552881,1,0,135675,143771
1788641742.2553,2,100,135037,143771
1788641742.2553108,3,0,4,143771
1788641743.3821635,0,0,135675,143771
1788641743.3821876,1,0,135675,143771
1788641743.3822,2,100,135037,143771
1788641743.3822103,3,0,4,143771
1788641744.4675868,0,0,135675,143771
1788641744.4676116,1,0,135675,143771
1788641744.4676237,2,100,135037,143771
1788641744.4676352,3,0,4,143771
1788641745.594464,0,0,135675,143771
1788641745.5944872,1,0,135675,143771
1788641745.5944993,2,100,135037,143771
1788641745.5945098,3,0,4,143771
1788641746.6831691,0,0,135675,143771
1788641746.6831925,1,0,135675,143771
1788641746.6832051,2,100,135037,143771
1788641746.683216,3,0,4,143771
1788641747.8103986,0,0,135675,143771
1788641747.810422,1,0,135675,143771
1788641747.8104339,2,100,135037,143771
1788641747.8104448,3,0,4,143771
1788641748.894866,0,0,135675,143771
1788641748.8948903,1,0,135675,143771
1788641748.894903,2,100,135037,143771
1788641748.8949134,3,0,4,143771
1788641749.9830666,0,0,135675,143771
1788641749.983091,1,0,135675,143771
1788641749.9831038,2,100,135037,143771
1788641749.983115,3,0,4,143771
1788641751.0716183,0,0,135675,143771
1788641751.0716488,1,0,135675,143771
1788641751.0716681,2,100,135037,143771
1788641751.0716798,3,0,4,143771
1788641752.1984074,0,0,135675,143771
1788641752.1984315,1,0,135675,143771
1788641752.198444,2,100,135037,143771
1788641752.198455,3,0,4,143771
1788641753.3220036,0,0,135675,143771
1788641753.3220274,1,0,135675,143771
1788641753.3220403,2,100,135037,143771
1788641753.322051,3,0,4,143771
1788641754.4461906,0,0,135675,143771
1788641754.4462152,1,0,135675,143771
1788641754.4462278,2,100,135037,143771
1788641754.446238,3,0,4,143771
1788641755.5314875,0,0,135675,143771
1788641755.531511,1,0,135675,143771
1788641755.5315232,2,100,135037,143771
1788641755.5315347,3,0,4,143771
1788641756.6198225,0,0,135675,143771
1788641756.6198468,1,0,135675,143771
1788641756.6198592,2,100,135037,143771
1788641756.6198695,3,0,4,143771
1788641757.7455413,0,0,135675,143771
1788641757.7455647,1,0,135675,143771
1788641757.745577,2,100,135037,143771
1788641757.745587,3,0,4,143771
1788641758.831245,0,0,135675,143771
1788641758.831268,1,0,135675,143771
1788641758.8312805,2,100,135037,143771
1788641758.8312922,3,0,4,143771
1788641759.939253,0,0,135675,143771
1788641759.9392772,1,0,135675,143771
1788641759.9392896,2,100,135037,143771
1788641759.9393003,3,0,4,143771
1788641761.0667799,0,0,135675,143771
1788641761.0668046,1,0,135675,143771
1788641761.0668166,2,100,135037,143771
1788641761.0668278,3,0,4,143771
1788641762.1556249,0,0,135675,143771
1788641762.155649,1,0,135675,143771
1788641762.1556616,2,100,135037,143771
1788641762.155672,3,0,4,143771
1788641763.2616358,0,0,135675,143771
1788641763.2616596,1,0,135675,143771
1788641763.2616732,2,100,135037,143771
1788641763.261684,3,0,4,143771
1788641764.3861506,0,0,135675,143771
1788641764.3861747,1,0,135675,143771
1788641764.386187,2,100,135037,143771
1788641764.3861978,3,0,4,143771
1788641765.4903843,0,0,135675,143771
1788641765.4904087,1,0,135675,143771
1788641765.4904215,2,100,135037,143771
1788641765.4904323,3,0,4,143771
1788641766.5793371,0,0,135675,143771
1788641766.5793612,1,0,135675,143771
1788641766.5793738,2,100,135037,143771
1788641766.5793843,3,0,4,143771
1788641767.706812,0,0,135675,143771
1788641767.7068362,1,0,135675,143771
1788641767.706849,2,100,135037,143771
1788641767.7068594,3,0,4,143771
1788641768.829233,0,0,135675,143771
1788641768.8292568,1,0,135675,143771
1788641768.8292692,2,100,135037,143771
1788641768.8292801,3,0,4,143771
1788641769.9539368,0,0,135675,143771
1788641769.953962,1,0,135675,143771
1788641769.953974,2,100,135037,143771
1788641769.9539845,3,0,4,143771
1788641771.0792515,0,0,135675,143771
1788641771.079276,1,0,135675,143771
1788641771.0792885,2,100,135037,143771
1788641771.0792997,3,0,4,143771
1788641772.187465,0,0,135675,143771
1788641772.1874893,1,0,135675,143771
1788641772.1875021,2,100,135037,143771
1788641772.1875126,3,0,4,143771
1788641773.2947667,0,0,135675,143771
1788641773.2947907,1,0,135675,143771
1788641773.294803,2,100,135037,143771
1788641773.2948136,3,0,4,143771
1788641774.3829849,0,0,135675,143771
1788641774.3830094,1,0,135675,143771
1788641774.3830223,2,100,135037,143771
1788641774.3830338,3,0,4,143771
1788641775.5107756,0,0,135675,143771
1788641775.5108016,1,0,135675,143771
1788641775.510815,2,100,135037,143771
1788641775.5108263,3,0,4,143771
1788641776.665923,0,0,135675,143771
1788641776.665947,1,0,135675,143771
1788641776.6659596,2,100,135037,143771
1788641776.6659703,3,0,4,143771
1788641777.7892697,0,0,135675,143771
1788641777.7892933,1,0,135675,143771
1788641777.7893064,2,100,135037,143771
1788641777.7893174,3,0,4,143771
1788641778.8943367,0,0,135675,143771
1788641778.8943608,1,0,135675,143771
1788641778.8943732,2,100,135037,143771
1788641778.8943849,3,0,4,143771
1788641780.0177915,0,0,135675,143771
1788641780.0178158,1,0,135675,143771
1788641780.017828,2,100,135037,143771
1788641780.0178382,3,0,4,143771
1788641781.1033542,0,0,135675,143771
1788641781.10338,1,0,135675,143771
1788641781.1033926,2,100,135037,143771
1788641781.103404,3,0,4,143771
1788641782.2306976,0,0,135675,143771
1788641782.2307215,1,0,135675,143771
1788641782.2307339,2,100,135037,143771
1788641782.2307448,3,0,4,143771
1788641783.3585584,0,0,135675,143771
1788641783.3585823,1,0,135675,143771
1788641783.3585951,2,97,135037,143771
1788641783.3586054,3,0,4,143771
1788641784.4824457,0,0,135675,143771
1788641784.48247,1,0,135675,143771
1788641784.4824822,2,100,135037,143771
1788641784.4824927,3,0,4,143771
1788641785.6059284,0,0,135675,143771
1788641785.6059532,1,0,135675,143771
1788641785.6059656,2,100,135037,143771
1788641785.6059768,3,0,4,143771
1788641786.710019,0,0,135675,143771
1788641786.710042,1,0,135675,143771
1788641786.7100544,2,100,135037,143771
1788641786.7100658,3,0,4,143771
1788641787.7955387,0,0,135675,143771
1788641787.795562,1,0,135675,143771
1788641787.795574,2,100,135037,143771
1788641787.7955985,3,0,4,143771
1788641788.9220421,0,0,135675,143771
1788641788.9220657,1,0,135675,143771
1788641788.9220784,2,100,135037,143771
1788641788.9220886,3,0,4,143771
1788641790.0456665,0,0,135675,143771
1788641790.0456908,1,0,135675,143771
1788641790.0457034,2,100,135037,143771
1788641790.0457144,3,0,4,143771
1788641791.1710577,0,0,135675,143771
1788641791.1710825,1,0,135675,143771
1788641791.1710954,2,100,135037,143771
1788641791.1711066,3,0,4,143771
1788641792.2781994,0,0,135675,143771
1788641792.2782242,1,0,135675,143771
1788641792.2782364,2,100,135037,143771
1788641792.2782474,3,0,4,143771
1788641793.3818102,0,0,135675,143771
1788641793.3818343,1,0,135675,143771
1788641793.3818471,2,100,135037,143771
1788641793.3818579,3,0,4,143771
1788641794.4860852,0,0,135675,143771
1788641794.486109,1,0,135675,143771
1788641794.4861207,2,100,135037,143771
1788641794.4861317,3,0,4,143771
1788641795.6109588,0,0,135675,143771
1788641795.610983,1,0,135675,143771
1788641795.6109955,2,100,135037,143771
1788641795.611007,3,0,4,143771
1788641796.7185822,0,0,135675,143771
1788641796.718606,1,0,135675,143771
1788641796.7186186,2,100,135037,143771
1788641796.71863,3,0,4,143771
1788641797.8456397,0,0,135675,143771
1788641797.8456638,1,0,135675,143771
1788641797.8456767,2,100,135037,143771
1788641797.8456872,3,0,4,143771
1788641798.950604,0,0,135675,143771
1788641798.950627,1,0,135675,143771
1788641798.9506392,2,100,135037,143771
1788641798.950651,3,0,4,143771
1788641800.0745242,0,0,135675,143771
1788641800.0745482,1,0,135675,143771
1788641800.0745604,2,100,135037,143771
1788641800.0745716,3,0,4,143771
1788641801.2339833,0,0,135675,143771
1788641801.2340078,1,0,135675,143771
1788641801.2340202,2,100,135037,143771
1788641801.2340314,3,0,4,143771
1788641802.3620408,0,0,135675,143771
1788641802.3620646,1,0,135675,143771
1788641802.362077,2,100,135037,143771
1788641802.3620877,3,0,4,143771
1788641803.4852912,0,0,135675,143771
1788641803.485315,1,0,135675,143771
1788641803.4853272,2,100,135037,143771
1788641803.4853382,3,0,4,143771
1788641804.6108124,0,0,135675,143771
1788641804.6108363,1,0,135675,143771
1788641804.6108494,2,100,135037,143771
1788641804.6108608,3,0,4,143771
1788641805.7376478,0,0,135675,143771
1788641805.7376716,1,0,135675,143771
1788641805.7376845,2,100,135037,143771
1788641805.737696,3,0,4,143771
1788641806.8630598,0,0,135675,143771
1788641806.8630848,1,0,135675,143771
1788641806.8630972,2,100,135037,143771
1788641806.8631077,3,0,4,143771
1788641807.9516451,0,0,135675,143771
1788641807.9516685,1,0,135675,143771
1788641807.9516811,2,100,135037,143771
1788641807.9516912,3,0,4,143771
1788641809.078321,0,0,135675,143771
1788641809.078344,1,0,135675,143771
1788641809.0783567,2,100,135037,143771
1788641809.0783684,3,0,4,143771
1788641810.1674962,0,0,135675,143771
1788641810.1675203,1,0,135675,143771
1788641810.1675327,2,100,135037,143771
1788641810.1675434,3,0,4,143771
1788641811.2553096,0,0,135675,143771
1788641811.2553346,1,0,135675,143771
1788641811.2553477,2,73,135037,143771
1788641811.2553577,3,0,4,143771
1788641812.3623312,0,0,135675,143771
1788641812.362355,1,0,135675,143771
1788641812.362367,2,76,135037,143771
1788641812.362377,3,0,4,143771
1788641813.4907935,0,0,135675,143771
1788641813.4908175,1,0,135675,143771
1788641813.4908304,2,100,135037,143771
1788641813.4908416,3,0,4,143771
1788641814.5792189,0,0,135675,143771
1788641814.579243,1,0,135675,143771
1788641814.579256,2,100,135037,143771
1788641814.5792665,3,0,4,143771
1788641815.7073467,0,0,135675,143771
1788641815.7073715,1,0,135675,143771
1788641815.707384,2,100,135037,143771
1788641815.7073948,3,0,4,143771
1788641816.8348317,0,0,135675,143771
1788641816.8348565,1,0,135675,143771
1788641816.8348684,2,100,135037,143771
1788641816.8348792,3,0,4,143771
1788641817.9431188,0,0,135675,143771
1788641817.943143,1,0,135675,143771
1788641817.9431555,2,88,135037,143771
1788641817.9431667,3,0,4,143771
1788641819.0314713,0,0,135675,143771
1788641819.0314953,1,0,135675,143771
1788641819.0315077,2,100,135037,143771
1788641819.0315185,3,0,4,143771
1788641820.1385934,0,0,135675,143771
1788641820.1386175,1,0,135675,143771
1788641820.1386302,2,100,135037,143771
1788641820.138641,3,0,4,143771
1788641821.266465,0,0,135675,143771
1788641821.266489,1,0,135675,143771
1788641821.2665012,2,100,135037,143771
1788641821.2665126,3,0,4,143771
1788641822.3941238,0,0,135675,143771
1788641822.3941474,1,0,135675,143771
1788641822.3941593,2,87,135037,143771
1788641822.39417,3,0,4,143771
1788641823.503201,0,0,135675,143771
1788641823.5032246,1,0,135675,143771
1788641823.5032375,2,92,135037,143771
1788641823.5032485,3,0,4,143771
1788641824.5908918,0,0,135675,143771
1788641824.5909166,1,0,135675,143771
1788641824.5909293,2,84,135037,143771
1788641824.5909393,3,0,4,143771
1788641825.697707,0,0,135675,143771
1788641825.6977308,1,0,135675,143771
1788641825.6977437,2,100,135037,143771
1788641825.6977544,3,0,4,143771
1788641826.8228514,0,0,135675,143771
1788641826.822875,1,0,135675,143771
1788641826.8228877,2,100,135037,143771
1788641826.822899,3,0,4,143771
1788641827.951071,0,0,135675,143771
1788641827.951094,1,0,135675,143771
1788641827.9511054,2,95,135037,143771
1788641827.951116,3,0,4,143771
1788641829.0791278,0,0,135675,143771
1788641829.0791714,1,0,135675,143771
1788641829.0791833,2,100,135037,143771
1788641829.079194,3,0,4,143771
1788641830.2064035,0,0,135675,143771
1788641830.2064285,1,0,135675,143771
1788641830.2064414,2,100,135037,143771
1788641830.2064517,3,0,4,143771
1788641831.3340816,0,0,135675,143771
1788641831.3341062,1,0,135675,143771
1788641831.3341186,2,100,135037,143771
1788641831.3341296,3,0,4,143771
1788641832.4428728,0,0,135675,143771
1788641832.442897,1,0,135675,143771
1788641832.4429092,2,100,135037,143771
1788641832.4429204,3,0,4,143771
1788641833.531003,0,0,135675,143771
1788641833.5310264,1,0,135675,143771
1788641833.531039,2,100,135037,143771
1788641833.5310497,3,0,4,143771
1788641834.6579442,0,0,135675,143771
1788641834.6579719,1,0,135675,143771
1788641834.6579876,2,100,135037,143771
1788641834.6580002,3,0,4,143771
1788641835.7673223,0,0,135675,143771
1788641835.7673464,1,0,135675,143771
1788641835.7673585,2,100,135037,143771
1788641835.767369,3,0,4,143771
1788641836.893989,0,0,135675,143771
1788641836.8940132,1,0,135675,143771
1788641836.894026,2,100,135037,143771
1788641836.8940368,3,0,4,143771
1788641838.022773,0,0,135675,143771
1788641838.0227969,1,0,135675,143771
1788641838.0228088,2,100,135037,143771
1788641838.0228193,3,0,4,143771
1788641839.150521,0,0,135675,143771
1788641839.1505442,1,0,135675,143771
1788641839.150557,2,100,135037,143771
1788641839.1505675,3,0,4,143771
1788641840.2773645,0,0,135675,143771
1788641840.2773886,1,0,135675,143771
1788641840.2774007,2,100,135037,143771
1788641840.2774122,3,0,4,143771
1788641841.3631785,0,0,135675,143771
1788641841.3632023,1,0,135675,143771
1788641841.3632145,2,100,135037,143771
1788641841.3632264,3,0,4,143771
1788641842.4904256,0,0,135675,143771
1788641842.4904501,1,0,135675,143771
1788641842.490463,2,100,135037,143771
1788641842.490474,3,0,4,143771
1788641843.579112,0,0,135675,143771
1788641843.5791354,1,0,135675,143771
1788641843.5791478,2,100,135037,143771
1788641843.5791585,3,0,4,143771
1788641844.6867368,0,0,135675,143771
1788641844.6867604,1,0,135675,143771
1788641844.6867733,2,100,135037,143771
1788641844.686784,3,0,4,143771
1788641845.775672,0,0,135675,143771
1788641845.7756956,1,0,135675,143771
1788641845.7757082,2,100,135037,143771
1788641845.77572,3,0,4,143771
1788641846.8817139,0,0,135675,143771
1788641846.8817377,1,0,135675,143771
1788641846.8817503,2,100,135037,143771
1788641846.881761,3,0,4,143771
1788641847.986208,0,0,135675,143771
1788641847.986232,1,0,135675,143771
1788641847.9862447,2,100,135037,143771
1788641847.9862554,3,0,4,143771
1788641849.0952847,0,0,135675,143771
1788641849.0953083,1,0,135675,143771
1788641849.095321,2,100,135037,143771
1788641849.095332,3,0,4,143771
1788641850.202525,0,0,135675,143771
1788641850.2025487,1,0,135675,143771
1788641850.2025619,2,100,135037,143771
1788641850.2025728,3,0,4,143771
1788641851.3106947,0,0,135675,143771
1788641851.310719,1,0,135675,143771
1788641851.3107312,2,100,135037,143771
1788641851.310742,3,0,4,143771
1788641852.4387968,0,0,135675,143771
1788641852.4388206,1,0,135675,143771
1788641852.438833,2,100,135037,143771
1788641852.438857,3,0,4,143771
1788641853.5967443,0,0,135675,143771
1788641853.5967677,1,0,135675,143771
1788641853.5967796,2,100,135037,143771
1788641853.59679,3,0,4,143771
1788641854.7280219,0,0,135675,143771
1788641854.7280462,1,0,135675,143771
1788641854.7280583,2,100,135037,143771
1788641854.7280698,3,0,4,143771
1788641855.85517,0,0,135675,143771
1788641855.8551934,1,0,135675,143771
1788641855.8552065,2,100,135037,143771
1788641855.8552177,3,0,4,143771
1788641856.9813054,0,0,135675,143771
1788641856.9813294,1,0,135675,143771
1788641856.9813418,2,92,135037,143771
1788641856.981352,3,0,4,143771
1788641858.10593,0,0,135675,143771
1788641858.1059537,1,0,135675,143771
1788641858.1059666,2,100,135037,143771
1788641858.1059778,3,0,4,143771
1788641859.1952422,0,0,135675,143771
1788641859.1952658,1,0,135675,143771
1788641859.1952784,2,100,135037,143771
1788641859.1952894,3,0,4,143771
1788641860.2833776,0,0,135675,143771
1788641860.283402,1,0,135675,143771
1788641860.2834141,2,100,135037,143771
1788641860.2834246,3,0,4,143771
1788641861.4108982,0,0,135675,143771
1788641861.4109232,1,0,135675,143771
1788641861.4109359,2,100,135037,143771
1788641861.4109464,3,0,4,143771
1788641862.538212,0,0,135675,143771
1788641862.5382354,1,0,135675,143771
1788641862.5382476,2,100,135037,143771
1788641862.5382588,3,0,4,143771
1788641863.6665235,0,0,135675,143771
1788641863.6665478,1,0,135675,143771
1788641863.66656,2,100,135037,143771
1788641863.6665719,3,0,4,143771
1788641864.7551053,0,0,135675,143771
1788641864.7551296,1,0,135675,143771
1788641864.7551425,2,100,135037,143771
1788641864.7551532,3,0,4,143771
1788641865.8430054,0,0,135675,143771
1788641865.8430297,1,0,135675,143771
1788641865.8430421,2,97,135037,143771
1788641865.8430524,3,0,4,143771
1788641866.9311516,0,0,135675,143771
1788641866.9311748,1,0,135675,143771
1788641866.9311867,2,91,135037,143771
1788641866.9311976,3,0,4,143771
1788641868.0576613,0,0,135675,143771
1788641868.0576851,1,0,135675,143771
1788641868.0576978,2,100,135037,143771
1788641868.0577087,3,0,4,143771
1788641869.1813495,0,0,135675,143771
1788641869.1813736,1,0,135675,143771
1788641869.1813867,2,100,135037,143771
1788641869.1813972,3,0,4,143771
1788641870.3064554,0,0,135675,143771
1788641870.3064797,1,0,135675,143771
1788641870.3064914,2,100,135037,143771
1788641870.306502,3,0,4,143771
1788641871.4300532,0,0,135675,143771
1788641871.4301054,1,0,135675,143771
1788641871.4301183,2,100,135037,143771
1788641871.4301293,3,0,4,143771
1788641872.519662,0,0,135675,143771
1788641872.5196853,1,0,135675,143771
1788641872.5196984,2,100,135037,143771
1788641872.5197096,3,0,4,143771
1788641873.6467226,0,0,135675,143771
1788641873.6467469,1,0,135675,143771
1788641873.6467597,2,100,135037,143771
1788641873.646771,3,0,4,143771
1788641874.7734697,0,0,135675,143771
1788641874.773493,1,0,135675,143771
1788641874.773505,2,100,135037,143771
1788641874.7735155,3,0,4,143771
1788641875.879098,0,0,135675,143771
1788641875.8791213,1,0,135675,143771
1788641875.8791342,2,100,135037,143771
1788641875.879145,3,0,4,143771
1788641876.9868803,0,0,135675,143771
1788641876.986904,1,0,135675,143771
1788641876.986916,2,100,135037,143771
1788641876.986927,3,0,4,143771
1788641878.1133265,0,0,135675,143771
1788641878.1133509,1,0,135675,143771
1788641878.1133637,2,100,135037,143771
1788641878.1133752,3,0,4,143771
1788641879.2179399,0,0,135675,143771
1788641879.217965,1,0,135675,143771
1788641879.217977,2,100,135037,143771
1788641879.2179875,3,0,4,143771
1788641880.3113477,0,0,135675,143771
1788641880.3113723,1,0,135675,143771
1788641880.3113847,2,100,135037,143771
1788641880.3113954,3,0,4,143771
1788641881.4187343,0,0,135675,143771
1788641881.418759,1,0,135675,143771
1788641881.4187713,2,100,135037,143771
1788641881.4187825,3,0,4,143771
1788641882.5417094,0,0,135675,143771
1788641882.5417333,1,0,135675,143771
1788641882.5417466,2,100,135037,143771
1788641882.541757,3,0,4,143771
1788641883.6676035,0,0,135675,143771
1788641883.6676283,1,0,135675,143771
1788641883.6676407,2,100,135037,143771
1788641883.6676517,3,0,4,143771
1788641884.7757874,0,0,135675,143771
1788641884.775811,1,0,135675,143771
1788641884.7758234,2,100,135037,143771
1788641884.7758343,3,0,4,143771
1788641885.8829076,0,0,135675,143771
1788641885.8829322,1,0,135675,143771
1788641885.882945,2,100,135037,143771
1788641885.882956,3,0,4,143771
1788641886.991333,0,0,135675,143771
1788641886.9913564,1,0,135675,143771
1788641886.9913692,2,100,135037,143771
1788641886.9913797,3,0,4,143771
1788641888.1188376,0,0,135675,143771
1788641888.1188612,1,0,135675,143771
1788641888.1188738,2,100,135037,143771
1788641888.1188846,3,0,4,143771
1788641889.2471294,0,0,135675,143771
1788641889.2471535,1,0,135675,143771
1788641889.2471664,2,100,135037,143771
1788641889.2471771,3,0,4,143771
1788641890.3746734,0,0,135675,143771
1788641890.374697,1,0,135675,143771
1788641890.3747096,2,100,135037,143771
1788641890.3747206,3,0,4,143771
1788641891.5029175,0,0,135675,143771
1788641891.5029423,1,0,135675,143771
1788641891.5029542,2,100,135037,143771
1788641891.5029647,3,0,4,143771
1788641892.6308935,0,0,135675,143771
1788641892.6309173,1,0,135675,143771
1788641892.6309307,2,100,135037,143771
1788641892.6309419,3,0,4,143771
1788641893.760259,0,0,135675,143771
1788641893.7602825,1,0,135675,143771
1788641893.7602959,2,100,135037,143771
1788641893.7603068,3,0,4,143771
1788641894.8875453,0,0,135675,143771
1788641894.8875692,1,0,135675,143771
1788641894.887581,2,100,135037,143771
1788641894.8875916,3,0,4,143771
1788641895.9957807,0,0,135675,143771
1788641895.995805,1,0,135675,143771
1788641895.995817,2,100,135037,143771
1788641895.9958272,3,0,4,143771
1788641897.1033833,0,0,135675,143771
1788641897.103407,1,0,135675,143771
1788641897.1034193,2,100,135037,143771
1788641897.1034305,3,0,4,143771
1788641898.2314048,0,0,135675,143771
1788641898.2314281,1,0,135675,143771
1788641898.2314413,2,100,135037,143771
1788641898.2314525,3,0,4,143771
1788641899.3593354,0,0,135675,143771
1788641899.3593593,1,0,135675,143771
1788641899.3593724,2,100,135037,143771
1788641899.3593836,3,0,4,143771
1788641900.4872649,0,0,135675,143771
1788641900.4872885,1,0,135675,143771
1788641900.4873009,2,93,135037,143771
1788641900.4873118,3,0,4,143771
1788641901.5774832,0,0,135675,143771
1788641901.5775073,1,0,135675,143771
1788641901.5775201,2,91,135037,143771
1788641901.5775306,3,0,4,143771
1788641902.7029936,0,0,135675,143771
1788641902.7030175,1,0,135675,143771
1788641902.70303,2,94,135037,143771
1788641902.703041,3,0,4,143771
1788641903.7935941,0,0,135675,143771
1788641903.7936177,1,0,135675,143771
1788641903.7936301,2,100,135037,143771
1788641903.7936409,3,0,4,143771
1788641904.9192188,0,0,135675,143771
1788641904.9192424,1,0,135675,143771
1788641904.9192548,2,100,135037,143771
1788641904.9192657,3,0,4,143771
1788641906.0472462,0,0,135675,143771
1788641906.0472708,1,0,135675,143771
1788641906.0472836,2,100,135037,143771
1788641906.047295,3,0,4,143771
1788641907.1758265,0,0,135675,143771
1788641907.1758497,1,0,135675,143771
1788641907.1758623,2,100,135037,143771
1788641907.175873,3,0,4,143771
1788641908.3031206,0,0,135675,143771
1788641908.303145,1,0,135675,143771
1788641908.3031573,2,100,135037,143771
1788641908.3031685,3,0,4,143771
1788641909.4313905,0,0,135675,143771
1788641909.4314146,1,0,135675,143771
1788641909.4314275,2,100,135037,143771
1788641909.431438,3,0,4,143771
1788641910.519637,0,0,135675,143771
1788641910.5196607,1,0,135675,143771
1788641910.5196736,2,100,135037,143771
1788641910.5196843,3,0,4,143771
1788641911.6475167,0,0,135675,143771
1788641911.6475408,1,0,135675,143771
1788641911.6475527,2,100,135037,143771
1788641911.6475642,3,0,4,143771
1788641912.7551756,0,0,135675,143771
1788641912.7551994,1,0,135675,143771
1788641912.7552128,2,100,135037,143771
1788641912.7552235,3,0,4,143771
1788641913.9021246,0,0,135675,143771
1788641913.9021487,1,0,135675,143771
1788641913.9021611,2,100,135037,143771
1788641913.9021726,3,0,4,143771
1788641915.0309258,0,0,135675,143771
1788641915.030939,1,0,135675,143771
1788641915.0309463,2,100,135037,143771
1788641915.0309522,3,0,4,143771
1788641916.122065,0,0,135675,143771
1788641916.1220717,1,0,135675,143771
1788641916.1220758,2,100,135037,143771
1788641916.1220791,3,0,4,143771
1788641917.247599,0,0,135675,143771
1788641917.247604,1,0,135675,143771
1788641917.2476065,2,100,135037,143771
1788641917.2476137,3,0,4,143771
1788641918.3552523,0,0,135675,143771
1788641918.3552594,1,0,135675,143771
1788641918.355263,2,100,135037,143771
1788641918.3552663,3,0,4,143771
1788641919.4459481,0,0,135675,143771
1788641919.4459538,1,0,135675,143771
1788641919.445956,2,100,135037,143771
1788641919.4459584,3,0,4,143771
1788641920.5331595,0,0,135675,143771
1788641920.533172,1,0,135675,143771
1788641920.5331788,2,100,135037,143771
1788641920.5331855,3,0,4,143771
1788641921.6399028,0,0,135675,143771
1788641921.6399152,1,0,135675,143771
1788641921.639923,2,100,135037,143771
1788641921.6399305,3,0,4,143771
1788641922.7468312,0,0,135675,143771
1788641922.7468383,1,0,135675,143771
1788641922.746842,2,100,135037,143771
1788641922.746845,3,0,4,143771
1788641923.83846,0,0,135675,143771
1788641923.8384926,1,0,135675,143771
1788641923.8385124,2,100,135037,143771
1788641923.8385289,3,0,4,143771
1788641924.9484274,0,0,135675,143771
1788641924.9484348,1,0,135675,143771
1788641924.9484386,2,100,135037,143771
1788641924.9484417,3,0,4,143771
1788641926.0726829,0,0,135675,143771
1788641926.0727067,1,0,135675,143771
1788641926.0727186,2,0,135037,143771
1788641926.072729,3,0,4,143771
1788641927.1973002,0,0,135675,143771
1788641927.1973243,1,0,135675,143771
1788641927.197336,2,0,135037,143771
1788641927.1973455,3,0,4,143771
1788641928.3191118,0,0,135675,143771
1788641928.319136,1,0,135675,143771
1788641928.319148,2,0,135037,143771
1788641928.3191574,3,0,4,143771
